names,wkt_geom,type
1 Люстдорфской|1-я станция Люстдорфская|1-я Люстдорфская,POINT(30.72617 46.43777),station
1 Фонтана|1-я станция Фонтана|1-я Фонтана,POINT(30.74527 46.46101),station
10 Люстдорфской|10-я станция Люстдорфская|10-я Люстдорфская,POINT(30.72689 46.38552),station
10 Фонтана|10-я станция Фонтана|10-я Фонтана,POINT(30.75376 46.41463),station
11 Фонтана|11-я станция Фонтана|11-я Фонтана,POINT(30.75561 46.41068),station
12 Фонтана|12-я станция Фонтана|12-я Фонтана,POINT(30.75471 46.40507),station
13 Фонтана|13-я станция Фонтана|13-я Фонтана,POINT(30.75339 46.40259),station
14 Фонтана|14-я станция Фонтана|14-я Фонтана,POINT(30.74994 46.39787),station
15 Фонтана|15-я станция Фонтана|15-я Фонтана,POINT(30.74812 46.39503),station
16 Фонтана|16-я станция Фонтана|16-я Фонтана,POINT(30.74724 46.39174),station
2 Люстдорфской|2-я станция Люстдорфская|2-я Люстдорфская,POINT(30.72794 46.43207),station
2 Фонтана|2-я станция Фонтана|2-я Фонтана,POINT(30.74411 46.45444),station
3 Люстдорфской|3-я станция Люстдорфская|3-я Люстдорфская,POINT(30.72382 46.4258),station
3 Фонтана|3-я станция Фонтана|3-я Фонтана,POINT(30.74345 46.44899),station
4 Люстдорфской|4-я станция Люстдорфская|4-я Люстдорфская,POINT(30.72614 46.41778),station
4 Фонтана|4-я станция Фонтана|4-я Фонтана,POINT(30.7428 46.44354),station
5 Люстдорфской|5-я станция Люстдорфская|5-я Люстдорфская,POINT(30.72758 46.41392),station
5 Фонтана|5-я станция Фонтана|5-я Фонтана,POINT(30.74575 46.43785),station
6 Люстдорфской|6-я станция Люстдорфская|6-я Люстдорфская,POINT(30.73062 46.40556),station
6 Фонтана|6-я станция Фонтана|6-я Фонтана,POINT(30.74801 46.43367),station
7 Люстдорфской|7-я станция Люстдорфская|7-я Люстдорфская,POINT(30.73243 46.39988),station
7 Фонтана|7-я станция Фонтана|7-я Фонтана,POINT(30.75129 46.42716),station
8 Люстдорфской|8-я станция Люстдорфская|8-я Люстдорфская,POINT(30.7348 46.39406),station
8 Фонтана|8-я станция Фонтана|8-я Фонтана,POINT(30.75315 46.42319),station
9 Люстдорфской|9-я станция Люстдорфская|9-я Люстдорфская,POINT(30.73141 46.38664),station
9 Фонтана|9-я станция Фонтана|9-я Фонтана,POINT(30.75378 46.42005),station
Автостанция привоз|Автостанция старосенная,"POLYGON((30.7379 46.46671,30.73789 46.46661,30.73846 46.46658,30.73847 46.46668,30.7379 46.46671))",station
Аэропорт,"LINESTRING(30.67326 46.45219,30.67591 46.44435)",station
Аэропортовская,"LINESTRING(30.65926 46.45038,30.65923 46.446,30.6598 46.43937,30.65823 46.4391,30.65806 46.42936,30.65443 46.428,30.6505 46.42854)",station
ТЦ «Аэропортовский»|таврия аэропортовская,"POLYGON((30.68442 46.44792,30.68422 46.44885,30.68376 46.44872,30.68388 46.44788,30.68442 46.44792))",station
автовокзал,"POLYGON((30.70792 46.47652,30.70909 46.47645,30.70916 46.47759,30.70778 46.47751,30.70792 46.47652))",infrastructure
вокзал,"POLYGON((30.73803 46.46678,30.73882 46.46673,30.73883 46.46676,30.73803 46.46681,30.73803 46.46678))",infrastructure
Вокзальная,"LINESTRING(30.64726 46.4817,30.65491 46.47707)",street
ЖД вокзал,"POLYGON((30.74146 46.4689,30.74152 46.46876,30.74156 46.46876,30.7415 46.46891,30.74146 46.4689))",infrastructure
железнодорожный вокзал|вокзал|жд|жд вокзал,"POLYGON((30.74 46.46681,30.74012 46.46756,30.74131 46.46748,30.74134 46.46769,30.73993 46.46784,30.73973 46.46683,30.74 46.46681))",infrastructure
морвокзал,"POLYGON((30.74642 46.49128,30.74603 46.49094,30.74549 46.49047,30.74589 46.49025,30.74681 46.49107,30.74642 46.49128))",infrastructure
областная больница,"POLYGON((30.79068 46.58338,30.78951 46.5841,30.78697 46.58169,30.78872 46.58096,30.78902 46.58122,30.79019 46.58057,30.79054 46.58087,30.79129 46.5805,30.79273 46.58212,30.79068 46.58338))",infrastructure
Привокзальная пл.,"POLYGON((30.74137 46.46945,30.74163 46.46943,30.74137 46.46946,30.74137 46.46945))",infrastructure
Привокзальная площадь,"POLYGON((30.7409 46.46946,30.74029 46.46891,30.7406 46.46835,30.74134 46.46876,30.7409 46.46946))",infrastructure
Привокзальный сквер,"POLYGON((30.7412 46.46905,30.74058 46.4692,30.74039 46.46865,30.741 46.46852,30.7412 46.46905))",infrastructure
1-й Заливной,"LINESTRING(30.7248 46.5049,30.72479 46.50514)",street
10 Апреля,"POLYGON((30.75635 46.43979,30.75673 46.44061,30.75738 46.44046,30.75728 46.43961,30.75635 46.43979))",street
2 застава,POINT(30.68636 46.46634),landmark
2 столба|Два столба|2 столбов,"POLYGON((30.61548 46.48656,30.61781 46.4861,30.61694 46.4911,30.61485 46.49083,30.61538 46.4882,30.61516 46.48818,30.6153 46.48739,30.61499 46.4871,30.61548 46.48656))",street
Атамана Чепиги,"POLYGON((30.71999 46.49775,30.72116 46.50087,30.72068 46.50465,30.71999 46.49775))",street
Атриум,POINT(30.80841 46.58314),landmark
Афина,"POLYGON((30.73588 46.48256,30.73589 46.4832,30.73534 46.48323,30.73525 46.4825,30.73588 46.48256))",street
25я|25ая|Чапаевской дивизии|25 дивизии|25 чап|чапаевская|Инглези|Чепаевская,"LINESTRING(30.71507 46.41929,30.70676 46.42341,30.70545 46.4235,30.70364 46.42474,30.7004 46.42596,30.69677 46.42822,30.69489 46.43057)",street
411|411ая|411я|батарея,"LINESTRING(30.72452 46.3712,30.72392 46.37182)",street
7 км|7км,POINT(30.64027 46.44195),market
7 небо,"POLYGON((30.6382 46.45513,30.63389 46.45595,30.63325 46.45418,30.63367 46.45154,30.63465 46.45008,30.63254 46.44884,30.63336 46.44513,30.63726 46.44626,30.63647 46.44856,30.64212 46.45074,30.6453 46.45093,30.64483 46.45551,30.64137 46.45676,30.6382 46.45513))",street
7 Пересыпская,"LINESTRING(30.72091 46.53812,30.72578 46.53749)",street
7 самураев|Семь самураев|Сім самураїв,"POLYGON((30.71044 46.48767,30.70889 46.48842,30.70857 46.48812,30.70909 46.48693,30.70953 46.48667,30.71044 46.48767))",street
7-я Пересыпская,"LINESTRING(30.73231 46.53212,30.73209 46.53198)",street
8 марта,"LINESTRING(30.71387 46.54673,30.71536 46.54608,30.72103 46.5449,30.72587 46.54344)",street
STVOL,"POLYGON((30.7221 46.42351,30.72258 46.42321,30.72264 46.42325,30.72218 46.42354,30.7221 46.42351))",street
Абрикосовая,"LINESTRING(30.74409 46.39355,30.73995 46.4007)",street
Авиационная,"LINESTRING(30.72151 46.45267,30.7214 46.44542)",street
Аграрная,"POLYGON((30.71738 46.5518,30.7132 46.55088,30.71236 46.55041,30.71738 46.5518))",street
Агрономическая,"LINESTRING(30.69476 46.49053,30.69121 46.49015,30.68899 46.49038,30.68848 46.48949,30.68124 46.49016,30.67468 46.49406,30.65472 46.49599)",street
Адмиральский,"LINESTRING(30.72537 46.43771,30.74146 46.43618,30.74448 46.43726)",street
Азарова,"POLYGON((30.75944 46.46601,30.7593 46.46571,30.75968 46.46573,30.75966 46.466,30.75944 46.46601))",street
Академическая,"LINESTRING(30.75665 46.44057,30.74352 46.4425)",street
академия спорта,"POLYGON((30.66018 46.47382,30.6606 46.47374,30.65785 46.47544,30.65663 46.47326,30.6593 46.47276,30.66018 46.47382))",landmark
академия холода,"POLYGON((30.73206 46.48765,30.73084 46.48689,30.73216 46.48589,30.73241 46.48602,30.73217 46.48629,30.73231 46.48684,30.73274 46.48712,30.73206 46.48765))",landmark
Аккордная,"LINESTRING(30.69762 46.46076,30.69813 46.45698)",street
Александровский|Проспект Мира,"LINESTRING(30.73378 46.46998,30.7343 46.47357)",street
Аллея Славы,"LINESTRING(30.75959 46.47771,30.76115 46.47906)",street
Альтаировский|Альтаир,"MULTIPOLYGON(((30.72601 46.42186,30.72571 46.42282,30.72531 46.42276,30.72561 46.4218,30.72601 46.42186)),((30.72537 46.42377,30.72546 46.4235,30.72632 46.4237,30.72621 46.42391,30.72537 46.42377)))",street
Амбулаторная,"LINESTRING(30.7071 46.355,30.70226 46.35489)",street
Амурская,"LINESTRING(30.62265 46.48309,30.6303 46.47979)",street
Анатра|Вишневского|Генерала Вишневского,"LINESTRING(30.69507 46.43032,30.70181 46.42753)",street
Ангарская,"LINESTRING(30.61755 46.47348,30.61507 46.48568,30.6152 46.48625)",street
Андижон,"POLYGON((30.75839 46.43616,30.75795 46.43606,30.75803 46.43588,30.75847 46.43598,30.75839 46.43616))",street
Андреевского,"LINESTRING(30.71529 46.50099,30.71448 46.49869)",street
Арбузная,"LINESTRING(30.74264 46.41244,30.7448 46.41117)",street
аркадийская аллея,"POLYGON((30.76644 46.42846,30.76195 46.43039,30.76164 46.43066,30.76644 46.42846))",street
Аркадийский,"LINESTRING(30.75604 46.42739,30.76143 46.42475)",street
Аркадия,POINT(30.76097 46.43194),landmark
Аркадия Плаза,"POLYGON((30.7605 46.43133,30.7594 46.43033,30.761 46.42953,30.76151 46.42988,30.76146 46.43015,30.7605 46.43133))",street
Арт-Шат,"POLYGON((30.68041 46.44527,30.68041 46.4452,30.68067 46.4452,30.68067 46.44527,30.68041 46.44527))",street
Артезианская,"LINESTRING(30.69374 46.47269,30.6958 46.47183)",street
Артем,"POLYGON((30.75345 46.42946,30.75326 46.42999,30.75307 46.42994,30.75326 46.42941,30.75345 46.42946))",street
Артиллерийская,"LINESTRING(30.72865 46.45249,30.739 46.45057)",street
Архитекторская,"LINESTRING(30.71556 46.38316,30.72129 46.38449)",street
Архитектурная,"LINESTRING(30.74447 46.41401,30.7509 46.41461)",street
Ассоль,"POLYGON((30.76608 46.42793,30.76596 46.42768,30.76622 46.42752,30.7663 46.42788,30.76608 46.42793))",street
Асташкина,"POLYGON((30.72351 46.47902,30.724 46.47722,30.72502 46.47628,30.72351 46.47902))",street
Астрономическая,"LINESTRING(30.73812 46.42356,30.73514 46.42512)",street
Атамана Головатого,"MULTILINESTRING((30.72192 46.51077,30.72301 46.50201,30.7226 46.50068),(30.73352 46.53294,30.73263 46.53226),(30.7216 46.49778,30.72136 46.49723),(30.72173 46.49816,30.7216 46.49778),(30.73023 46.5293,30.72562 46.52226,30.72214 46.51323,30.72192 46.51077),(30.73222 46.53196,30.73023 46.5293),(30.73238 46.53209,30.73222 46.53196),(30.73263 46.53226,30.73238 46.53209),(30.7226 46.50068,30.72173 46.49816))",street
ахматовой,"LINESTRING(30.73869 46.40456,30.73978 46.40471)",street
Ашхабадская,"LINESTRING(30.64398 46.46893,30.64711 46.46676)",street
Аэродромная,"LINESTRING(30.62811 46.48291,30.63293 46.48062)",street
Б Арнаутская|Большая Арнаутская|Чкалова,"LINESTRING(30.72575 46.47366,30.72514 46.4737,30.75361 46.47169)",street
Бабушкина,"LINESTRING(30.73467 46.3927,30.74181 46.39076)",street
Багрицкого,"LINESTRING(30.7125 46.44719,30.7265 46.44046)",street
Бадаева,"LINESTRING(30.69967 46.49931,30.69824 46.50041,30.68943 46.50145)",street
Бажана,"LINESTRING(30.68812 46.45167,30.68549 46.45281)",street
база моряков,"POLYGON((30.7633 46.44165,30.76113 46.44073,30.76221 46.43814,30.76279 46.43783,30.76318 46.43788,30.76299 46.43823,30.76382 46.43844,30.76291 46.4399,30.76403 46.44068,30.7633 46.44165))",street
Байкальская,"LINESTRING(30.73417 46.38783,30.73313 46.38582)",street
Балковская|Фрунзе,"LINESTRING(30.70469 46.45452,30.70616 46.45494,30.70647 46.45873,30.70654 46.46808,30.70613 46.47507,30.70785 46.47965,30.70917 46.48574,30.71153 46.4883,30.71357 46.4919,30.71747 46.49639,30.72002 46.49722,30.72311 46.49715)",street
Бассейная,"LINESTRING(30.73233 46.45649,30.72937 46.45843)",street
Батуринская,"POLYGON((30.64381 46.47076,30.64828 46.46759,30.64906 46.46588,30.64381 46.47076))",street
Бахмутская,"LINESTRING(30.77733 46.57147,30.7836 46.58298)",street
Бахчевая,"LINESTRING(30.61911 46.46596,30.6258 46.46621)",street
Баштанная,"POLYGON((30.75219 46.41619,30.75 46.41299,30.74976 46.41227,30.75001 46.41092,30.75219 46.41619))",street
Белинского,"LINESTRING(30.75425 46.4745,30.75262 46.46773)",street
Береговая,"LINESTRING(30.65549 46.54534,30.65644 46.54422,30.65952 46.54239,30.66316 46.54264,30.66375 46.54236,30.66396 46.54184)",street
Березовка|Березівка,POINT(30.571 46.576),village
Бернардацци,"LINESTRING(30.75477 46.4197,30.75914 46.4149,30.76003 46.41354)",street
Берёзовая,"LINESTRING(30.7262 46.419,30.73343 46.41912)",street
Бессарабская,"POLYGON((30.64647 46.47334,30.64718 46.4736,30.64917 46.47272,30.64647 46.47334))",street
Бехтерева,"POLYGON((30.69549 46.49077,30.69531 46.48991,30.69828 46.48568,30.69549 46.49077))",street
Бирюкова,"LINESTRING(30.67227 46.4696,30.67179 46.46878)",street
Богдана Хмельницкого|Богдана,"LINESTRING(30.71355 46.46254,30.72703 46.47082,30.72773 46.47197)",street
Богуна,"LINESTRING(30.69266 46.4531,30.68918 46.44911)",street
Болгарская,"LINESTRING(30.72094 46.46394,30.71601 46.46077)",street
Болградская,"LINESTRING(30.64647 46.47334,30.6516 46.46974)",street
Большевик,"POLYGON((30.7204 46.53743,30.72111 46.53681,30.72191 46.53721,30.7214 46.53762,30.7204 46.53743))",street
Боровского,"LINESTRING(30.6729 46.48236,30.65424 46.48714,30.65415 46.48819,30.65364 46.48881,30.64801 46.49106)",street
Бортнянского,"LINESTRING(30.71326 46.44799,30.71928 46.44512)",street
Ботанический сад,"POLYGON((30.75975 46.44419,30.76097 46.4446,30.76178 46.44341,30.76444 46.44426,30.7637 46.44674,30.76155 46.44637,30.7615 46.44604,30.75903 46.4454,30.75975 46.44419))",street
бочарова,"LINESTRING(30.78689 46.59224,30.80233 46.58501,30.8122 46.58164)",street
Брестская,"LINESTRING(30.66892 46.4695,30.67468 46.46805)",street
Бреуса,"LINESTRING(30.7104 46.45072,30.72613 46.44317)",street
Бригадна,"LINESTRING(30.74118 46.4312,30.74966 46.42648)",street
БРСМ-Нафта,"POLYGON((30.61342 46.49304,30.61345 46.49287,30.61362 46.49289,30.61359 46.49305,30.61342 46.49304))",street
Бугаёвская|Бугаевка|Бугаевская,"LINESTRING(30.70648 46.47657,30.70535 46.47612,30.69648 46.47041,30.69543 46.46818,30.69478 46.46581)",street
бунина,"LINESTRING(30.73225 46.48161,30.74841 46.48047)",street
Буревестник,"POLYGON((30.7512 46.39303,30.75104 46.39304,30.75102 46.39254,30.75118 46.39253,30.7512 46.39303))",street
Бурлачья|бурлачка,"POLYGON((30.66474 46.35453,30.66164 46.35442,30.66185 46.35149,30.65063 46.35105,30.64942 46.35529,30.64579 46.35522,30.64617 46.3533,30.64595 46.35263,30.64555 46.35196,30.64422 46.35168,30.64352 46.35059,30.64448 46.34968,30.64544 46.34983,30.64582 46.34902,30.64535 46.34865,30.64502 46.34896,30.64522 46.34808,30.64629 46.34637,30.64703 46.34664,30.64893 46.34525,30.6504 46.34547,30.65055 46.34516,30.65097 46.34526,30.65183 46.34348,30.66181 46.33871,30.66199 46.32824,30.66902 46.32282,30.67765 46.3227,30.67686 46.32167,30.67714 46.32132,30.67683 46.32071,30.67733 46.32043,30.6769 46.31953,30.67829 46.31912,30.67889 46.32035,30.68226 46.32486,30.68111 46.32532,30.68009 46.32624,30.67869 46.3265,30.6782 46.3264,30.67767 46.3256,30.67637 46.3253,30.67601 46.32459,30.67495 46.32496,30.67328 46.32508,30.67203 46.32479,30.67006 46.32514,30.66997 46.32543,30.67084 46.32642,30.67066 46.32915,30.6715 46.32939,30.67264 46.33342,30.67091 46.33335,30.6706 46.33602,30.66828 46.33893,30.66764 46.34153,30.66704 46.34175,30.66683 46.34307,30.66324 46.34296,30.66322 46.34385,30.66284 46.34391,30.66373 46.34902,30.66568 46.3496,30.66474 46.35453))",street
Вадатурского,"LINESTRING(30.69804 46.4509,30.71306 46.44358,30.7127 46.44376)",street
Дом мебели,"POLYGON((30.70465 46.4433,30.70461 46.44292,30.7053 46.44288,30.70534 46.44326,30.70465 46.4433))",street
Ванный,"LINESTRING(30.75993 46.41273,30.7592 46.41257,30.75377 46.41471)",street
Варадеро,"POLYGON((30.75615 46.40251,30.75656 46.40236,30.75733 46.40311,30.75691 46.40321,30.75615 46.40251))",street
Варненская|Варянская,"LINESTRING(30.72526 46.43198,30.71082 46.42101,30.70884 46.41908,30.70836 46.41924)",street
ВДВ,"POLYGON((30.71807 46.42924,30.71837 46.42904,30.71855 46.42914,30.71824 46.42936,30.71807 46.42924))",street
великодолинское|Большая долина|Великодолинське,"POLYGON((30.5865 46.36185,30.58629 46.36346,30.58734 46.36593,30.58981 46.36848,30.58115 46.36218,30.57653 46.36197,30.57252 46.36025,30.56635 46.35249,30.56265 46.35043,30.55912 46.34953,30.55451 46.3437,30.55071 46.34643,30.55182 46.3406,30.55688 46.33653,30.53616 46.33327,30.53572 46.32643,30.55066 46.32631,30.55605 46.32454,30.57364 46.32681,30.58005 46.33594,30.58789 46.33022,30.59739 46.33044,30.60094 46.33528,30.60017 46.33922,30.59374 46.34469,30.58609 46.3537,30.58655 46.35583,30.58681 46.36062,30.5865 46.36185))",street
Венгера,"LINESTRING(30.71528 46.36227,30.71253 46.36027)",street
Веры Фигнер,"LINESTRING(30.71403 46.44313,30.71707 46.4462)",street
Веры Холодной,"LINESTRING(30.73071 46.48173,30.73218 46.48109)",street
Весенняя,"LINESTRING(30.71693 46.44759,30.71298 46.44365)",street
Вестерн,"POLYGON((30.76753 46.43073,30.76733 46.43047,30.7675 46.43031,30.76778 46.43042,30.76753 46.43073))",street
Весёлая,"LINESTRING(30.70827 46.35903,30.70818 46.36326)",street
Ветеранов,"POLYGON((30.78703 46.5597,30.79219 46.56013,30.79528 46.55947,30.78703 46.5597))",street
Ветрогонова,"LINESTRING(30.69631 46.49316,30.6996 46.48813)",street
Вечерний Баку,"POLYGON((30.71294 46.40346,30.71297 46.40331,30.71331 46.40336,30.71328 46.4035,30.71294 46.40346))",street
Виктория,"POLYGON((30.74772 46.47419,30.74756 46.47427,30.74754 46.47416,30.74769 46.47415,30.74772 46.47419))",street
Вильямса,"LINESTRING(30.73316 46.39015,30.72356 46.39143,30.70506 46.38858)",street
Винницкая,"LINESTRING(30.62422 46.47192,30.62436 46.46892)",street
Виноградная,"LINESTRING(30.63934 46.49564,30.63944 46.49185)",street
Вице-адмирала Жукова,"LINESTRING(30.77481 46.56821,30.77188 46.56255)",street
Вишнёвая,"LINESTRING(30.7685 46.56561,30.76695 46.56981)",street
Водопроводная,"LINESTRING(30.72937 46.45843,30.73827 46.46852)",street
Военный спуск,"LINESTRING(30.73599 46.48679,30.7371 46.48778,30.73737 46.49117)",street
Волна,"POLYGON((30.80192 46.58329,30.80254 46.58308,30.80278 46.58343,30.80235 46.58391,30.80192 46.58329))",street
Воробьева|Воробьёва,"LINESTRING(30.69599 46.49602,30.693 46.48052,30.6917 46.47952)",street
вузовский,"POLYGON((30.72692 46.41163,30.72701 46.41119,30.72731 46.41106,30.72746 46.41148,30.72692 46.41163))",street
Вымпел,"POLYGON((30.73163 46.43682,30.73158 46.43641,30.73178 46.43639,30.73189 46.43679,30.73163 46.43682))",street
высокий,"LINESTRING(30.72251 46.46491,30.72535 46.46279,30.72711 46.46223,30.73232 46.46188)",street
высоцкого,"LINESTRING(30.79976 46.58115,30.80905 46.57802)",street
Выставочная,"LINESTRING(30.69929 46.48152,30.69338 46.48197)",street
Вячеслава Черновола,"LINESTRING(30.74911 46.47195,30.74865 46.46901)",street
Гаваи,"POLYGON((30.76399 46.42934,30.76356 46.42942,30.76328 46.4291,30.76618 46.42826,30.76399 46.42934))",street
Гаванная,"LINESTRING(30.73587 46.4853,30.73599 46.48679)",street
Гагарина,"LINESTRING(30.73802 46.45181,30.75072 46.45698)",street
Гагаринн Плаза,"POLYGON((30.76179 46.43212,30.76132 46.43201,30.7615 46.43164,30.7623 46.43183,30.76212 46.4322,30.76179 46.43212))",street
гагаринское плато,"POLYGON((30.76676 46.43011,30.76711 46.43091,30.76463 46.43172,30.76529 46.43288,30.76295 46.43402,30.76155 46.43418,30.76046 46.43301,30.76676 46.43011))",street
Гайдара,"LINESTRING(30.7004 46.42596,30.71544 46.44246)",street
Гаркавого,"LINESTRING(30.7021 46.36021,30.70666 46.36029)",street
Геллера,"LINESTRING(30.74719 46.42384,30.7329 46.4318)",street
Ген Петрова|Генерала Петрова,"LINESTRING(30.69464 46.44214,30.69476 46.4405,30.69528 46.43901,30.69647 46.43735,30.69846 46.43573,30.71246 46.42953,30.72114 46.42395)",street
Генуэзская,"LINESTRING(30.75642 46.43956,30.75733 46.43838,30.75717 46.43897)",street
Гераневая,"POLYGON((30.73219 46.4353,30.73252 46.43564,30.73331 46.43948,30.73219 46.4353))",street
Героев Обороны|Сталинграда,"LINESTRING(30.78645 46.58176,30.77721 46.56504)",street
Героев Пограничников,"LINESTRING(30.73048 46.43602,30.73519 46.43377)",street
Гимназическая,"LINESTRING(30.7448 46.46794,30.74557 46.4722)",street
Глазунова,"LINESTRING(30.73151 46.42164,30.73415 46.42018)",street
Глиняная,"LINESTRING(30.71699 46.44265,30.71976 46.44125)",street
Глухой мост,"POLYGON((30.71679 46.49682,30.71691 46.49685,30.71685 46.49698,30.71673 46.49695,30.71679 46.49682))",infrastructure
глушко,"LINESTRING(30.70751 46.39706,30.73161 46.39972)",street
Говорова,"LINESTRING(30.74987 46.43868,30.74997 46.44492,30.74744 46.44934,30.74674 46.44976,30.7448 46.45203)",street
Гоголя,"LINESTRING(30.73563 46.48684,30.73562 46.48887)",street
Головковская,"LINESTRING(30.70856 46.47077,30.70857 46.4608)",street
Гольфстрим,"POLYGON((30.75967 46.55024,30.7598 46.55007,30.76022 46.55022,30.76011 46.55036,30.75967 46.55024))",street
гор сад|горсад,POINT(30.73433 46.4853),landmark
Горбатый,"POLYGON((30.70469 46.45452,30.705 46.45339,30.70517 46.45342,30.70478 46.45453,30.70469 46.45452))",street
горсовет,"POLYGON((30.74399 46.48542,30.74425 46.48556,30.74462 46.48535,30.744 46.48592,30.7435 46.48566,30.74399 46.48542))",street
Горячие перцы,"POLYGON((30.72262 46.40107,30.7224 46.40104,30.72247 46.40078,30.72269 46.40082,30.72262 46.40107))",street
Градоначальницкая,"LINESTRING(30.72133 46.48142,30.72167 46.48088)",street
Гранитная,"POLYGON((30.708 46.39799,30.70706 46.39826,30.70787 46.401,30.708 46.39799))",street
греческая,"LINESTRING(30.74854 46.48232,30.74814 46.48212,30.74851 46.48209)",street
Грузинская,"LINESTRING(30.65413 46.46517,30.65428 46.46342)",street
Грушевского,"LINESTRING(30.67674 46.48886,30.68869 46.48033,30.69189 46.47947,30.69689 46.47671,30.699 46.47649,30.70134 46.47695)",street
Гумилева,"LINESTRING(30.74088 46.38448,30.73661 46.38341)",street
Давида Бурлюка,"LINESTRING(30.75472 46.40506,30.74697 46.40396)",street
Давида Ойстраха,"LINESTRING(30.79309 46.5821,30.78876 46.58484)",street
Дальницкая,"LINESTRING(30.68571 46.46639,30.71354 46.46444)",street
Дальницкое шоссе,"LINESTRING(30.64367 46.47526,30.64429 46.4754,30.66385 46.4715)",street
дачное|Дачне,"POLYGON((30.56852 46.56427,30.56311 46.57009,30.55534 46.57621,30.55738 46.57728,30.56518 46.5827,30.55949 46.58701,30.55771 46.58695,30.55744 46.59422,30.55833 46.59978,30.55914 46.60211,30.55714 46.60519,30.55116 46.60299,30.54768 46.60231,30.54497 46.60235,30.54433 46.60066,30.54182 46.59707,30.53902 46.59536,30.53716 46.59268,30.53972 46.59,30.53548 46.58967,30.52786 46.5885,30.53613 46.5867,30.53992 46.58474,30.53053 46.58681,30.53022 46.58089,30.53425 46.57477,30.53893 46.57167,30.54275 46.57406,30.54637 46.57271,30.54458 46.56997,30.54312 46.56632,30.54077 46.56268,30.54351 46.56023,30.5447 46.55701,30.54549 46.55406,30.54485 46.55121,30.54746 46.5513,30.54712 46.55925,30.54884 46.56132,30.55377 46.56489,30.5583 46.56355,30.56143 46.56458,30.56593 46.56387,30.56852 46.56427))",landmark
Дворец Спорта,"POLYGON((30.75922 46.44621,30.75902 46.44622,30.75928 46.44573,30.76083 46.446,30.76064 46.44649,30.75922 46.44621))",landmark
Дворянская,"POLYGON((30.72549 46.48383,30.72557 46.48388,30.72548 46.48384,30.72549 46.48383))",street
Деволановская,"LINESTRING(30.74748 46.48523,30.74961 46.4854,30.75514 46.48332)",street
Деволановский спуск,"LINESTRING(30.74578 46.47773,30.74541 46.47923,30.74671 46.48449)",street
Дегтярная,"POLYGON((30.72239 46.48129,30.72331 46.47978,30.72644 46.47707,30.72239 46.48129))",street
Дельфин,"POLYGON((30.76877 46.45401,30.76854 46.45399,30.76812 46.45474,30.76844 46.45654,30.76867 46.45655,30.76877 46.45401))",landmark
Дельфинарий Немо|Немо,"POLYGON((30.76498 46.47722,30.76508 46.47689,30.76541 46.4769,30.76538 46.47717,30.76498 46.47722))",street
Демченко,"POLYGON((30.7213 46.37502,30.71766 46.37348,30.71506 46.37268,30.7213 46.37502))",street
Дерби,POINT(30.81651 46.57093),landmark
Деревянко,"POLYGON((30.70507 46.44248,30.70373 46.44303,30.70305 46.44259,30.70488 46.44151,30.70549 46.44154,30.70574 46.44207,30.70507 46.44248))",street
Державина,"LINESTRING(30.77459 46.56255,30.7745 46.56239)",street
Дерибасовская,"LINESTRING(30.74504 46.48364,30.73264 46.48453)",street
десантный|десантний,"POLYGON((30.79399 46.57367,30.7927 46.5741,30.78938 46.57668,30.79399 46.57367))",street
Дидрихсона,"LINESTRING(30.71083 46.48267,30.71925 46.48335,30.71991 46.48374)",street
Дмитриевская,"LINESTRING(30.72634 46.41799,30.73972 46.41873,30.74217 46.41968,30.74302 46.41947)",street
Донского,"LINESTRING(30.74302 46.41947,30.74558 46.41841,30.75203 46.41655)",street
Днепро|Семёна Палия|днепродорога,"LINESTRING(30.78881 46.56594,30.80774 46.59249,30.80751 46.59303)",street
Днепровская,"LINESTRING(30.77721 46.56504,30.77398 46.55918)",street
Днестровская,"LINESTRING(30.66494 46.46586,30.66603 46.46846)",street
Добровольского|Добро,"LINESTRING(30.77194 46.55734,30.78514 46.58167,30.80259 46.59534)",street
Довженко,"LINESTRING(30.75235 46.45471,30.75915 46.45705)",street
Доковая,"POLYGON((30.7372 46.43658,30.73684 46.43448,30.73907 46.43319,30.7372 46.43658))",street
Долгая,"LINESTRING(30.73397 46.39922,30.73636 46.39727,30.73939 46.39414,30.74131 46.3918,30.74284 46.3891,30.74434 46.38834,30.74603 46.38622)",street
Долинская,"LINESTRING(30.72987 46.53492,30.72418 46.53191)",street
Дом офицеров,"POLYGON((30.75107 46.46355,30.7515 46.46353,30.75153 46.46386,30.75089 46.46389,30.75107 46.46355))",street
Дом Руссова,"POLYGON((30.7314 46.48495,30.73214 46.48473,30.73219 46.48503,30.73211 46.48489,30.7314 46.48495))",street
Донецкая,"LINESTRING(30.77802 46.56484,30.7759 46.56095)",street
Донорская,"POLYGON((30.74116 46.45338,30.74053 46.45407,30.73858 46.45423,30.74116 46.45338))",street
Дорожная,"LINESTRING(30.69303 46.50089,30.69371 46.50449)",street
Дофиновка,"POLYGON((30.9142 46.57441,30.91678 46.57429,30.91798 46.57571,30.92351 46.5773,30.92675 46.57886,30.92456 46.58283,30.92148 46.5873,30.91451 46.58873,30.90665 46.59195,30.8996 46.59136,30.90003 46.58678,30.90109 46.58154,30.90362 46.57801,30.90454 46.57412,30.89977 46.5726,30.9142 46.57441))",street
Дубовая,"POLYGON((30.6971 46.44557,30.69575 46.44403,30.6957 46.44217,30.6971 46.44557))",street
Думская,"POLYGON((30.74335 46.48573,30.74348 46.48566,30.74415 46.48609,30.74332 46.48605,30.74335 46.48573))",street
Дунайская,"LINESTRING(30.61883 46.47246,30.61905 46.46954)",street
Дюк,"POLYGON((30.74156 46.48609,30.74132 46.48611,30.74129 46.48595,30.74154 46.48594,30.74156 46.48609))",street
Дюковская,"LINESTRING(30.71131 46.4811,30.71048 46.48485)",street
Дюковский,"POLYGON((30.7 46.48027,30.70735 46.47984,30.70806 46.48395,30.7077 46.48438,30.70404 46.4856,30.70262 46.48417,30.7 46.48027))",street
Еврейская,"LINESTRING(30.74803 46.47757,30.73185 46.47872)",street
Екатерининская|европейская,"LINESTRING(30.73885 46.4841,30.73898 46.48508,30.73644 46.46789)",street
Елизаветинская|Елисаветинская,"LINESTRING(30.72802 46.49096,30.73299 46.48701)",street
Епицентр,"POLYGON((30.79634 46.57582,30.79647 46.57577,30.79663 46.57599,30.7965 46.57604,30.79634 46.57582))",street
Ефимова,"LINESTRING(30.71449 46.45279,30.71414 46.44892,30.71022 46.44497)",street
Жаботинского,"LINESTRING(30.74055 46.42977,30.73146 46.42197,30.73164 46.42004)",street
Жасминная,"LINESTRING(30.73874 46.41986,30.73567 46.4215)",street
Жванецкого,"LINESTRING(30.72851 46.4938,30.73359 46.49127,30.73561 46.49071)",street
Жевахова,"MULTILINESTRING((30.72752 46.53722,30.72323 46.5414),(30.73423 46.53662,30.7296 46.53718),(30.7279 46.53744,30.72098 46.54418,30.71741 46.54532),(30.72323 46.5414,30.72176 46.54288),(30.7296 46.53718,30.7279 46.53744))",street
Желябова,"POLYGON((30.69784 46.45943,30.69834 46.45924,30.70502 46.45921,30.69784 46.45943))",street
Жемчужная,"LINESTRING(30.70632 46.38063,30.71049 46.38151,30.71175 46.3815,30.71343 46.38272,30.71467 46.38277,30.71556 46.38316)",street
Житкова,"LINESTRING(30.66632 46.47495,30.66769 46.47473,30.67159 46.47519,30.67316 46.47395)",street
Житомирская,"LINESTRING(30.68458 46.45808,30.68312 46.45918,30.68128 46.45968,30.6578 46.46241,30.65321 46.46247)",street
ЖК Манхеттен,"POLYGON((30.72567 46.43175,30.72563 46.43172,30.72576 46.43167,30.72567 46.43175))",street
Жолио Кюри,"LINESTRING(30.77258 46.5663,30.77354 46.5685,30.77788 46.58526,30.79022 46.5955)",street
Жукова|небесной|маршала Жукова,"LINESTRING(30.70768 46.39686,30.70928 46.40067,30.71507 46.41929)",street
жуковского,"LINESTRING(30.74819 46.47904,30.73173 46.48009)",street
Жюли Лассан|макаренко,"POLYGON((30.74404 46.39494,30.74446 46.39418,30.74523 46.39431,30.74506 46.39591,30.74404 46.39494))",street
Заболотного,"LINESTRING(30.77673 46.58547,30.7847 46.58254,30.78493 46.58218,30.79738 46.57714)",street
Закарпатская,"LINESTRING(30.71082 46.55123,30.71156 46.551,30.71607 46.54782,30.71963 46.54784,30.72161 46.5489)",street
заливной|1й заливной,"LINESTRING(30.72263 46.50474,30.72477 46.50483)",street
Залюбки,"POLYGON((30.74309 46.40092,30.74307 46.40098,30.74276 46.40093,30.74278 46.40088,30.74309 46.40092))",street
Заньковецкой|Занковецкая,"LINESTRING(30.70682 46.45916,30.70649 46.45919)",street
Запорожская,"LINESTRING(30.71696 46.46713,30.72094 46.46394)",street
Заречная,"LINESTRING(30.76105 46.41767,30.75917 46.41869)",street
Заславского,"LINESTRING(30.72947 46.47631,30.72885 46.472)",street
Затерянный мир,"POLYGON((30.73955 46.40971,30.73963 46.40941,30.74089 46.40955,30.74081 46.40986,30.73955 46.40971))",street
затока,POINT(30.4503 46.0642),landmark
Затока,POINT(30.45033 46.06396),town
Затонского|ойстраха,"LINESTRING(30.78236 46.5889,30.78876 46.58484)",street
Звёздная,"LINESTRING(30.76508 46.57036,30.77042 46.57101)",street
Звёздный|Звездный,"POLYGON((30.78236 46.57431,30.78183 46.57336,30.78474 46.57259,30.78533 46.5735,30.78236 46.57431))",street
Зелёная Балка,"POLYGON((30.69911 46.35655,30.69893 46.35719,30.69902 46.35809,30.69911 46.35655))",street
Зелёная Горка,"LINESTRING(30.69643 46.3557,30.69721 46.35479)",street
Зерновая,"LINESTRING(30.61875 46.46764,30.62541 46.46797)",street
Зерновой,"LINESTRING(30.74033 46.53867,30.74015 46.53851,30.74035 46.53865)",street
Зои Космодемьянской,"LINESTRING(30.69606 46.34968,30.69588 46.35179,30.6914 46.35159)",street
Золотий берег,"LINESTRING(30.74727 46.39015,30.74827 46.38905,30.74935 46.38853,30.75181 46.38857,30.75082 46.38818,30.75157 46.38722)",street
ЗОНТ,"POLYGON((30.70772 46.39323,30.70735 46.39202,30.70834 46.39184,30.70845 46.39217,30.70775 46.39227,30.70795 46.39285,30.70864 46.39274,30.70875 46.39307,30.70772 46.39323))",street
ЗОР|зором|роял пицца,"LINESTRING(30.72629 46.51777,30.72641 46.51812)",street
Зоринская,"LINESTRING(30.69907 46.48008,30.693 46.48052)",street
ибица,"POLYGON((30.76675 46.42755,30.76765 46.42816,30.76745 46.42843,30.76628 46.42818,30.76675 46.42755))",street
Ивана Франко,"LINESTRING(30.74103 46.43347,30.74349 46.43214)",street
Ивановский|ивановскому,"LINESTRING(30.68929 46.46019,30.68701 46.45898,30.68241 46.45727)",street
Иверский монастырь,"POLYGON((30.71096 46.40663,30.71094 46.40657,30.71083 46.4063,30.71087 46.40629,30.71096 46.40663))",landmark
Игоря Иванова,"LINESTRING(30.67179 46.46878,30.67106 46.46743)",street
Идеал,"POLYGON((30.69664 46.47019,30.69708 46.46986,30.69871 46.47087,30.69827 46.47121,30.69664 46.47019))",street
Известковая|вапняна,"LINESTRING(30.70997 46.49323,30.711 46.49461,30.70993 46.49591,30.70996 46.49729,30.70667 46.50138,30.69325 46.50586,30.69234 46.50642,30.69039 46.50852,30.69006 46.51017,30.68382 46.50902,30.67958 46.51125,30.67536 46.51071,30.67436 46.51084)",street
Ильичевск|Ильич|Черноморск|Чорноморск|Ильичёвск|Илич,"POLYGON((30.66313 46.29496,30.66356 46.2967,30.66521 46.29949,30.66727 46.30233,30.67119 46.30674,30.67081 46.30734,30.6658 46.30783,30.66041 46.31084,30.65178 46.31679,30.64629 46.32017,30.63991 46.31906,30.63523 46.31757,30.63409 46.31312,30.63493 46.30719,30.63944 46.30866,30.64174 46.30527,30.62652 46.30486,30.63521 46.30361,30.63514 46.30144,30.63641 46.30139,30.63679 46.30347,30.63858 46.30333,30.63882 46.3026,30.63974 46.30261,30.63968 46.30164,30.63602 46.29647,30.631 46.29538,30.63614 46.29346,30.64416 46.29373,30.64467 46.28857,30.6455 46.28788,30.64504 46.28506,30.6454 46.28313,30.64806 46.28326,30.64914 46.28366,30.65259 46.28266,30.65389 46.28429,30.65745 46.28727,30.65925 46.28795,30.66199 46.28797,30.6631 46.28856,30.66098 46.28874,30.6611 46.28967,30.66217 46.29027,30.66371 46.28854,30.66456 46.28933,30.66342 46.28965,30.66287 46.29037,30.66359 46.29307,30.66313 46.29496))",town
ильфа,"LINESTRING(30.71556 46.38316,30.71401 46.38642,30.71394 46.38725,30.71594 46.39439,30.713 46.40527)",street
Инбер,"LINESTRING(30.75508 46.47359,30.75887 46.47264)",street
Институт Филатова,"POLYGON((30.76017 46.45532,30.76112 46.45323,30.76407 46.45397,30.76411 46.45506,30.76467 46.45512,30.76391 46.45629,30.76017 46.45532))",landmark
Инто-Сана,"POLYGON((30.722 46.40607,30.72228 46.40611,30.72222 46.40634,30.72194 46.40631,30.722 46.40607))",street
Интосана,"POLYGON((30.72472 46.43199,30.72443 46.43219,30.72373 46.43179,30.72391 46.43166,30.72472 46.43199))",street
Иосифа Тимченко,"POLYGON((30.74025 46.38745,30.74054 46.38727,30.74537 46.38717,30.74025 46.38745))",street
Ипподром,"POLYGON((30.73832 46.44503,30.73812 46.44447,30.73855 46.44499,30.73832 46.44503))",street
Испанская,"LINESTRING(30.6899 46.4782,30.6956 46.4747)",street
Итака,"POLYGON((30.76784 46.42908,30.76754 46.42887,30.76766 46.42859,30.76805 46.42898,30.76784 46.42908))",street
Итальянский бульвар,"LINESTRING(30.73827 46.46852,30.7406 46.46835)",street
Июльская,"LINESTRING(30.651 46.46749,30.65104 46.46329)",street
Кавказская,"LINESTRING(30.71397 46.55285,30.71448 46.55071)",street
Казанская,"LINESTRING(30.62084 46.46875,30.6206 46.4725)",street
Кактус,"POLYGON((30.71425 46.38751,30.71449 46.38765,30.71435 46.38777,30.71411 46.38762,30.71425 46.38751))",street
Калетон,"POLYGON((30.76946 46.45168,30.76888 46.45165,30.76891 46.45131,30.77026 46.45055,30.76969 46.45089,30.76946 46.45168))",street
Калиновая,"LINESTRING(30.75699 46.42984,30.75619 46.43102)",street
Каманина,"LINESTRING(30.76559 46.42744,30.76262 46.42587,30.76039 46.42378,30.75537 46.42242,30.75302 46.42351)",street
Камышовая,"POLYGON((30.69512 46.35667,30.6958 46.35552,30.69626 46.35386,30.69512 46.35667))",street
Канатная,"LINESTRING(30.74413 46.4545,30.74862 46.48194)",street
Кандинский,"POLYGON((30.76424 46.45093,30.76354 46.45085,30.76344 46.45067,30.76353 46.45056,30.76424 46.45093))",street
Кандинского,"LINESTRING(30.67443 46.46752,30.67147 46.46819)",street
Канцмаркет,"POLYGON((30.748 46.47518,30.74771 46.4752,30.7477 46.47513,30.74799 46.47508,30.748 46.47518))",street
Капитана Кузнецова,"LINESTRING(30.77967 46.56293,30.78314 46.56929)",street
Карантинная,"LINESTRING(30.74618 46.47625,30.74665 46.47914)",street
Карантинный спуск,"POLYGON((30.74671 46.48449,30.74662 46.48459,30.74648 46.48462,30.74671 46.48449))",street
Каркашадзе,"POLYGON((30.75293 46.46619,30.75262 46.46672,30.75187 46.46642,30.75246 46.46654,30.75293 46.46619))",street
Карпатская,"LINESTRING(30.64511 46.46569,30.6452 46.46297)",street
Картамышевская,"LINESTRING(30.71674 46.47015,30.70856 46.47077)",street
Карышковского,"POLYGON((30.71902 46.53679,30.72063 46.53779,30.72323 46.5414,30.71902 46.53679))",street
Качалова,"LINESTRING(30.68922 46.44384,30.69456 46.44397)",street
Качинского,"LINESTRING(30.74504 46.48364,30.74482 46.48221)",street
Каштановая,"LINESTRING(30.74653 46.44198,30.74628 46.44132)",street
Керченская,"LINESTRING(30.78216 46.56368,30.77425 46.5598,30.78705 46.57252)",street
Кибальчича,"POLYGON((30.71636 46.44201,30.7193 46.44498,30.71928 46.44512,30.71636 46.44201))",street
киностудия,"POLYGON((30.75682 46.45978,30.75728 46.45922,30.75763 46.45952,30.75739 46.45981,30.75682 46.45978))",street
Кирпичная,"LINESTRING(30.67281 46.5123,30.67122 46.51188)",street
Китобойная,"LINESTRING(30.74447 46.41401,30.74427 46.41488,30.74274 46.41494,30.72781 46.41359)",street
Кишинёвская,"LINESTRING(30.78316 46.56265,30.78191 46.56381,30.77261 46.56623)",street
Клеверный,POINT(30.61422 46.51576),landmark
Кленовая,"LINESTRING(30.7465 46.44105,30.74753 46.44076)",street
Клиновая,"POLYGON((30.65208 46.47007,30.64587 46.46596,30.64426 46.46539,30.65208 46.47007))",street
клюшка,"POLYGON((30.72013 46.4168,30.72011 46.41678,30.72031 46.41671,30.72013 46.4168))",street
книжка,"POLYGON((30.73477 46.47839,30.7346 46.47714,30.73502 46.47711,30.7352 46.47836,30.73477 46.47839))",street
Княжеская,"POLYGON((30.7195 46.49312,30.71949 46.49312,30.71944 46.49297,30.71945 46.49297,30.7195 46.49312))",street
Ковалевского,"LINESTRING(30.7199 46.36845,30.72089 46.36762,30.72679 46.3705,30.72757 46.37062,30.74013 46.37944,30.74517 46.38488,30.74603 46.38622,30.74613 46.39048)",street
Колоническая,"LINESTRING(30.69974 46.46541,30.70015 46.46798)",street
Колоннада,"POLYGON((30.73836 46.49071,30.73863 46.49065,30.73871 46.49068,30.73855 46.49076,30.73836 46.49071))",street
Колонтаевская,"LINESTRING(30.72364 46.47549,30.70703 46.47662)",street
Кольцевая,"POLYGON((30.74702 46.42005,30.74469 46.41735,30.74557 46.41531,30.74651 46.41419,30.74702 46.42005))",street
Комарова,"LINESTRING(30.72118 46.42398,30.71507 46.41929)",street
Комитетская,"LINESTRING(30.71385 46.46823,30.72021 46.47285)",street
комсомольская|cтаропортофранковская,"LINESTRING(30.72005 46.49541,30.71874 46.49053,30.71882 46.48973,30.72276 46.47735,30.72364 46.47549,30.72575 46.47366,30.7258 46.47313,30.72773 46.47197,30.72828 46.47039,30.7282 46.46898,30.73038 46.46872)",street
Кондрашина,"LINESTRING(30.74898 46.42897,30.74742 46.43189)",street
Кондренко,"LINESTRING(30.69277 46.45306,30.69333 46.4537)",street
Конная,"LINESTRING(30.72957 46.49181,30.72099 46.48684)",street
Корвин,"POLYGON((30.73734 46.48501,30.73736 46.4851,30.73717 46.48512,30.73715 46.48498,30.73734 46.48501))",street
Кордонная|кардоная,"LINESTRING(30.69804 46.4509,30.6831 46.4572)",street
Коровицкого,"LINESTRING(30.68982 46.50225,30.68812 46.49848,30.68776 46.49402,30.68621 46.48968)",street
королева|королёва,"LINESTRING(30.72129 46.38449,30.72238 46.38519,30.72367 46.39191,30.72386 46.39139,30.72398 46.39189,30.7242 46.39421,30.72369 46.39825,30.72337 46.39854,30.72028 46.41052,30.72009 46.41226,30.72049 46.41391,30.72169 46.4159,30.72492 46.41833)",street
Косвенная,"LINESTRING(30.71264 46.46821,30.71135 46.47484,30.71195 46.47765,30.71132 46.47765,30.71164 46.4811)",street
Космонавтов,"LINESTRING(30.72511 46.43773,30.70503 46.42422)",street
Косовская,"LINESTRING(30.72152 46.45425,30.7275 46.45427)",street
Костанди,"LINESTRING(30.71355 46.40332,30.71914 46.40403,30.72106 46.40506,30.72175 46.40514,30.72268 46.40452,30.7557 46.40865)",street
Кострова,"LINESTRING(30.68384 46.44558,30.68679 46.44578)",street
Котляревского,"LINESTRING(30.67335 46.49425,30.67901 46.49736)",street
Крайняя,"LINESTRING(30.64441 46.46295,30.64367 46.47526)",street
Красивая,"POLYGON((30.69866 46.34783,30.69871 46.34842,30.69904 46.34844,30.69866 46.34783))",street
Красная,"POLYGON((30.76324 46.55384,30.76135 46.55652,30.76093 46.55682,30.76324 46.55384))",street
Краснова,"LINESTRING(30.72869 46.4302,30.72938 46.43043,30.73327 46.44932,30.73489 46.45059,30.73788 46.45174)",street
Красноселка,POINT(30.77614 46.62357),town
Краснослободская,"LINESTRING(30.69503 46.49064,30.70459 46.4936,30.70723 46.4938,30.71105 46.49308)",street
красный крест|кр крест,POINT(30.72885 46.45375),landmark
Краян,"POLYGON((30.66169 46.4334,30.66373 46.4334,30.66381 46.43592,30.66228 46.43591,30.66235 46.43372,30.66141 46.43375,30.66141 46.43342,30.66169 46.4334))",street
крематорий,"POLYGON((30.68887 46.39265,30.6892 46.39268,30.68918 46.39281,30.68891 46.39285,30.68887 46.39265))",street
Кренкеля,"POLYGON((30.76183 46.45152,30.76463 46.45204,30.76384 46.4539,30.76183 46.45152))",street
Кривобалковская,"LINESTRING(30.69562 46.49082,30.6986 46.4862)",street
Крушельницкого,"LINESTRING(30.6802 46.4924,30.67519 46.49522)",street
Крыжановка|5ая крыжановка,POINT(30.78901 46.56594),landmark
Крыжановка|Крижанівка,POINT(30.79197 46.5621),village
Крылова,"POLYGON((30.69592 46.49572,30.69639 46.49543,30.7004 46.48931,30.69592 46.49572))",street
Крым,"POLYGON((30.76911 46.43127,30.76935 46.4312,30.76955 46.43153,30.76923 46.43145,30.76911 46.43127))",street
Крымская,"LINESTRING(30.78705 46.57253,30.79065 46.57893)",street
Кузнечная,"LINESTRING(30.72249 46.48264,30.73063 46.47622)",street
Куйбышева|Старорезничная,"LINESTRING(30.73685 46.47052,30.73078 46.471)",street
Куликово поле,"POLYGON((30.74229 46.46783,30.74203 46.46765,30.74156 46.46489,30.74578 46.46478,30.74601 46.46661,30.74422 46.46785,30.74229 46.46783))",street
Куницы,"LINESTRING(30.69044 46.48622,30.68986 46.4831)",street
Куприна,"LINESTRING(30.75395 46.41163,30.75351 46.41088,30.75078 46.41102,30.73945 46.40971)",street
Курганная,"LINESTRING(30.61967 46.47356,30.61993 46.4687)",street
Курсантская лестница,"LINESTRING(30.70879 46.48343,30.71064 46.48365)",street
Курская,"LINESTRING(30.77199 46.56102,30.77564 46.56799)",street
Кустанайская,"LINESTRING(30.66161 46.46197,30.66225 46.46456)",street
Куяльник,"LINESTRING(30.72792 46.55968,30.72737 46.56036,30.72711 46.56118,30.72731 46.5614,30.7269 46.56158,30.7267 46.56136,30.72711 46.56118)",street
куяльник,POINT(30.73536 46.55665),landmark
Куяльницкий мост,"POLYGON((30.73456 46.55632,30.73458 46.55628,30.73524 46.55644,30.73512 46.55668,30.73445 46.55652,30.73456 46.55632))",infrastructure
Лавочная,"POLYGON((30.70228 46.49776,30.70492 46.49464,30.70522 46.49366,30.70228 46.49776))",street
Лазарева,"LINESTRING(30.72756 46.46617,30.7176 46.45978,30.71621 46.45948)",street
Ланжерон,"POLYGON((30.76453 46.4716,30.76506 46.4715,30.76328 46.4688,30.76316 46.46945,30.76453 46.4716))",street
Ланжероновская,"LINESTRING(30.74471 46.48472,30.73587 46.4853)",street
Латвийский спуск,"LINESTRING(30.70665 46.49742,30.70932 46.49493)",street
Левадная,"POLYGON((30.70321 46.49068,30.70032 46.48925,30.69937 46.48775,30.70321 46.49068))",street
Левитана,"LINESTRING(30.69309 46.40778,30.70496 46.40895,30.70538 46.4072,30.71059 46.40489,30.72987 46.40764)",street
Левкойная,"POLYGON((30.73643 46.42215,30.74044 46.41993,30.74105 46.41913,30.73643 46.42215))",street
Леонтовича,"LINESTRING(30.75328 46.47022,30.75262 46.46773)",street
Леси Украинки,"LINESTRING(30.77739 46.56205,30.77956 46.56613)",street
Летний театр,"POLYGON((30.77188 46.55653,30.77226 46.55621,30.77265 46.55629,30.7724 46.55671,30.77188 46.55653))",landmark
Летняя,"LINESTRING(30.69371 46.50449,30.69309 46.50437)",street
Лидерсовский бульвар,"POLYGON((30.75378 46.47233,30.75529 46.47379,30.75537 46.47446,30.75678 46.47508,30.75952 46.47754,30.75378 46.47233))",street
Лиманная,"LINESTRING(30.72463 46.56522,30.72619 46.56126,30.72788 46.55921,30.73306 46.55794,30.73494 46.55624,30.73622 46.55654)",street
Лиманчик,"POLYGON((30.70505 46.52399,30.7055 46.52349,30.70677 46.52403,30.70632 46.52453,30.70505 46.52399))",street
Лиственная,"LINESTRING(30.69877 46.50012,30.69852 46.49897)",street
Литературная,"MULTILINESTRING((30.76207 46.41953,30.76035 46.42003),(30.75874 46.41832,30.7603 46.41965,30.76035 46.42003),(30.76035 46.42003,30.75523 46.42243))",street
Литовская,"LINESTRING(30.69876 46.457,30.68841 46.4566)",street
Лицей Приморский,"POLYGON((30.74061 46.45411,30.74112 46.45358,30.74251 46.4541,30.74181 46.45464,30.74061 46.45411))",landmark
Лобстер,"POLYGON((30.75125 46.48338,30.75107 46.48336,30.75107 46.48325,30.75123 46.48324,30.75125 46.48338))",street
Локальна,"LINESTRING(30.62143 46.48462,30.61997 46.48244)",street
Локомотивная,"POLYGON((30.73845 46.54128,30.73286 46.53518,30.73077 46.53403,30.73845 46.54128))",street
Ломоносова,"LINESTRING(30.77219 46.56487,30.77467 46.56428)",street
Луганская,"LINESTRING(30.72136 46.4429,30.71914 46.44064)",street
Павлодарская,"POLYGON((30.68601 46.49406,30.68619 46.49954,30.6869 46.501,30.68601 46.49406))",street
Луговая,"LINESTRING(30.67268 46.46724,30.67426 46.46704,30.67509 46.46573,30.67631 46.46523)",street
Лузановка,"POLYGON((30.75934 46.55223,30.76087 46.55044,30.7716 46.55413,30.76983 46.55563,30.7693 46.55571,30.75934 46.55223))",street
Лузановская,"POLYGON((30.73982 46.54137,30.74086 46.54195,30.7452 46.54547,30.73982 46.54137))",street
Лукойл,"POLYGON((30.67656 46.51629,30.6764 46.51513,30.68072 46.51304,30.6796 46.51205,30.68109 46.51114,30.68212 46.51191,30.68302 46.51109,30.68632 46.50956,30.68796 46.51016,30.68831 46.51061,30.68742 46.51124,30.68867 46.51197,30.68944 46.51158,30.69158 46.51223,30.69054 46.51381,30.69088 46.51404,30.6806 46.51981,30.67656 46.51629))",street
Лунная,"LINESTRING(30.73007 46.38276,30.72945 46.38415,30.72986 46.38422,30.72914 46.38502)",street
Луцкая,"POLYGON((30.76612 46.56303,30.76656 46.56311,30.76722 46.56422,30.76607 46.5633,30.76612 46.56303))",street
Льва Симиренко,"POLYGON((30.68471 46.52426,30.68165 46.52278,30.67647 46.52096,30.6743 46.52147,30.68471 46.52426))",street
Львовская,"LINESTRING(30.74732 46.40176,30.73936 46.40061,30.734 46.3993)",street
Льдинка,"POLYGON((30.71465 46.43502,30.71499 46.43486,30.71572 46.43565,30.71537 46.43579,30.71465 46.43502))",street
Людмила,"POLYGON((30.71776 46.39897,30.71783 46.3987,30.71995 46.39917,30.71776 46.39897))",street
Люстдорфская|Люсдорская|Черноморская|Люсстдорфской,"LINESTRING(30.72611 46.43785,30.72885 46.42938,30.72382 46.42578,30.73413 46.39472,30.73407 46.3922,30.7318 46.38659)",street
Лядова,"LINESTRING(30.74007 46.41878,30.74059 46.41577)",street
Ляпидевского,"LINESTRING(30.75564 46.41065,30.75565 46.41112)",street
Мавританская арка,"POLYGON((30.75448 46.46412,30.75456 46.46397,30.75462 46.46396,30.75455 46.46411,30.75448 46.46412))",street
Магистральная,"LINESTRING(30.62828 46.46909,30.61853 46.46863)",street
Магнитогорская,"POLYGON((30.74046 46.38494,30.74372 46.3852,30.7451 46.38479,30.74046 46.38494))",street
Майстрова,"POLYGON((30.71648 46.48115,30.71789 46.47591,30.71879 46.47421,30.71648 46.48115))",street
МакДоналдс,"POLYGON((30.74967 46.46021,30.74935 46.46023,30.74933 46.46012,30.74966 46.4601,30.74967 46.46021))",street
Максима Чайки,"LINESTRING(30.69143 46.45924,30.69784 46.45943)",street
Малая Арнаутская|Малая,"LINESTRING(30.72773 46.47197,30.75328 46.47022)",street
Малинова,"POLYGON((30.66188 46.47191,30.65921 46.46572,30.65889 46.4636,30.66188 46.47191))",street
Малиновского,"LINESTRING(30.69804 46.4509,30.72424 46.43816,30.72537 46.43771,30.72629 46.4378)",street
Малишевского,"POLYGON((30.68702 46.44194,30.6858 46.44191,30.68496 46.45075,30.68702 46.44194))",street
Маловского,"LINESTRING(30.70829 46.48385,30.70777 46.48446,30.69937 46.48775)",street
Манежна,"POLYGON((30.71708 46.49069,30.71707 46.4898,30.71733 46.48887,30.71708 46.49069))",street
Манежная,"LINESTRING(30.71733 46.48887,30.71853 46.48553)",street
Маразлиевская,"LINESTRING(30.75079 46.48273,30.74931 46.47342)",street
Мариинская,"LINESTRING(30.7488 46.46424,30.74912 46.46774)",street
Мариинская гимназия,"POLYGON((30.72728 46.4811,30.72777 46.48139,30.72737 46.48172,30.72677 46.48137,30.72728 46.4811))",street
Маристелла,"POLYGON((30.76095 46.41328,30.76074 46.41311,30.76138 46.41304,30.76174 46.41351,30.7615 46.41377,30.76135 46.4133,30.76095 46.41328))",street
Мариупольская,"LINESTRING(30.78526 46.56482,30.7862 46.56652)",street
Марсельская,"LINESTRING(30.77549 46.57561,30.79754 46.56988,30.80245 46.57018,30.80373 46.5707)",street
Маршал,"POLYGON((30.70927 46.39694,30.70886 46.39686,30.70833 46.39634,30.70919 46.39614,30.70927 46.39694))",street
Маршрутная,"LINESTRING(30.71875 46.42549,30.72266 46.42844)",street
Матроский спуск,"POLYGON((30.71169 46.48847,30.71285 46.4879,30.71739 46.48863,30.71169 46.48847))",street
Матюшенко,"LINESTRING(30.69924 46.49698,30.70321 46.49068)",street
Махачкалинская,"LINESTRING(30.78885 46.59427,30.78997 46.59409,30.79236 46.59285,30.7924 46.5932,30.795 46.59304,30.79683 46.59218,30.79722 46.59249,30.80131 46.59105,30.80446 46.58957,30.80439 46.58916,30.80487 46.58896)",street
Мациевской,"LINESTRING(30.6957 46.49406,30.70536 46.49701)",street
Мачтовая,"POLYGON((30.74026 46.43509,30.73996 46.43373,30.73847 46.43271,30.74026 46.43509))",street
Мегадом,"POLYGON((30.72866 46.42754,30.72891 46.42741,30.72863 46.42717,30.73047 46.42606,30.73223 46.42765,30.73016 46.42883,30.72866 46.42754))",street
Мегамакс,"POLYGON((30.7253 46.41827,30.7248 46.41767,30.7252 46.41743,30.72584 46.41793,30.7253 46.41827))",street
Мелитопольская,"LINESTRING(30.77261 46.56623,30.77353 46.56849)",street
Мельницкая,"LINESTRING(30.71353 46.46079,30.69487 46.46071,30.68929 46.46019)",street
Меркурий,"POLYGON((30.79685 46.57593,30.79658 46.57568,30.79617 46.57582,30.79447 46.57348,30.79476 46.57335,30.79685 46.57593))",street
Металлистов,"LINESTRING(30.69787 46.50044,30.69759 46.49895)",street
Пале Рояль,"POLYGON((30.74056 46.48518,30.74069 46.48565,30.7394 46.48576,30.73932 46.48527,30.74056 46.48518))",street
метро,"POLYGON((30.66034 46.44893,30.66033 46.44804,30.66238 46.44802,30.66241 46.44891,30.66034 46.44893))",street
Мечникова,"MULTILINESTRING((30.72417 46.47377,30.7248 46.47341),(30.71994 46.49473,30.7192 46.49447,30.7189 46.49364),(30.71816 46.489,30.71884 46.487),(30.72731 46.47104,30.72749 46.47062),(30.71884 46.487,30.71982 46.48401),(30.71982 46.48401,30.72257 46.47567),(30.72698 46.47143,30.72731 46.47104),(30.72752 46.46574,30.72735 46.46319),(30.72748 46.46239,30.72813 46.46014,30.72701 46.45894),(30.72377 46.47504,30.72364 46.47549),(30.7248 46.47341,30.72698 46.47143),(30.72389 46.47442,30.72389 46.47378),(30.72756 46.47044,30.72753 46.46805),(30.72257 46.47567,30.72389 46.47442),(30.72749 46.47062,30.72756 46.47044),(30.7189 46.49364,30.718 46.49048),(30.72735 46.46319,30.72748 46.46239),(30.72753 46.46805,30.72754 46.4666),(30.72756 46.46617,30.72752 46.46574),(30.72754 46.4666,30.72756 46.46617),(30.72389 46.47442,30.72377 46.47504))",street
Мирная,"LINESTRING(30.69659 46.49894,30.69702 46.50126)",street
Михаила Грушевского,"LINESTRING(30.70134 46.47695,30.70284 46.47731)",street
Мичурина,"LINESTRING(30.66621 46.49284,30.6594 46.49353)",street
Молодая,"POLYGON((30.76983 46.55563,30.77176 46.554,30.78084 46.55639,30.77992 46.5599,30.77938 46.56039,30.76983 46.55563))",street
Молодёжная,"LINESTRING(30.63656 46.46439,30.64321 46.46493)",street
Мореходка,"POLYGON((30.71792 46.48332,30.71977 46.4837,30.71915 46.48533,30.71844 46.48545,30.71658 46.48492,30.71675 46.48439,30.71748 46.48449,30.71766 46.48331,30.71792 46.48332))",street
Мореходная,"MULTILINESTRING((30.76541 46.42187,30.7642 46.42231,30.76288 46.42174),(30.76288 46.42174,30.76281 46.42197))",street
Морская,"LINESTRING(30.75778 46.46732,30.75775 46.46556)",street
морская академия,"POLYGON((30.71422 46.48421,30.71086 46.48319,30.71097 46.48273,30.71446 46.48301,30.71422 46.48421))",landmark
Морской,"POLYGON((30.69191 46.34707,30.6918 46.34538,30.69391 46.34536,30.69384 46.34605,30.69307 46.34605,30.69281 46.34711,30.69191 46.34707))",street
Москва,"POLYGON((30.71817 46.42875,30.71856 46.42849,30.71879 46.42865,30.71839 46.42891,30.71817 46.42875))",street
Москвич,"POLYGON((30.77874 46.58591,30.77821 46.58531,30.77879 46.58509,30.77898 46.58585,30.77874 46.58591))",street
Моторная,"MULTILINESTRING((30.64781 46.48206,30.64726 46.4817,30.6395 46.47778),(30.64263 46.48218,30.63901 46.48187),(30.63901 46.48187,30.63897 46.48266),(30.64375 46.47995,30.64263 46.48218))",street
Музкомедия,"POLYGON((30.7504 46.46863,30.75032 46.46806,30.75151 46.46803,30.75157 46.46846,30.7504 46.46863))",street
Музыкальная,"POLYGON((30.73225 46.42552,30.73167 46.42554,30.73017 46.42419,30.73139 46.42347,30.73225 46.42552))",street
Мясоедовская,"LINESTRING(30.71879 46.47421,30.72754 46.4666)",street
Мясокомбинат,"LINESTRING(30.72922 46.52573,30.72931 46.526)",street
Набережная,"LINESTRING(30.72986 46.3682,30.73818 46.37301,30.73908 46.37325)",street
Наклонная,"LINESTRING(30.77177 46.55726,30.76953 46.56271)",street
Наливная,"LINESTRING(30.71781 46.51128,30.72201 46.52316)",street
Насосная,"POLYGON((30.72238 46.39396,30.72236 46.39385,30.72263 46.39383,30.72264 46.39394,30.72238 46.39396))",street
Наталка,"POLYGON((30.7026 46.48372,30.70267 46.4837,30.70285 46.484,30.70277 46.48402,30.7026 46.48372))",street
научная библиотека,"POLYGON((30.72643 46.49178,30.72541 46.49118,30.72601 46.4907,30.72631 46.49086,30.72692 46.49139,30.72643 46.49178))",street
Невского,"LINESTRING(30.7283 46.41217,30.742 46.41366)",street
Неделина,"LINESTRING(30.73446 46.43317,30.74848 46.42533)",street
Неждановой,"LINESTRING(30.69147 46.5011,30.68899 46.49038)",street
Нежинская,"LINESTRING(30.71986 46.48901,30.73141 46.47991)",street
Немо,"POLYGON((30.76484 46.47788,30.76488 46.4772,30.76538 46.47717,30.76503 46.47725,30.76509 46.4779,30.76484 46.47788))",street
Нептун,"POLYGON((30.78636 46.59263,30.78623 46.5925,30.78641 46.5924,30.78655 46.59253,30.78636 46.59263))",street
Нескучная,"POLYGON((30.63926 46.47707,30.63811 46.47579,30.63862 46.46944,30.63926 46.47707))",street
Никитина,"POLYGON((30.70092 46.49966,30.69958 46.50072,30.69742 46.50151,30.69473 46.5032,30.68938 46.50354,30.70092 46.49966))",street
Николаевская,"LINESTRING(30.73352 46.53294,30.75526 46.55094,30.77253 46.55737,30.7735 46.55805)",street
Николаевская дорога,"POLYGON((30.76324 46.55384,30.76952 46.55594,30.77185 46.55731,30.76324 46.55384))",street
Николая Аркаса,"LINESTRING(30.64371 46.47259,30.63467 46.47224)",street
Николая Вороного,"LINESTRING(30.69463 46.45938,30.69513 46.454)",street
Николая Михновского,"POLYGON((30.66765 46.49785,30.65909 46.49766,30.65863 46.49682,30.65904 46.49651,30.65904 46.49565,30.66765 46.49785))",street
Николая Троицкого,"LINESTRING(30.7199 46.36845,30.71637 46.36681,30.71608 46.36481,30.70691 46.35804,30.70213 46.35739)",street
Нищинского,"POLYGON((30.71074 46.48324,30.71853 46.48553,30.71937 46.48538,30.71074 46.48324))",street
Новаторов,"LINESTRING(30.7336 46.43458,30.73377 46.43483)",street
Шклярука,"LINESTRING(30.73572 46.43423,30.73138 46.43043)",street
новая дорога|The most,"LINESTRING(30.70016 46.45328,30.70076 46.45541,30.70394 46.45856)",street
Новгородская,"POLYGON((30.73287 46.40585,30.73445 46.40078,30.73569 46.39841,30.73287 46.40585))",street
Новикова,"POLYGON((30.68016 46.46222,30.68116 46.46344,30.68373 46.46893,30.68016 46.46222))",street
Новобереговая,"LINESTRING(30.75737 46.41908,30.76094 46.41711)",street
Новомосковская дорога,"LINESTRING(30.63847 46.49565,30.64198 46.49558,30.64699 46.49481,30.64923 46.49417)",street
Новосельского,"MULTILINESTRING((30.71986 46.48901,30.7219 46.4854),(30.71987 46.48953,30.71986 46.48901),(30.72133 46.49437,30.72014 46.49194),(30.72014 46.49194,30.71987 46.48953),(30.72945 46.47918,30.73122 46.47776),(30.7265 46.48158,30.72945 46.47918),(30.72637 46.48168,30.7265 46.48158),(30.72201 46.48521,30.72637 46.48168),(30.7219 46.4854,30.72201 46.48521),(30.73122 46.47776,30.73167 46.47741))",street
Новощепной,"LINESTRING(30.73772 46.4678,30.73038 46.46872)",street
нудистский пляж,"POLYGON((30.77176 46.44495,30.7719 46.44404,30.77206 46.44404,30.77217 46.44496,30.77176 46.44495))",landmark
Обильная,"LINESTRING(30.72686 46.41626,30.74469 46.41735)",street
Областная,"POLYGON((30.7889 46.58297,30.78904 46.58289,30.78981 46.58347,30.78968 46.58355,30.7889 46.58297))",street
областная администрация,"POLYGON((30.74655 46.46614,30.74645 46.4655,30.74664 46.46548,30.74674 46.46613,30.74655 46.46614))",street
Облгаи|обл гаи,POINT(30.72012 46.41237),infrastructure
Овидиопольская,"POLYGON((30.6698 46.45128,30.66964 46.45325,30.67452 46.45722,30.6698 46.45128))",street
Овидиопольская дорога,"POLYGON((30.65226 46.45058,30.65658 46.45093,30.66063 46.45051,30.66282 46.45066,30.65683 46.45104,30.65226 46.45058))",street
Одария,"LINESTRING(30.72648 46.49833,30.7216 46.49778,30.71846 46.49783,30.71424 46.49848)",street
Одесса-Товарная,"POLYGON((30.71391 46.45833,30.71177 46.45834,30.71168 46.45786,30.70893 46.45658,30.70855 46.45679,30.70859 46.45809,30.70758 46.45825,30.7066 46.45759,30.70659 46.45523,30.70628 46.45492,30.70677 46.45441,30.71085 46.45514,30.71741 46.45558,30.7175 46.45695,30.71559 46.45692,30.71554 46.45749,30.71592 46.45798,30.71442 46.45771,30.71395 46.45787,30.71391 46.45833))",street
Озёрная,"LINESTRING(30.68849 46.5039,30.68563 46.50405)",street
Олейника|Оленка,"LINESTRING(30.71036 46.4811,30.70829 46.48385)",street
Ольгиевская,"LINESTRING(30.71733 46.48887,30.7202 46.48912,30.72748 46.49358)",street
Ольгиевский спуск,"LINESTRING(30.71874 46.49053,30.71723 46.49061,30.71393 46.49242)",street
Омская,"LINESTRING(30.72095 46.37798,30.72037 46.38112)",street
Онежская,"POLYGON((30.69953 46.45923,30.69964 46.45798,30.69748 46.45564,30.69088 46.4554,30.68917 46.45595,30.69953 46.45923))",street
Ониловой,"LINESTRING(30.73608 46.47289,30.73652 46.47579)",street
оперный,"POLYGON((30.74067 46.4854,30.74117 46.48504,30.74183 46.48577,30.74091 46.48584,30.74067 46.4854))",street
Оптовый,"POLYGON((30.70446 46.386,30.70373 46.38595,30.70348 46.38328,30.70183 46.38312,30.70223 46.38116,30.70393 46.38127,30.70446 46.386))",street
Оранж,POINT(30.80958 46.57277),landmark
Оранжерейная,"POLYGON((30.67306 46.49431,30.673 46.49686,30.6726 46.49844,30.67306 46.49431))",street
Ореховая,"POLYGON((30.7254 46.37764,30.72615 46.37665,30.72731 46.37064,30.7254 46.37764))",street
Орловская,"LINESTRING(30.77579 46.57257,30.77543 46.57196)",street
Орфей,"POLYGON((30.74079 46.4857,30.74081 46.48585,30.74048 46.48587,30.74046 46.48573,30.74079 46.4857))",street
осипова,"LINESTRING(30.74405 46.47084,30.74512 46.47777)",street
Остров,"POLYGON((30.73743 46.46796,30.73783 46.46852,30.73679 46.46838,30.73674 46.46801,30.73743 46.46796))",street
Островского,"LINESTRING(30.69982 46.49716,30.70259 46.49301)",street
Отважных,"POLYGON((30.71866 46.3775,30.71906 46.37799,30.71802 46.38372,30.71866 46.3775))",street
Отечественная,"LINESTRING(30.69048 46.47865,30.69461 46.4761)",street
Отрадная,"LINESTRING(30.75778 46.46732,30.75487 46.46762,30.75494 46.46798,30.75275 46.46824)",street
Офицерская,"LINESTRING(30.73392 46.39114,30.74184 46.38839)",street
Павла Зеленого,"LINESTRING(30.71997 46.49123,30.72359 46.48837)",street
Павла Кравцова,"LINESTRING(30.72446 46.50798,30.71934 46.50769)",street
Павловых,"POLYGON((30.75121 46.5449,30.7523 46.5455,30.7533 46.54614,30.75227 46.54638,30.75079 46.54512,30.75121 46.5449))",street
Палладиум,"POLYGON((30.74633 46.46822,30.74591 46.46823,30.74589 46.46788,30.74632 46.46787,30.74633 46.46822))",street
Палубная,"LINESTRING(30.73844 46.43473,30.73699 46.43355)",street
Пальма,"POLYGON((30.76401 46.47117,30.76387 46.47093,30.76412 46.47114,30.76401 46.47117))",street
Панаса Мирного,"LINESTRING(30.64434 46.46962,30.64826 46.47213)",street
Панорама,"POLYGON((30.72413 46.39824,30.72422 46.39766,30.72503 46.39772,30.72484 46.39873,30.72397 46.3985,30.72413 46.39824))",street
Пантелеймоновская,"LINESTRING(30.72828 46.47039,30.73852 46.4696)",street
Папашон,"POLYGON((30.8058 46.57402,30.80516 46.57423,30.80474 46.57364,30.80539 46.57343,30.8058 46.57402))",street
Парковая,"LINESTRING(30.69937 46.48775,30.69741 46.48443,30.69597 46.47721,30.69234 46.47432)",street
Партизанская,"LINESTRING(30.68059 46.47056,30.68021 46.46991,30.68082 46.46964,30.68103 46.46893,30.6797 46.46598)",street
Парус,"POLYGON((30.76835 46.43143,30.76815 46.43124,30.76851 46.43135,30.76835 46.43143))",street
Пассионарии,"LINESTRING(30.70665 46.49742,30.70513 46.49923)",street
Пастера,"LINESTRING(30.73279 46.48538,30.72005 46.49541)",street
Паустовского,"LINESTRING(30.80751 46.59303,30.80746 46.59283,30.80275 46.59524,30.8018 46.59491,30.80194 46.59551,30.79515 46.59869)",street
Педагогическая,"LINESTRING(30.75393 46.42906,30.75485 46.42736)",street
Пересипский мост,"POLYGON((30.72343 46.49734,30.72494 46.49703,30.72721 46.49631,30.72555 46.49692,30.72426 46.49724,30.72242 46.49753,30.72123 46.49758,30.72343 46.49734))",infrastructure
Пересипський міст|Пересыпский мост|Мост пересыпь,"LINESTRING(30.72343 46.49734,30.72721 46.49631,30.72426 46.49724,30.72242 46.49753,30.72123 46.49758,30.72298 46.4974)",street
Песочная,"LINESTRING(30.7598 46.57315,30.76198 46.57201,30.76314 46.57104,30.76302 46.57046,30.7644 46.56656,30.76458 46.56391)",street
Пестеля,"LINESTRING(30.6899 46.4782,30.68571 46.47488)",street
Петра Лещенко,"LINESTRING(30.63141 46.47288,30.61775 46.47242)",street
Петрашевского,"LINESTRING(30.73415 46.42018,30.74206 46.4267)",street
Пироговская,"LINESTRING(30.7413 46.46481,30.75439 46.46389)",street
Писарева,"MULTILINESTRING((30.73488 46.39403,30.73569 46.3943,30.73678 46.39528),(30.73778 46.39578,30.74185 46.3974),(30.73678 46.39528,30.73778 46.39578),(30.74185 46.3974,30.74376 46.39812))",street
Пишенина,"POLYGON((30.72141 46.45082,30.71695 46.45091,30.71058 46.45179,30.72141 46.45082))",street
Пишоновская,"LINESTRING(30.71944 46.48743,30.72045 46.48774)",street
пищевая академия,"POLYGON((30.7422 46.45842,30.74466 46.45828,30.7451 46.46011,30.74214 46.46059,30.7424 46.46014,30.7422 46.45842))",landmark
Платановая,"LINESTRING(30.68679 46.44578,30.68702 46.44194)",street
Пляж Аркадия,"POLYGON((30.76675 46.42755,30.76646 46.42775,30.76617 46.42746,30.7664 46.42655,30.76677 46.42654,30.76703 46.42742,30.76675 46.42755))",landmark
Пляж Дельфин,"POLYGON((30.76781 46.45416,30.76725 46.45455,30.76617 46.45445,30.76781 46.45416))",landmark
Пляж Отрада,"POLYGON((30.76315 46.46876,30.76229 46.46628,30.76246 46.46518,30.76315 46.46876))",landmark
Пляж Чайка,"POLYGON((30.76007 46.41115,30.7608 46.41185,30.76164 46.41214,30.76089 46.41302,30.76011 46.4124,30.76052 46.41217,30.76031 46.41191,30.75999 46.41207,30.7598 46.41153,30.76007 46.41115))",landmark
Победы,"LINESTRING(30.76728 46.56455,30.76508 46.57036)",street
Побратимов,"LINESTRING(30.70707 46.3646,30.71181 46.36168)",street
Подольская,"POLYGON((30.65256 46.46335,30.65252 46.46815,30.65239 46.46975,30.65208 46.47007,30.65256 46.46335))",street
Поездная,"LINESTRING(30.70669 46.45257,30.70509 46.45341)",street
Полевая,"LINESTRING(30.63618 46.46641,30.64415 46.46686)",street
политех,"POLYGON((30.75019 46.46201,30.74974 46.45857,30.75164 46.45851,30.75215 46.45793,30.75287 46.4582,30.75263 46.45909,30.75217 46.45912,30.75223 46.45957,30.75279 46.45954,30.75318 46.46193,30.75019 46.46201))",street
Полтавская,"LINESTRING(30.68931 46.442,30.68911 46.44593)",street
Польская,"LINESTRING(30.74429 46.47784,30.7445 46.47929)",street
Польский спуск,"POLYGON((30.74648 46.48462,30.74551 46.48302,30.74476 46.4809,30.74648 46.48462))",street
Порше Центр,"POLYGON((30.72389 46.501,30.72382 46.50077,30.72435 46.50085,30.72389 46.501))",street
Поселковая,"POLYGON((30.69239 46.48001,30.69613 46.47781,30.6978 46.47748,30.69239 46.48001))",street
Посмитного,"LINESTRING(30.7513 46.42715,30.75654 46.42745,30.76089 46.43217)",street
Почтовая,"LINESTRING(30.70149 46.48447,30.69929 46.48152,30.6975 46.47644,30.69388 46.47335)",street
Риф,"POLYGON((30.75496 46.40511,30.75483 46.40486,30.75511 46.4048,30.75524 46.40504,30.75496 46.40511))",street
Ришельевская|Ленина|ришельевская|ленина|решильевская,"LINESTRING(30.73827 46.46852,30.73902 46.47123,30.74113 46.48492)",street
пр. Шевченко|Шевченко|проспект Шевченко,"MULTILINESTRING((30.75715 46.44095,30.75673 46.44061),(30.75738 46.44046,30.75715 46.44095),(30.75235 46.45471,30.7524 46.45464),(30.75399 46.45241,30.75455 46.4516),(30.75358 46.45298,30.75372 46.45278),(30.75372 46.45278,30.75399 46.45241),(30.7579 46.44367,30.75741 46.44192),(30.7549 46.45113,30.7551 46.45081),(30.7551 46.45081,30.75546 46.45029),(30.75455 46.4516,30.7549 46.45113),(30.75834 46.44526,30.75811 46.44444),(30.75811 46.44444,30.75801 46.44405),(30.75741 46.44192,30.75715 46.44095),(30.75551 46.45022,30.75598 46.44954),(30.75546 46.45029,30.75551 46.45022),(30.75598 46.44954,30.75662 46.44861),(30.75662 46.44861,30.75683 46.44831),(30.75155 46.45583,30.75235 46.45471),(30.75339 46.45325,30.75358 46.45298),(30.75683 46.44831,30.7573 46.44764),(30.75822 46.44633,30.75834 46.44526),(30.75834 46.44526,30.7585 46.44596,30.75822 46.44633),(30.7573 46.44764,30.75822 46.44633),(30.75801 46.44405,30.7579 46.44367),(30.7579 46.44367,30.75801 46.44405))",street
Правды,"LINESTRING(30.73021 46.37223,30.72678 46.37453)",street
Преображенская,"LINESTRING(30.73364 46.49126,30.73038 46.46869)",street
Привоз,"POLYGON((30.73305 46.4694,30.73298 46.46901,30.73062 46.4692,30.73053 46.4688,30.73639 46.46796,30.73656 46.4691,30.73305 46.4694))",street
прилиманское|Прилиманське,"POLYGON((30.60383 46.43642,30.60665 46.43731,30.61049 46.43756,30.61457 46.43856,30.61717 46.43879,30.61758 46.43849,30.61844 46.42792,30.62588 46.41206,30.61777 46.40972,30.60383 46.43642))",street
Приморская,"LINESTRING(30.72311 46.49715,30.7248 46.49684,30.72787 46.49565,30.73498 46.49182,30.73707 46.49117,30.73897 46.49135,30.74147 46.49016,30.7468 46.48518)",street
Приморский бульвар,"LINESTRING(30.7393 46.48965,30.74332 46.48605)",street
Приморский суд,"POLYGON((30.71222 46.48792,30.71192 46.48806,30.71155 46.48768,30.71185 46.48755,30.71222 46.48792))",street
Природные камни,"POLYGON((30.70758 46.39448,30.70722 46.39369,30.70856 46.39348,30.70882 46.39429,30.70758 46.39448))",street
Продмаш,"LINESTRING(30.75125 46.54764,30.75103 46.54745)",street
Проектная,"LINESTRING(30.72861 46.42501,30.73017 46.42419)",street
Промышленная,"LINESTRING(30.69388 46.47335,30.68556 46.4784,30.6733 46.48229)",street
Прорезная,"POLYGON((30.73833 46.41949,30.73949 46.41953,30.74376 46.42134,30.73833 46.41949))",street
Просёлочная,"LINESTRING(30.6578 46.46241,30.65675 46.47294)",street
Профсоюзная|профспилкова,"LINESTRING(30.69475 46.44442,30.69047 46.44655)",street
Прохоровская,"LINESTRING(30.71354 46.46444,30.71904 46.46874,30.72549 46.47276)",street
Проценко,"LINESTRING(30.68721 46.4896,30.68603 46.4822)",street
Путевая,"LINESTRING(30.66091 46.47211,30.65822 46.46577)",street
Путевый,"POLYGON((30.66045 46.47199,30.66043 46.47194,30.66064 46.47194,30.66045 46.47199))",street
Пушкинская,"LINESTRING(30.7409 46.46946,30.74335 46.48573)",street
Равенства,"LINESTRING(30.73926 46.40667,30.7408 46.40083)",street
Радостная,"LINESTRING(30.68702 46.44194,30.68931 46.442)",street
Радужный массив|Радужний,"LINESTRING(30.70301 46.40458,30.70426 46.4005)",street
Раздольная,"LINESTRING(30.76462 46.57196,30.77155 46.5751)",street
Разумовская,"LINESTRING(30.72514 46.4737,30.70953 46.47506,30.70703 46.47662)",street
Ракетная,"LINESTRING(30.76904 46.57909,30.76892 46.57811)",street
Ралико,"POLYGON((30.70719 46.4718,30.707 46.47179,30.70702 46.47157,30.7072 46.47157,30.70719 46.4718))",street
Раскидайловская,"MULTILINESTRING((30.70785 46.47965,30.71147 46.47967),(30.70785 46.47965,30.70756 46.47966),(30.70185 46.48004,30.70175 46.47888,30.70011 46.47662),(30.70702 46.47973,30.7047 46.47997,30.70106 46.48006,30.70039 46.48007,30.69962 46.47999),(30.71147 46.47967,30.72194 46.47983),(30.70756 46.47966,30.70702 46.47973))",street
Рассвета,"POLYGON((30.72488 46.42286,30.72333 46.42253,30.71737 46.41802,30.72488 46.42286))",street
Рачкова,"POLYGON((30.6944 46.48724,30.69666 46.48691,30.69937 46.48775,30.6944 46.48724))",street
Редлайн,"POLYGON((30.76837 46.42995,30.7684 46.43022,30.76804 46.43017,30.76808 46.42997,30.76837 46.42995))",street
Рекордная,"LINESTRING(30.70664 46.44675,30.7104 46.45072)",street
Рельефная,"POLYGON((30.76314 46.57104,30.76748 46.5722,30.77131 46.57406,30.76314 46.57104))",street
Репина,"LINESTRING(30.74976 46.41227,30.75388 46.41146)",street
Республиканская,"LINESTRING(30.67555 46.53357,30.67635 46.53271,30.67729 46.53075,30.67786 46.53054)",street
Ривьера|Рівьера,POINT(30.83356 46.56276),landmark
Рижская,"POLYGON((30.64427 46.46722,30.64596 46.46588,30.64599 46.46299,30.64427 46.46722))",street
Ризовская,"LINESTRING(30.71475 46.48251,30.71642 46.47601)",street
Ришельевский лицей,"POLYGON((30.7298 46.49052,30.72919 46.49016,30.7291 46.49009,30.72951 46.48981,30.73022 46.49019,30.7298 46.49052))",landmark
Родина,"POLYGON((30.72803 46.46929,30.72804 46.46982,30.72767 46.46988,30.7276 46.46929,30.72803 46.46929))",street
Рождественская,"LINESTRING(30.70481 46.49024,30.70666 46.48876,30.70493 46.48772,30.70371 46.48863,30.70481 46.49024)",street
Розова,"POLYGON((30.7379 46.41912,30.73782 46.41942,30.73139 46.42302,30.7379 46.41912))",street
Ромашковая,"LINESTRING(30.73087 46.4264,30.74238 46.41972)",street
Ростовская,"LINESTRING(30.7862 46.56652,30.78929 46.57196)",street
Рощевая,"LINESTRING(30.66939 46.46497,30.66874 46.46115)",street
русский театр,"POLYGON((30.73433 46.48309,30.7344 46.48352,30.734 46.48355,30.73394 46.48312,30.73433 46.48309))",landmark
Рыба,"POLYGON((30.75198 46.39969,30.75176 46.3995,30.75205 46.39941,30.75198 46.39969))",street
Рыбачья,"POLYGON((30.73313 46.38582,30.73533 46.38588,30.73698 46.38629,30.74025 46.38745,30.74297 46.38898,30.73313 46.38582))",street
Савранская,"POLYGON((30.6802 46.4924,30.68056 46.49235,30.68124 46.49016,30.6802 46.4924))",street
Садиковская,"LINESTRING(30.71922 46.48118,30.72006 46.47843)",street
Садовая,"LINESTRING(30.73138 46.48481,30.72617 46.48773)",street
Садовского,"LINESTRING(30.73253 46.38252,30.73858 46.37828)",street
Сады Победы,"POLYGON((30.7577 46.4395,30.75777 46.43925,30.75859 46.43936,30.75846 46.44025,30.75791 46.4401,30.7577 46.4395))",street
Саксаганского,"LINESTRING(30.73359 46.38327,30.74013 46.37944)",street
Самарская,"LINESTRING(30.65729 46.466,30.6534 46.46584,30.65295 46.46552,30.65321 46.46247)",street
Самолётная,"LINESTRING(30.64874 46.46685,30.65695 46.4695)",street
санаторий Лермонтовский,"POLYGON((30.75727 46.47463,30.7567 46.47492,30.75605 46.4748,30.75532 46.47356,30.75648 46.47351,30.75698 46.47388,30.75654 46.47408,30.75727 46.47463))",street
санаторий Хаджибей,"POLYGON((30.76184 46.45815,30.76147 46.4587,30.75952 46.45826,30.75982 46.45769,30.76184 46.45815))",street
Санитарная,"LINESTRING(30.62563 46.46686,30.61898 46.46655)",street
Санта-Барбара,"POLYGON((30.72292 46.40259,30.72297 46.4024,30.72321 46.4025,30.72318 46.40263,30.72292 46.40259))",street
Сахарова,"LINESTRING(30.80373 46.5707,30.81011 46.5795)",street
светлое|Світле,"POLYGON((30.8224 46.63879,30.82209 46.63991,30.81944 46.63937,30.82278 46.63741,30.8242 46.63383,30.82822 46.6345,30.82849 46.63372,30.83774 46.63543,30.83736 46.63619,30.83789 46.63855,30.84092 46.63817,30.84069 46.6392,30.83578 46.64115,30.83323 46.64324,30.82568 46.64494,30.82208 46.64409,30.8334 46.63973,30.83739 46.63889,30.83545 46.63788,30.82867 46.63709,30.82578 46.64058,30.82434 46.63914,30.8224 46.63879))",landmark
Свободы,"LINESTRING(30.70201 46.36476,30.70232 46.35002)",street
Сегедская,"LINESTRING(30.74414 46.45443,30.74261 46.44498,30.74188 46.44504)",street
Селекционная,"POLYGON((30.64658 46.47488,30.64692 46.47541,30.65349 46.47792,30.64658 46.47488))",street
Селекционный|Силекционный,"POLYGON((30.68381 46.45861,30.68216 46.45938,30.67108 46.46072,30.67065 46.45867,30.67315 46.45813,30.67299 46.45748,30.67429 46.45722,30.67251 46.45553,30.67542 46.45361,30.67697 46.45452,30.67609 46.45517,30.67715 46.45588,30.678 46.45518,30.68381 46.45861))",street
Сельская,"POLYGON((30.64439 46.46267,30.64227 46.46264,30.63692 46.46219,30.64439 46.46267))",street
Селянка,"POLYGON((30.71111 46.40814,30.71017 46.40805,30.70956 46.40715,30.70982 46.40682,30.71046 46.40657,30.71111 46.40814))",street
Семинарская,"LINESTRING(30.74177 46.46273,30.75549 46.46177)",street
Семья,"POLYGON((30.79791 46.57561,30.79691 46.57594,30.79612 46.57485,30.79676 46.57463,30.79791 46.57561))",street
Сенная,"LINESTRING(30.664 46.46601,30.66513 46.46864)",street
Серогодского,"LINESTRING(30.77255 46.56031,30.7765 46.56774)",street
Сеченова,"LINESTRING(30.71851 46.49219,30.72046 46.49195,30.72269 46.49329)",street
Симферопольская,"POLYGON((30.7696 46.57091,30.77044 46.5734,30.77071 46.57371,30.7696 46.57091))",street
сити центр|ситик|сити центр таирова,"POLYGON((30.71224 46.41513,30.71255 46.41652,30.70889 46.4171,30.70829 46.41561,30.71114 46.41506,30.71224 46.41513))",street
сити центр котовский|сити цент поскот,"POLYGON((30.79371 46.58499,30.79249 46.58404,30.7937 46.58331,30.79492 46.58426,30.79371 46.58499))",street
Скалодром,"POLYGON((30.77113 46.44315,30.77132 46.44215,30.77237 46.44201,30.77197 46.44249,30.77199 46.44305,30.77113 46.44315))",street
скворцова,"LINESTRING(30.71969 46.44624,30.71972 46.45269)",street
Скидановская,"POLYGON((30.71462 46.48966,30.71314 46.48854,30.71285 46.4879,30.71462 46.48966))",street
Скидановский спуск,"LINESTRING(30.71462 46.48966,30.71707 46.4898)",street
Славянская,"LINESTRING(30.69348 46.35461,30.69285 46.35642)",street
Слободская,"LINESTRING(30.70685 46.49523,30.69524 46.49157)",street
Слободской спуск,"LINESTRING(30.69832 46.49895,30.70067 46.49958)",street
Таксопарк,"POLYGON((30.70777 46.47294,30.70852 46.47217,30.70938 46.47224,30.70988 46.47384,30.7071 46.47392,30.70707 46.47344,30.70776 46.47342,30.70777 46.47294))",street
Совиньон,"POLYGON((30.66967 46.33853,30.66973 46.33785,30.67013 46.33792,30.67227 46.3337,30.6729 46.33342,30.67166 46.32917,30.67216 46.32793,30.67489 46.32547,30.67575 46.32535,30.67757 46.32575,30.67813 46.32646,30.68012 46.32729,30.684 46.32985,30.68569 46.33134,30.68635 46.33237,30.6869 46.33237,30.68778 46.33349,30.69069 46.33539,30.69779 46.34337,30.69131 46.34292,30.69165 46.34926,30.68931 46.34921,30.68925 46.3483,30.68747 46.34834,30.68749 46.34907,30.68356 46.34883,30.68233 46.34853,30.68094 46.34743,30.68147 46.3459,30.68093 46.34553,30.68164 46.34501,30.68482 46.34493,30.6847 46.34242,30.68413 46.34209,30.67667 46.34148,30.67573 46.3416,30.67455 46.3423,30.66967 46.33853))",street
Соляная,"POLYGON((30.76543 46.57048,30.76438 46.57227,30.7615 46.57509,30.76543 46.57048))",street
Сортировочная,"POLYGON((30.74917 46.55164,30.74644 46.54903,30.74674 46.54876,30.75014 46.55088,30.76162 46.55877,30.76086 46.55928,30.75506 46.55603,30.75113 46.55336,30.74917 46.55164))",street
Софиевская,"LINESTRING(30.7332 46.48869,30.72748 46.49358)",street
Социальная,"LINESTRING(30.6903 46.48546,30.68653 46.48576)",street
спартаковская,"LINESTRING(30.69986 46.44427,30.70723 46.45318)",street
Спиридонивская,"LINESTRING(30.72384 46.47778,30.73071 46.48173)",street
спуск Ковалевского,"POLYGON((30.71285 46.4879,30.71251 46.48744,30.71277 46.48519,30.71285 46.4879))",street
Спутников,"LINESTRING(30.69329 46.47237,30.69546 46.47145)",street
Среднефонтанская,"LINESTRING(30.73711 46.45127,30.73874 46.45196)",street
Средняя,"LINESTRING(30.70047 46.4729,30.70697 46.47202,30.72 46.47304)",street
Стадион Динамо,"POLYGON((30.7575 46.46272,30.75605 46.46244,30.75585 46.46204,30.75633 46.46172,30.75801 46.46204,30.75807 46.46252,30.7575 46.46272))",street
Стадион Спартак,"POLYGON((30.74656 46.4684,30.74675 46.46788,30.74965 46.46775,30.74993 46.46883,30.74752 46.46907,30.74717 46.46841,30.74656 46.4684))",street
Сталепрокатная,"LINESTRING(30.64492 46.46759,30.64651 46.46638)",street
Стальканат,POINT(30.73158 46.46124),landmark
Станкова,"LINESTRING(30.74229 46.46849,30.74238 46.46895)",street
станкостроительный,"POLYGON((30.72178 46.41425,30.72165 46.41397,30.72329 46.41328,30.72439 46.41394,30.7225 46.41476,30.72178 46.41425))",street
Старицкого,"LINESTRING(30.68552 46.45285,30.68498 46.45631)",street
Староконный|Староконка,"POLYGON((30.71313 46.47958,30.71133 46.47956,30.71132 46.47762,30.7125 46.47762,30.7125 46.47799,30.71315 46.47799,30.71313 46.47958))",street
Старопортофранковская,"MULTILINESTRING((30.71968 46.49353,30.71874 46.49053,30.71889 46.48902,30.72194 46.47983),(30.72773 46.47197,30.72826 46.47143,30.72828 46.47039),(30.72886 46.4689,30.73009 46.46874),(30.72575 46.47366,30.72773 46.47197),(30.72194 46.47983,30.72204 46.47953),(30.7282 46.46898,30.72886 46.4689),(30.72005 46.49541,30.71994 46.49473),(30.72364 46.47549,30.72575 46.47366),(30.71984 46.49418,30.71968 46.49353),(30.71994 46.49473,30.71984 46.49418),(30.72204 46.47953,30.72324 46.47586,30.72364 46.47549),(30.73009 46.46874,30.73038 46.46872),(30.72828 46.47039,30.7282 46.46898))",street
Стеклянная,"LINESTRING(30.6906 46.47096,30.68495 46.47182,30.68469 46.4722,30.68547 46.47329)",street
стекляшка,"POLYGON((30.74839 46.47686,30.74836 46.47668,30.74865 46.47666,30.74867 46.47684,30.74839 46.47686))",street
Степовая,"LINESTRING(30.71355 46.46254,30.71351 46.45848)",street
Столбовая,"LINESTRING(30.66539 46.47143,30.68571 46.46639)",street
Столярского,"POLYGON((30.70089 46.44377,30.70015 46.44292,30.70014 46.44229,30.70089 46.44377))",street
Строганов мост,"POLYGON((30.74656 46.48217,30.74507 46.48228,30.74506 46.48218,30.74655 46.48208,30.74656 46.48217))",infrastructure
строительная академия|стройка,"POLYGON((30.71675 46.48439,30.71657 46.48494,30.71422 46.48421,30.71446 46.48301,30.71768 46.48319,30.71748 46.48449,30.71675 46.48439))",landmark
Студёная,"LINESTRING(30.72007 46.3779,30.71952 46.38104)",street
Стуса,"LINESTRING(30.69165 46.45541,30.69124 46.46075,30.68679 46.46602,30.68714 46.46693,30.68792 46.46683,30.6876 46.46637)",street
Суворовский суд,"POLYGON((30.72465 46.51232,30.72449 46.51187,30.72485 46.51181,30.725 46.51226,30.72465 46.51232))",street
Судостроительная,"LINESTRING(30.74184 46.43857,30.74103 46.43347)",street
Сумская,"LINESTRING(30.73764 46.40584,30.73746 46.40644)",street
Суперфосфатная,"LINESTRING(30.67881 46.47001,30.67938 46.47103)",street
Сухой,"POLYGON((30.64036 46.40209,30.64292 46.40229,30.64462 46.40336,30.64827 46.40359,30.64914 46.39983,30.65095 46.40002,30.65147 46.39665,30.64994 46.39652,30.65135 46.38954,30.64744 46.38892,30.64987 46.37925,30.65062 46.37857,30.64615 46.37584,30.6441 46.37622,30.64547 46.38124,30.64253 46.38513,30.63839 46.38546,30.64033 46.39022,30.63631 46.39341,30.63601 46.39568,30.63512 46.39566,30.6286 46.39296,30.62485 46.39222,30.62474 46.39478,30.6324 46.39687,30.63301 46.39839,30.63537 46.39837,30.63437 46.39983,30.63734 46.40125,30.64036 46.40209))",street
таврия суворовская,POINT(30.80571 46.59946),landmark
таврия таировская,"POLYGON((30.72324 46.3905,30.72326 46.39069,30.72321 46.3905,30.72324 46.3905))",street
Таировские вина|пгт Таирово|институт Таирова,"POLYGON((30.73623 46.47264,30.73634 46.47263,30.73636 46.47273,30.73625 46.47274,30.73623 46.47264))",landmark
Танкерная,"LINESTRING(30.73591 46.43507,30.73839 46.43482)",street
Танкистов,"POLYGON((30.68116 46.46344,30.67453 46.46522,30.67106 46.46743,30.68116 46.46344))",street
Тарутинская,"LINESTRING(30.68394 46.49159,30.68008 46.49198)",street
Творческая,"LINESTRING(30.64539 46.47257,30.65176 46.46787)",street
Телекарт,"POLYGON((30.73239 46.39887,30.73167 46.3987,30.732 46.39795,30.7328 46.39808,30.73239 46.39887))",street
Тенистая,"LINESTRING(30.75926 46.43035,30.75435 46.43702,30.75344 46.4395)",street
Тепличная,"LINESTRING(30.67628 46.52207,30.6736 46.52124)",street
Терешковой,"LINESTRING(30.72507 46.42693,30.71676 46.43224,30.70222 46.43858)",street
Тещин мост,"POLYGON((30.73818 46.49054,30.73642 46.4905,30.73642 46.49046,30.73818 46.49048,30.73818 46.49054))",infrastructure
Тираспольская,"LINESTRING(30.72364 46.47549,30.73207 46.48036)",street
Тираспольское шоссе,"POLYGON((30.61268 46.48665,30.61202 46.49115,30.614 46.49146,30.61268 46.48665))",street
Тихая,"POLYGON((30.70259 46.49838,30.70559 46.49483,30.70592 46.49373,30.70259 46.49838))",street
Токио,"POLYGON((30.73406 46.46575,30.73539 46.46565,30.73544 46.46595,30.73404 46.46605,30.73406 46.46575))",street
Толбухина,"POLYGON((30.72798 46.42923,30.72787 46.42916,30.72775 46.42907,30.72815 46.42931,30.72798 46.42923))",street
Толстого,"POLYGON((30.72216 46.47878,30.72215 46.47878,30.72221 46.47862,30.72216 46.47878))",street
Томатная,"LINESTRING(30.67071 46.46393,30.67462 46.46485)",street
Тополева,"LINESTRING(30.72884 46.41052,30.72059 46.40942)",street
Торговая,"LINESTRING(30.71982 46.48401,30.73099 46.49063,30.73234 46.49202)",street
Тракторная,"POLYGON((30.64463 46.47527,30.64481 46.47553,30.65282 46.47844,30.64463 46.47527))",street
Транспортная,"LINESTRING(30.72883 46.45358,30.73236 46.45337)",street
Трасса здоровья,"LINESTRING(30.76328 46.47588,30.76091 46.46695,30.76116 46.46377,30.76299 46.4599,30.76622 46.45565,30.77001 46.44917,30.77046 46.44742,30.7713 46.43924,30.77063 46.43775,30.77066 46.4356,30.76904 46.43137,30.76574 46.42761)",street
Троицкая,"LINESTRING(30.73166 46.47734,30.74973 46.47597)",street
Трудовая,"LINESTRING(30.73703 46.43596,30.74136 46.43554)",street
ТРЦ Fontan Sky|ТРЦ Фонтанский,"POLYGON((30.74114 46.45962,30.74211 46.45955,30.74221 46.46216,30.74174 46.46218,30.74114 46.45962))",street
Тульская,"LINESTRING(30.71252 46.40726,30.71995 46.40826)",street
Тургенева,"LINESTRING(30.69727 46.48338,30.70025 46.48305)",street
Туристская,"LINESTRING(30.69621 46.44599,30.69467 46.44424,30.69464 46.44214)",street
ТЦ Европа,"POLYGON((30.73779 46.48401,30.73743 46.48404,30.73732 46.48359,30.73766 46.48356,30.73779 46.48401))",street
ТЦ Таировский,"POLYGON((30.72465 46.39092,30.72409 46.39103,30.72398 46.39074,30.7247 46.39066,30.72465 46.39092))",street
ТЮЗ,"POLYGON((30.73372 46.48333,30.73398 46.48335,30.734 46.48355,30.73356 46.48358,30.7335 46.48315,30.73394 46.48312,30.73372 46.48333))",street
Угловая,"POLYGON((30.6696 46.46482,30.671 46.46718,30.6696 46.46814,30.6696 46.46482))",street
Узикова|Гудовича,"LINESTRING(30.69824 46.50041,30.69619 46.50176,30.68919 46.50235,30.68559 46.50368)",street
украинский театр,"POLYGON((30.72674 46.49031,30.72735 46.49068,30.72688 46.49103,30.7264 46.49058,30.72674 46.49031))",landmark
Улитина,"LINESTRING(30.64372 46.47284,30.65247 46.4664)",street
Улица Толбухина,"POLYGON((30.72891 46.4294,30.7295 46.42921,30.72928 46.42946,30.72891 46.4294))",street
Уманская,"LINESTRING(30.64598 46.47296,30.6525 46.46819)",street
Умка,"POLYGON((30.79541 46.59089,30.79574 46.5907,30.79617 46.59104,30.79584 46.59123,30.79541 46.59089))",street
Урожайна,"LINESTRING(30.75187 46.42061,30.75064 46.4241)",street
Урожайная,"LINESTRING(30.6431 46.46581,30.63645 46.46536)",street
усатово|Нерубайское|Усатове,"POLYGON((30.6031 46.51039,30.6098 46.51098,30.61075 46.51183,30.61632 46.51243,30.60966 46.51979,30.61002 46.52014,30.60871 46.52084,30.59541 46.53555,30.59493 46.53382,30.59099 46.53256,30.5934 46.52077,30.59975 46.52131,30.60056 46.52097,30.60218 46.5131,30.6031 46.51039))",street
Усатовская,"LINESTRING(30.69572 46.49176,30.69897 46.48684)",street
Успенская,"LINESTRING(30.72775 46.47644,30.75537 46.47446)",street
Успех,"POLYGON((30.71415 46.41691,30.71466 46.4188,30.71454 46.41896,30.71327 46.41711,30.71415 46.41691))",street
Утёсова|Утесова,"LINESTRING(30.72742 46.47661,30.72692 46.47358)",street
Ученическая,"LINESTRING(30.63131 46.47395,30.63182 46.4676)",street
Училищная,"LINESTRING(30.70378 46.49125,30.69461 46.48843)",street
Учительская,"LINESTRING(30.67086 46.46467,30.6737 46.46542)",street
Уютная,"LINESTRING(30.7547 46.46679,30.75778 46.46647)",street
Уютный Дворик,"POLYGON((30.71697 46.40212,30.71701 46.40197,30.71721 46.402,30.71717 46.40214,30.71697 46.40212))",street
Фабричная,"LINESTRING(30.68804 46.45909,30.68841 46.4566)",street
Февральская,"LINESTRING(30.64826 46.47213,30.64917 46.47272)",street
Фесенко,"POLYGON((30.65208 46.47007,30.65071 46.47165,30.64917 46.47272,30.65208 46.47007))",street
Филатова,"LINESTRING(30.70549 46.44154,30.72105 46.43497,30.72845 46.42947)",street
Фоззи,POINT(30.70608 46.47047),landmark
Александровка|Олександрівка,POINT(30.89642 46.97353),village
Александровка|Олександрівка,POINT(30.37454 46.75239),village
фонтан|фонтанская,"LINESTRING(30.73842 46.4517,30.75246 46.42492,30.75418 46.42044,30.75219 46.41619,30.75377 46.41471,30.75395 46.41163,30.75564 46.41065,30.7557 46.40865,30.75514 46.4059,30.75311 46.40212,30.75021 46.39803,30.74721 46.39136)",street
фонтанка,"POLYGON((30.8306 46.56181,30.83639 46.56161,30.83888 46.55528,30.83706 46.55179,30.84094 46.55192,30.84412 46.55322,30.85313 46.55481,30.86101 46.55749,30.865 46.55831,30.86808 46.56013,30.87109 46.56096,30.87282 46.56219,30.87528 46.56332,30.87585 46.56443,30.87938 46.56632,30.87795 46.5703,30.88405 46.57061,30.88145 46.57861,30.87666 46.58877,30.87349 46.59762,30.81078 46.58786,30.8144 46.57684,30.81654 46.57292,30.81895 46.57243,30.82746 46.57386,30.82833 46.56934,30.8306 46.56181))",street
Французский,"LINESTRING(30.75262 46.46773,30.75676 46.45936,30.75891 46.45739,30.76063 46.4542,30.76404 46.44632,30.76496 46.4434,30.76936 46.439)",street
Хаджибеевская дорога,"LINESTRING(30.69988 46.5035,30.70088 46.50593,30.69614 46.51027,30.69258 46.5181,30.68625 46.52279,30.67903 46.53046,30.67753 46.53373,30.6775 46.53434,30.67799 46.53521,30.67767 46.53705,30.67604 46.53879,30.67397 46.54002,30.66897 46.54222)",street
Харьковская,"LINESTRING(30.73934 46.40879,30.73985 46.40675)",street
Херсонский спуск,"POLYGON((30.72136 46.49723,30.71859 46.49602,30.72005 46.49541,30.72136 46.49723))",street
Химическая,"LINESTRING(30.67695 46.48871,30.67333 46.48282,30.67355 46.47338,30.67289 46.47318)",street
Хрустальная,"LINESTRING(30.74859 46.40528,30.7551 46.40611)",street
художественный музей,"POLYGON((30.72859 46.49344,30.72824 46.49363,30.72791 46.49345,30.72908 46.4932,30.72859 46.49344))",landmark
Художника Фёдорова,"POLYGON((30.73835 46.38674,30.74088 46.38448,30.74253 46.38169,30.73835 46.38674))",street
Хуторская,"LINESTRING(30.67122 46.51188,30.68006 46.4951,30.68081 46.49422,30.67971 46.49123,30.67695 46.48871)",street
Цветаева,"LINESTRING(30.71721 46.45763,30.7274 46.46395)",street
Цветочная,"LINESTRING(30.75262 46.41749,30.74717 46.41909)",street
Центролит,"POLYGON((30.82274 46.61934,30.82136 46.6177,30.82424 46.61667,30.82556 46.61824,30.82274 46.61934))",street
Церковная,"LINESTRING(30.72435 46.50045,30.72261 46.5007)",street
Циолковского,"LINESTRING(30.70211 46.45816,30.70274 46.45923)",street
цирк,"POLYGON((30.69229 46.42738,30.69245 46.42671,30.69316 46.42656,30.69307 46.4275,30.69229 46.42738))",street
Цифровой городок,"POLYGON((30.73831 46.46829,30.73805 46.46782,30.73939 46.46773,30.73878 46.46782,30.73877 46.46826,30.73831 46.46829))",street
ЦУМ,"POLYGON((30.73993 46.47103,30.74062 46.47078,30.74048 46.47039,30.74079 46.47037,30.74087 46.47097,30.73993 46.47103))",street
Цунами,"POLYGON((30.71011 46.4882,30.7102 46.48812,30.71042 46.48823,30.71033 46.48831,30.71011 46.4882))",street
Чабанка,"POLYGON((30.99572 46.59727,30.98841 46.60414,30.97782 46.59762,30.97058 46.59168,30.95974 46.59035,30.9586 46.59734,30.94581 46.59431,30.93101 46.59132,30.92671 46.59073,30.92459 46.58284,30.92763 46.57826,30.96697 46.58448,30.98376 46.58838,30.99567 46.59163,30.99572 46.59727))",street
Чайка,"POLYGON((30.74926 46.39519,30.74915 46.3949,30.74932 46.39486,30.74943 46.39516,30.74926 46.39519))",street
Чайковского,"LINESTRING(30.73912 46.48606,30.74305 46.48576)",street
Червоный хутор,POINT(30.69741 46.37916),village
Черепановых,"POLYGON((30.73858 46.45423,30.73694 46.45434,30.73374 46.45248,30.73858 46.45423))",street
Черниговская,"MULTILINESTRING((30.74175 46.41087,30.74148 46.41172,30.73894 46.41147),(30.73633 46.41118,30.73581 46.41294),(30.73894 46.41147,30.73633 46.41118))",street
Черное море,"POLYGON((30.73926 46.47135,30.73987 46.47129,30.73991 46.47144,30.73932 46.47173,30.73926 46.47135))",street
Черноморец,"POLYGON((30.75422 46.47954,30.7551 46.47904,30.75645 46.47927,30.75688 46.47975,30.75671 46.48117,30.75562 46.48158,30.75429 46.48125,30.75392 46.48029,30.75422 46.47954))",street
Черноморского Казачества|Казачества,"MULTILINESTRING((30.72335 46.49795,30.72481 46.50155),(30.72477 46.50483,30.72403 46.51212,30.72938 46.52633,30.73136 46.52789,30.73273 46.52992),(30.72481 46.50155,30.72507 46.50237,30.72477 46.50483),(30.73284 46.53207,30.73352 46.53294),(30.73312 46.53108,30.73284 46.53207),(30.72311 46.49715,30.72335 46.49795),(30.73273 46.52992,30.73312 46.53108))",street
Чернышевского,"LINESTRING(30.72863 46.45288,30.72861 46.45278)",street
Черняховского,"LINESTRING(30.74587 46.43795,30.75592 46.44007,30.75635 46.43979,30.75643 46.44018)",street
Чкаловский,"POLYGON((30.76404 46.44688,30.7647 46.44455,30.76551 46.44302,30.76618 46.4429,30.76924 46.44349,30.76866 46.44786,30.7675 46.44774,30.76756 46.44729,30.76581 46.44714,30.76568 46.44741,30.76525 46.44736,30.76535 46.44713,30.76404 46.44688))",street
Чкаловский пляж,"POLYGON((30.77196 46.44659,30.77146 46.44621,30.77176 46.44497,30.77203 46.44498,30.77196 46.44659))",landmark
Чубаевка,"POLYGON((30.72706 46.4214,30.72754 46.42148,30.72746 46.42173,30.72698 46.42166,30.72706 46.4214))",street
Чубаевская,"LINESTRING(30.74302 46.41947,30.74533 46.4208,30.74719 46.42384,30.74957 46.42641,30.7513 46.42715)",street
Чумка,"POLYGON((30.7324 46.45251,30.73135 46.45257,30.73117 46.45205,30.73242 46.4518,30.7324 46.45251))",street
Шампанский,"LINESTRING(30.74785 46.44868,30.7549 46.45113,30.75498 46.45175,30.75718 46.4518,30.76477 46.45414)",street
Шахский дворец,"POLYGON((30.73525 46.49057,30.73525 46.4909,30.73473 46.49098,30.73499 46.49051,30.73525 46.49057))",landmark
Швыгина,"LINESTRING(30.73934 46.4388,30.73157 46.43966)",street
Шестой элемент|6 км,"POLYGON((30.66268 46.45002,30.66266 46.44787,30.66391 46.44787,30.66423 46.45002,30.66268 46.45002))",street
Шефская,"LINESTRING(30.65728 46.46612,30.6581 46.46793,30.65778 46.46862,30.65802 46.46945,30.65896 46.4699,30.66003 46.47229)",street
Шилова,"LINESTRING(30.68435 46.48673,30.68504 46.48978)",street
Ширшова,"POLYGON((30.70723 46.4938,30.70694 46.49522,30.70381 46.49891,30.70723 46.4938))",street
шишкина,"LINESTRING(30.74598 46.4095,30.72987 46.40764)",street
Шкиперская,"LINESTRING(30.72988 46.3681,30.72815 46.36762,30.72564 46.36597,30.72307 46.36481,30.72313 46.36456,30.72015 46.36276,30.71952 46.36264,30.71456 46.35867)",street
Шкодова гора,"LINESTRING(30.68485 46.50918,30.68178 46.51097)",street
Школьный,"POLYGON((30.68623 46.41459,30.68313 46.41501,30.68895 46.41398,30.68892 46.4136,30.69036 46.41333,30.69049 46.41371,30.69438 46.413,30.69415 46.4119,30.69625 46.41211,30.69646 46.4111,30.69812 46.41124,30.6981 46.41181,30.70377 46.41249,30.70393 46.41174,30.70658 46.41212,30.70641 46.41332,30.7076 46.4142,30.70857 46.41694,30.70532 46.41935,30.70594 46.4197,30.69822 46.42679,30.69755 46.42636,30.69542 46.42785,30.69307 46.4275,30.69316 46.42656,30.69113 46.42649,30.69086 46.42745,30.68877 46.42705,30.68973 46.41507,30.69002 46.41439,30.68623 46.41459))",street
Школьный аэродром,"LINESTRING(30.70911 46.41197,30.71296 46.41229)",street
Шмидта,"POLYGON((30.74205 46.46825,30.74232 46.4686,30.74297 46.47239,30.74205 46.46825))",street
Шовкуненко,"LINESTRING(30.74987 46.43868,30.75005 46.4372,30.75094 46.43505,30.75063 46.43471)",street
Шота Руставели,"LINESTRING(30.71055 46.45289,30.72151 46.45267)",street
Штилевая,"LINESTRING(30.76612 46.56084,30.77007 46.563)",street
Штурвальная,"POLYGON((30.74859 46.43219,30.74518 46.43133,30.74348 46.42989,30.74859 46.43219))",street
Щеголева,"LINESTRING(30.71846 46.49783,30.71955 46.50086)",street
щерса|щёрса|щорса,"LINESTRING(30.7032 46.44279,30.68303 46.45165)",street
Элеваторная,"LINESTRING(30.66294 46.46181,30.66348 46.46441)",street
Эстафетная,"LINESTRING(30.71471 46.38048,30.72514 46.38169)",street
Эстонская,"LINESTRING(30.72308 46.3814,30.72355 46.37686)",street
Юбилейная,"POLYGON((30.73282 46.47394,30.73284 46.47412,30.73257 46.47414,30.73254 46.47396,30.73282 46.47394))",street
Юго-западный массив|Югозападный|Юго-западный|ЮЗМ,POINT(30.72722 46.43427),landmark
Южная дорога,"LINESTRING(30.79067 46.56539,30.79754 46.56622,30.80187 46.56631,30.81279 46.56371,30.8303 46.56191)",street
Южный,"POLYGON((30.72389 46.3957,30.72392 46.39545,30.72394 46.39545,30.72389 46.3957))",street
юридическая академия|онюа|юрка,"POLYGON((30.74416 46.44229,30.74372 46.44234,30.74419 46.44142,30.7447 46.44152,30.74489 46.44117,30.74605 46.44121,30.74644 46.44192,30.74416 46.44229))",landmark
Ядова,"LINESTRING(30.69414 46.4859,30.6813 46.48709,30.67695 46.48871)",street
Якира|ицхака рабина|рабина,"LINESTRING(30.70468 46.4416,30.69492 46.43139,30.69489 46.43057)",street
Якорь,"POLYGON((30.74633 46.38387,30.74582 46.38388,30.7459 46.38456,30.74549 46.38456,30.74481 46.38322,30.74809 46.38266,30.74822 46.3833,30.74651 46.38337,30.74633 46.38387))",street
Якутская,"LINESTRING(30.71901 46.37781,30.72491 46.37836)",street
Ямчитского,"LINESTRING(30.74803 46.46777,30.74767 46.46525)",street
Ярмарочная,"LINESTRING(30.73244 46.52906,30.73252 46.52921)",street
Ясиновского,"LINESTRING(30.71726 46.47825,30.72232 46.47858)",street
Яхта,"POLYGON((30.69939 46.43505,30.69935 46.435,30.69963 46.43493,30.69939 46.43505))",street
Яши Гордиенко,"LINESTRING(30.69854 46.49678,30.70368 46.48877)",street
Ёлочная,"LINESTRING(30.74209 46.40436,30.74246 46.40298,30.74186 46.40279,30.74209 46.40436)",street
Căuşeni,"POLYGON((29.38911 46.59334,29.39009 46.59056,29.39068 46.5902,29.39105 46.5882,29.39117 46.58017,29.38849 46.57261,29.40199 46.56157,29.38767 46.55266,29.38264 46.54899,29.38688 46.54782,29.39629 46.53861,29.40145 46.5356,29.41399 46.54311,29.42837 46.55098,29.42374 46.55641,29.41612 46.5667,29.40647 46.57835,29.41635 46.58481,29.42988 46.59289,29.42797 46.59578,29.4527 46.59534,29.45618 46.59697,29.45573 46.59758,29.45735 46.59808,29.45712 46.59866,29.46653 46.60693,29.47836 46.61146,29.47702 46.61321,29.48494 46.61166,29.49492 46.59804,29.50163 46.60384,29.49112 46.61703,29.48989 46.61921,29.48523 46.62515,29.47948 46.63111,29.47834 46.63162,29.47449 46.63673,29.47574 46.63721,29.46332 46.65267,29.45208 46.66736,29.44775 46.66553,29.43354 46.65846,29.41552 46.65063,29.41292 46.65276,29.41189 46.65297,29.41685 46.65653,29.41842 46.65616,29.42389 46.65788,29.42278 46.65924,29.42463 46.66036,29.42445 46.66114,29.42704 46.66273,29.4279 46.66207,29.42751 46.6618,29.42818 46.66085,29.4294 46.6603,29.43067 46.65913,29.43105 46.65933,29.43235 46.66007,29.43235 46.6629,29.43197 46.66268,29.43056 46.6638,29.43646 46.66649,29.43574 46.66738,29.43992 46.66897,29.439 46.67,29.44146 46.67256,29.441 46.67326,29.44868 46.67503,29.45054 46.67493,29.45364 46.67557,29.46175 46.67892,29.46087 46.68034,29.45835 46.67954,29.45804 46.67988,29.45411 46.6785,29.45373 46.67889,29.45321 46.67868,29.45235 46.67984,29.44106 46.67544,29.44061 46.67602,29.43277 46.67386,29.43164 46.674,29.42909 46.67513,29.4264 46.67542,29.42234 46.67412,29.41677 46.67,29.41698 46.66923,29.40607 46.66531,29.40077 46.66377,29.40109 46.66232,29.39996 46.66199,29.39851 46.66605,29.39878 46.66613,29.39545 46.66865,29.39077 46.67501,29.38081 46.68143,29.37562 46.68206,29.3744 46.68251,29.3737 46.68181,29.36942 46.68081,29.36938 46.68042,29.36948 46.67875,29.37277 46.67958,29.37449 46.67782,29.37271 46.67684,29.37298 46.67654,29.37231 46.67622,29.37401 46.67439,29.37328 46.67381,29.36796 46.67173,29.36193 46.66889,29.36187 46.66122,29.3416 46.65656,29.31085 46.67946,29.29945 46.67308,29.30859 46.66606,29.31577 46.65935,29.32036 46.65563,29.32766 46.65158,29.33395 46.64947,29.34059 46.6443,29.34225 46.64505,29.34227 46.64533,29.35101 46.64682,29.36508 46.64991,29.3694 46.6401,29.36824 46.63821,29.37349 46.63698,29.37137 46.63421,29.3732 46.63091,29.37792 46.61923,29.37884 46.61783,29.38662 46.59999,29.38699 46.59794,29.38911 46.59334))",town
Александровка|Олександрівка,POINT(30.63125 46.32795),town
Александровка|Олександрівка,POINT(32.11189 46.61396),village
Александровка|Олександрівка,POINT(30.87364 46.60881),village
Александровка|Олександрівка,POINT(32.02041 46.30431),village
Белгород-Днестровский|Білгород-Дністровський,POINT(30.34578 46.19098),town
белозёрка|Білозерка,"POLYGON((32.42622 46.63391,32.43248 46.63321,32.4345 46.63275,32.43414 46.63188,32.43676 46.6316,32.43557 46.62888,32.43398 46.62255,32.43161 46.62232,32.43115 46.62195,32.43242 46.61487,32.43174 46.61459,32.43182 46.61387,32.43618 46.61091,32.4499 46.608,32.45027 46.60861,32.44844 46.61091,32.44702 46.61404,32.44716 46.61643,32.44768 46.61817,32.44839 46.62022,32.44949 46.62053,32.45069 46.62524,32.44915 46.62567,32.44986 46.62805,32.45177 46.63184,32.45702 46.63544,32.45532 46.63641,32.45284 46.63665,32.45038 46.63508,32.44929 46.63575,32.4517 46.63803,32.44679 46.64093,32.44772 46.64651,32.44743 46.64707,32.44649 46.6474,32.44385 46.64745,32.43998 46.64678,32.43796 46.64609,32.43624 46.64627,32.43742 46.64305,32.43681 46.64163,32.43484 46.63963,32.43368 46.6401,32.4311 46.63822,32.42689 46.63833,32.42622 46.63391))",town
Беляевка|Біляївка,POINT(30.21209 46.48442),town
Бендеры|Бендери,"POLYGON((29.49008 46.8538,29.47949 46.85311,29.47887 46.8522,29.47811 46.852,29.47662 46.85023,29.47487 46.8476,29.47436 46.84758,29.47365 46.84968,29.4732 46.8496,29.47293 46.85151,29.47126 46.85195,29.47154 46.85454,29.4696 46.85452,29.46913 46.85609,29.46444 46.85571,29.46406 46.85619,29.46228 46.85623,29.46239 46.85583,29.46102 46.85549,29.46139 46.85617,29.46071 46.85643,29.45974 46.85591,29.45924 46.85588,29.45911 46.85623,29.45718 46.8559,29.4572 46.85523,29.45619 46.85472,29.45664 46.8546,29.45811 46.85253,29.45716 46.85242,29.45573 46.85136,29.45438 46.85092,29.45353 46.85014,29.45347 46.84971,29.45132 46.84857,29.45289 46.84684,29.45188 46.84638,29.45239 46.84445,29.45318 46.84383,29.4541 46.84381,29.45567 46.84162,29.45586 46.83964,29.45688 46.83801,29.45702 46.8372,29.45547 46.83706,29.45499 46.83788,29.45385 46.83777,29.45314 46.83843,29.45339 46.83904,29.4527 46.83975,29.45088 46.83988,29.45021 46.83952,29.45405 46.83657,29.44648 46.83433,29.44824 46.83104,29.44753 46.83085,29.44811 46.82927,29.45059 46.82499,29.45037 46.82492,29.45116 46.82443,29.4518 46.82279,29.45108 46.8226,29.45166 46.82169,29.45577 46.81792,29.45399 46.81724,29.45275 46.81741,29.45021 46.8159,29.45043 46.81568,29.44997 46.81499,29.45012 46.81477,29.45355 46.81324,29.45391 46.81363,29.45839 46.81218,29.45794 46.80928,29.45871 46.80844,29.46701 46.80712,29.4607 46.80029,29.47656 46.79954,29.47636 46.78441,29.47664 46.78436,29.47667 46.78133,29.47857 46.78244,29.48216 46.78348,29.48199 46.78423,29.48243 46.78447,29.48319 46.78341,29.4848 46.78389,29.49327 46.78346,29.49433 46.7838,29.49377 46.78575,29.49463 46.7857,29.49576 46.78903,29.49599 46.789,29.49617 46.79019,29.49568 46.79098,29.49534 46.79096,29.49482 46.79344,29.49438 46.79332,29.49501 46.79378,29.49656 46.79321,29.49733 46.79409,29.4998 46.793,29.50292 46.79442,29.50398 46.79338,29.5048 46.79375,29.50708 46.79147,29.51037 46.79283,29.50867 46.79459,29.50534 46.79634,29.50307 46.79673,29.49657 46.79662,29.49485 46.79746,29.49452 46.79811,29.49461 46.80073,29.49657 46.80686,29.49657 46.8088,29.49572 46.81257,29.49279 46.82203,29.49285 46.82556,29.49245 46.82828,29.49084 46.83406,29.49108 46.83483,29.49179 46.83535,29.49857 46.83622,29.49916 46.83681,29.49788 46.84045,29.49273 46.84867,29.49008 46.8538))",town
Березанка,POINT(31.38749 46.85441),town
Буялык|Буялик,POINT(30.71857 46.91051),town
Выпасное|Випасне,POINT(30.25834 46.19285),town
днестровск|Дністровськ,"POLYGON((29.89647 46.62285,29.89779 46.62247,29.8981 46.62188,29.89917 46.62159,29.89926 46.62125,29.90103 46.6211,29.90117 46.62178,29.90268 46.62153,29.90298 46.6222,29.90741 46.62152,29.90765 46.62109,29.91114 46.62042,29.91266 46.62083,29.91946 46.61939,29.92037 46.62019,29.92643 46.61894,29.9281 46.62344,29.90876 46.62653,29.90682 46.62724,29.89799 46.62879,29.89647 46.62285))",town
доброслав,"POLYGON((30.95258 46.82709,30.95282 46.82874,30.95443 46.83288,30.94816 46.83367,30.94793 46.83517,30.94715 46.83684,30.94423 46.83621,30.94215 46.82732,30.93508 46.82588,30.93618 46.82285,30.93568 46.8229,30.93562 46.82324,30.93473 46.82322,30.93489 46.82251,30.93533 46.82236,30.93543 46.82055,30.9352 46.82016,30.93232 46.8205,30.93116 46.82011,30.93024 46.81671,30.93199 46.81644,30.93166 46.81485,30.93045 46.81205,30.93151 46.81175,30.92797 46.80626,30.92778 46.80429,30.93324 46.80352,30.934 46.80447,30.94846 46.80506,30.94746 46.80834,30.95618 46.80977,30.95258 46.82709))",town
ивановка|Іванівка,"POLYGON((30.48395 46.9559,30.4767 46.97549,30.4763 46.97758,30.47311 46.98041,30.47317 46.98222,30.4744 46.98387,30.47289 46.98585,30.47473 46.9878,30.47019 46.98926,30.4682 46.98927,30.46808 46.99364,30.46718 46.99718,30.45898 46.99704,30.45343 46.99527,30.45283 46.99497,30.45216 46.99388,30.45072 46.99401,30.44875 46.98297,30.44869 46.98221,30.44926 46.98223,30.4488 46.98106,30.44775 46.97974,30.44489 46.97817,30.45345 46.9793,30.45643 46.97907,30.45925 46.97521,30.46025 46.97307,30.4603 46.9699,30.45996 46.96904,30.45621 46.96755,30.45823 46.96319,30.45789 46.96226,30.46074 46.9627,30.4616 46.96169,30.46177 46.96019,30.46401 46.95796,30.46519 46.95738,30.46661 46.95726,30.46691 46.95684,30.46948 46.95549,30.47166 46.95491,30.47403 46.9526,30.47863 46.94006,30.47845 46.93938,30.47744 46.93859,30.47724 46.93804,30.4794 46.93574,30.47619 46.93541,30.47525 46.93562,30.4745 46.93669,30.47379 46.93666,30.47167 46.93779,30.46868 46.93787,30.46575 46.93928,30.46465 46.94082,30.46317 46.94094,30.46194 46.94182,30.46174 46.9417,30.4627 46.93973,30.46485 46.9372,30.46717 46.93511,30.46964 46.93324,30.47207 46.93247,30.4733 46.93049,30.47407 46.93009,30.47653 46.93048,30.47711 46.93031,30.48162 46.92392,30.50117 46.92725,30.49347 46.93226,30.48694 46.93503,30.48842 46.94058,30.48688 46.94417,30.4858 46.95045,30.48395 46.9559))",town
красное|Красне,"POLYGON((31.40089 46.81798,31.40498 46.81603,31.40507 46.81541,31.40598 46.815,31.4079 46.81548,31.41084 46.81686,31.41115 46.81682,31.41168 46.81583,31.41389 46.81656,31.40892 46.82339,31.40637 46.82418,31.40417 46.82395,31.40131 46.82521,31.39912 46.82579,31.39748 46.82513,31.39455 46.83254,31.39294 46.83388,31.38986 46.83347,31.38891 46.83271,31.39181 46.82554,31.39259 46.82261,31.40089 46.81798))",village
Красносёлка|Красносілка,POINT(30.77614 46.62357),town
Красносілка,"POLYGON((30.77285 46.61162,30.77314 46.61085,30.77386 46.61094,30.78003 46.61389,30.78319 46.61455,30.78234 46.61645,30.78369 46.61716,30.78735 46.6178,30.79047 46.61755,30.79148 46.62377,30.79125 46.62872,30.78803 46.62834,30.78838 46.62931,30.78848 46.63132,30.78668 46.63592,30.78168 46.63441,30.77498 46.63301,30.77413 46.63334,30.77521 46.63601,30.77228 46.63586,30.77215 46.6354,30.76964 46.6358,30.76826 46.63415,30.76157 46.63683,30.76192 46.63589,30.76099 46.63367,30.75919 46.63235,30.75708 46.62823,30.7573 46.62778,30.76046 46.62805,30.76363 46.62711,30.76376 46.62676,30.76105 46.62214,30.75865 46.62231,30.75593 46.61783,30.75834 46.61723,30.75801 46.61636,30.75857 46.6162,30.75898 46.61536,30.75938 46.61574,30.76208 46.61531,30.76384 46.61376,30.76232 46.61334,30.7629 46.61204,30.7646 46.61271,30.76852 46.61334,30.76835 46.61387,30.76888 46.61395,30.76889 46.61505,30.77143 46.61536,30.77285 46.61162))",town
Бутовка|Бутівка,POINT(31.03804 46.76438),village
Буцыновка|Буцинівка,POINT(30.22075 46.76228),village
Краснянский посёлковый совет|Краснянська селищна рада,"POLYGON((29.82812 46.65188,29.82243 46.6494,29.82125 46.65091,29.81804 46.64991,29.82002 46.64706,29.81487 46.6427,29.81535 46.64243,29.81433 46.64222,29.81344 46.64153,29.81453 46.64085,29.81649 46.63834,29.81511 46.63755,29.81764 46.6323,29.81924 46.63182,29.81945 46.63263,29.82051 46.63349,29.82311 46.63464,29.83308 46.63607,29.83216 46.63809,29.83119 46.64298,29.83191 46.64719,29.83342 46.64885,29.82812 46.65188))",town
Лазурное|Лазурне,"POLYGON((32.54412 46.08448,32.5426 46.09291,32.53967 46.09271,32.53911 46.09496,32.51702 46.09327,32.51226 46.08174,32.50099 46.08233,32.49995 46.08039,32.49522 46.08079,32.49465 46.07765,32.49513 46.07648,32.49483 46.07464,32.50797 46.07207,32.51817 46.07059,32.52246 46.0695,32.53313 46.06761,32.53997 46.06668,32.54008 46.06813,32.53927 46.06872,32.53845 46.0702,32.53988 46.07572,32.53762 46.07602,32.54115 46.08413,32.54412 46.08448))",town
Лиманка,POINT(30.69087 46.3731),town
лиманское|Лиманське,"POLYGON((29.97618 46.69143,29.97672 46.69122,29.9765 46.69072,29.97697 46.69039,29.97724 46.6888,29.97583 46.68717,29.97553 46.68622,29.97582 46.68544,29.9754 46.68436,29.97086 46.67963,29.96663 46.67628,29.9675 46.67384,29.96745 46.67139,29.96706 46.6704,29.96402 46.66766,29.96416 46.66516,29.96473 46.66437,29.96366 46.66328,29.9633 46.66205,29.96376 46.65717,29.95908 46.65225,29.95624 46.65145,29.95309 46.64872,29.95565 46.64307,29.95579 46.64199,29.95692 46.64133,29.95746 46.64041,29.95836 46.63696,29.95819 46.6348,29.95896 46.63472,29.95912 46.63393,29.96 46.63315,29.96753 46.6329,29.9667 46.6405,29.96657 46.64455,29.96896 46.64426,29.96996 46.64719,29.97033 46.64735,29.97087 46.64865,29.971 46.65043,29.97214 46.65133,29.97278 46.65261,29.97369 46.65257,29.97363 46.65853,29.98138 46.65844,29.98121 46.66267,29.98298 46.66267,29.98299 46.66456,29.98759 46.6663,29.98512 46.66924,29.98111 46.66855,29.98076 46.66998,29.9809 46.67266,29.9818 46.67538,29.98435 46.67535,29.98558 46.68021,29.98656 46.68033,29.98571 46.68203,29.98521 46.68231,29.98546 46.68353,29.98892 46.68406,29.99103 46.6895,29.9865 46.69571,29.98106 46.6945,29.97676 46.6942,29.97595 46.69239,29.97618 46.69143))",town
Маяки,POINT(30.27506 46.41663),town
Николаев|Миколаїв,POINT(31.99397 46.97586),town
Новотираспольский|Новотираспольський,POINT(29.56641 46.83018),town
Новый Тирасполь,"POLYGON((29.5812 46.8227,29.58124 46.82402,29.58268 46.82498,29.58501 46.8255,29.59228 46.82608,29.59528 46.82703,29.59741 46.8281,29.59496 46.83093,29.58357 46.82841,29.58152 46.82888,29.57223 46.82961,29.5722 46.83021,29.5727 46.83017,29.57269 46.83049,29.57213 46.83066,29.57131 46.83039,29.57115 46.83103,29.57145 46.83106,29.5709 46.83319,29.56651 46.83235,29.56532 46.83571,29.56133 46.83602,29.56118 46.84542,29.54537 46.84343,29.54958 46.82442,29.5515 46.82463,29.55427 46.82154,29.55401 46.82046,29.55432 46.81982,29.55686 46.81794,29.56041 46.81707,29.56047 46.81683,29.56831 46.81515,29.57065 46.81524,29.57309 46.81583,29.57868 46.8223,29.57865 46.82268,29.5812 46.8227))",town
Овидиополь|Овідіополь,POINT(30.44486 46.24737),town
Очаков|Очаків,POINT(31.5453 46.6146),town
Первомайск|Первомайськ,POINT(29.95447 46.73163),town
полигон|Полігон,"POLYGON((32.12473 46.96647,32.12749 46.96886,32.13511 46.96869,32.13554 46.97201,32.13482 46.97467,32.13651 46.9749,32.13389 46.9846,32.13117 46.98445,32.12314 46.9808,32.12021 46.97896,32.11856 46.97723,32.1122 46.96813,32.12183 46.96424,32.12192 46.96602,32.12452 46.96589,32.12473 46.96647))",town
Раздельная|Роздільна,POINT(30.07114 46.85467),town
Сарата,POINT(29.66295 46.02116),town
Сергеевка|Сергіївка,POINT(30.37273 46.02756),town
Сергеевка|Сергіївка,POINT(29.95972 45.99666),village
слободзея,"POLYGON((29.76571 46.71464,29.77104 46.71129,29.77803 46.71684,29.7731 46.71953,29.7859 46.72982,29.79137 46.72731,29.79431 46.7251,29.90665 46.74824,29.90554 46.74968,29.89821 46.75348,29.81227 46.79672,29.7358 46.77414,29.71478 46.76914,29.66753 46.76242,29.66655 46.75885,29.66645 46.75584,29.66785 46.75196,29.6704 46.74873,29.67292 46.73799,29.67392 46.73512,29.67447 46.7345,29.6753 46.73423,29.67716 46.73454,29.68014 46.73929,29.68142 46.74041,29.68299 46.74043,29.68474 46.73931,29.68922 46.73398,29.68976 46.73131,29.6876 46.72612,29.68748 46.72496,29.6906 46.71706,29.69358 46.71373,29.69439 46.7125,29.69476 46.71124,29.69469 46.70942,29.69308 46.7046,29.69192 46.70238,29.69037 46.70033,29.68789 46.69812,29.68171 46.69432,29.67812 46.69276,29.67189 46.69085,29.67098 46.6903,29.67039 46.68905,29.67165 46.68684,29.67168 46.686,29.66909 46.68073,29.6725 46.68009,29.68061 46.68238,29.68768 46.68565,29.69063 46.68372,29.6922 46.683,29.69296 46.68316,29.71774 46.69149,29.75785 46.70628,29.76132 46.71034,29.76144 46.71113,29.76571 46.71464))",town
татарбунары|Татарбунари,"POLYGON((29.59729 45.84935,29.59457 45.84802,29.59409 45.84716,29.59416 45.84564,29.59207 45.84524,29.59529 45.836,29.59694 45.83619,29.60092 45.82385,29.61095 45.82682,29.61205 45.82374,29.61086 45.82324,29.611 45.82288,29.61228 45.82316,29.61516 45.81523,29.62279 45.81596,29.61886 45.82625,29.62152 45.82685,29.62192 45.82764,29.62525 45.82855,29.62484 45.82934,29.63494 45.83224,29.63618 45.83725,29.63443 45.83756,29.635 45.83865,29.63688 45.84074,29.63712 45.84154,29.63945 45.844,29.63802 45.84434,29.63026 45.84418,29.62993 45.84304,29.62829 45.84212,29.62408 45.84429,29.61983 45.84473,29.61683 45.846,29.61653 45.8498,29.61602 45.85108,29.61509 45.85246,29.61462 45.85254,29.61319 45.85489,29.61225 45.85799,29.59619 45.85597,29.59652 45.8519,29.59729 45.84935))",town
Теплодар,POINT(30.32723 46.50507),town
Тирасполь,"POLYGON((29.63901 46.82177,29.64394 46.82191,29.64512 46.82317,29.64353 46.82428,29.64788 46.82526,29.65436 46.82807,29.65567 46.82696,29.65712 46.82781,29.65803 46.82904,29.66096 46.83127,29.6614 46.83077,29.66464 46.83149,29.66521 46.83054,29.66479 46.83042,29.66521 46.82977,29.66634 46.83015,29.6668 46.82945,29.67235 46.83142,29.67579 46.83012,29.67651 46.83417,29.67691 46.8349,29.67573 46.83872,29.67704 46.84036,29.67882 46.8412,29.68023 46.84139,29.69155 46.84178,29.69147 46.84428,29.68337 46.84411,29.68063 46.84481,29.67968 46.84586,29.67928 46.85078,29.66989 46.84953,29.66767 46.85231,29.66259 46.85205,29.65896 46.85474,29.65795 46.85851,29.65413 46.86506,29.65765 46.86533,29.65618 46.87033,29.64995 46.86965,29.65003 46.87493,29.64848 46.87603,29.64435 46.87402,29.64238 46.87156,29.64228 46.86881,29.64422 46.86394,29.63904 46.86282,29.63751 46.86609,29.62647 46.8651,29.62919 46.87196,29.61939 46.87095,29.61818 46.86926,29.60898 46.86832,29.60801 46.87263,29.60772 46.87259,29.60676 46.8755,29.59417 46.8737,29.59047 46.88339,29.58137 46.88241,29.58169 46.87725,29.57101 46.87569,29.56851 46.88977,29.54541 46.88678,29.54901 46.86392,29.55077 46.86409,29.55539 46.85103,29.55256 46.85075,29.55357 46.84565,29.55316 46.84444,29.56118 46.84542,29.56133 46.83602,29.56532 46.83571,29.56651 46.83235,29.5709 46.83319,29.57145 46.83106,29.57115 46.83103,29.57131 46.83039,29.57213 46.83066,29.57269 46.83049,29.5727 46.83017,29.5722 46.83021,29.57223 46.82961,29.58152 46.82888,29.58357 46.82841,29.59496 46.83093,29.59741 46.8281,29.60199 46.83073,29.60483 46.83348,29.60642 46.83396,29.61114 46.83398,29.61342 46.83311,29.6144 46.83238,29.61501 46.8314,29.61508 46.83039,29.61476 46.82961,29.61292 46.82784,29.61845 46.82573,29.63727 46.82619,29.63844 46.82545,29.63881 46.82483,29.63901 46.82177))",town
Черноморск|Чорноморськ,POINT(30.65493 46.30134),town
Черноморское|Чорноморське,POINT(30.93341 46.58491),town
Черноморское|Чорноморське,POINT(32.1739 46.30708),village
чобручи|Чобручі,"POLYGON((29.76514 46.69683,29.75902 46.69474,29.7527 46.70253,29.75132 46.70249,29.75418 46.69833,29.74793 46.69625,29.75092 46.69191,29.74861 46.69116,29.74751 46.69269,29.74061 46.69023,29.73664 46.69285,29.72203 46.68769,29.71986 46.68572,29.72263 46.68178,29.72928 46.67724,29.73314 46.67394,29.74496 46.6735,29.74897 46.67238,29.74949 46.67114,29.75229 46.67061,29.75871 46.6708,29.76548 46.67752,29.77176 46.67986,29.7744 46.68143,29.77421 46.68227,29.77207 46.6837,29.77156 46.68642,29.76953 46.68746,29.76743 46.68968,29.76911 46.69144,29.76514 46.69683))",town
Штефан-Водэ|Штефан-Воде,POINT(29.66211 46.51561),town
Южное|Південне,POINT(31.09949 46.6225),town
Алексеевская площадь,"POLYGON((30.71353 46.46079,30.71601 46.46077,30.71633 46.45844,30.71353 46.46079))",landmark
Алексеевский сквер,"POLYGON((30.71387 46.46066,30.71392 46.45959,30.71609 46.4596,30.71592 46.46066,30.71387 46.46066))",park
Артиллерийский парк,"POLYGON((30.7357 46.45097,30.73457 46.45119,30.7341 46.45085,30.7334 46.45099,30.73336 46.45143,30.7293 46.45205,30.72938 46.45225,30.72889 46.45235,30.72806 46.4486,30.73128 46.44815,30.73285 46.44828,30.73371 46.44993,30.7357 46.45097))",park
Базарная|Кирова,"LINESTRING(30.7244 46.47593,30.7255 46.4751,30.75448 46.47306)",street
Греческая площадь,"POLYGON((30.73607 46.48282,30.73562 46.48338,30.73508 46.48291,30.73607 46.48282))",landmark
Еврейское кладбище,"POLYGON((30.67109 46.49059,30.66848 46.48637,30.67435 46.4849,30.67666 46.48858,30.67363 46.48998,30.67109 46.49059))",landmark
Екатерининская площадь,"POLYGON((30.73876 46.4875,30.73923 46.48703,30.73985 46.48743,30.73928 46.48747,30.73876 46.4875))",landmark
Западное кладбище,"POLYGON((30.62003 46.49977,30.62046 46.49744,30.62221 46.49761,30.62312 46.49311,30.62546 46.49338,30.62555 46.49293,30.62662 46.49304,30.62674 46.49259,30.62771 46.49267,30.62818 46.49014,30.62949 46.49029,30.63009 46.488,30.63168 46.48814,30.63041 46.49394,30.63182 46.49409,30.63118 46.49608,30.62412 46.5037,30.62342 46.50393,30.61254 46.50271,30.61473 46.49293,30.61735 46.49254,30.6172 46.49318,30.61813 46.49328,30.61747 46.49711,30.61788 46.49715,30.61748 46.49925,30.61833 46.49932,30.61835 46.49972,30.62003 46.49977))",landmark
зоопарк,"POLYGON((30.73101 46.46845,30.731 46.46697,30.73154 46.46531,30.73144 46.46367,30.73276 46.46343,30.73293 46.4648,30.73234 46.46483,30.73267 46.46829,30.73101 46.46845))",park
Зоопарковая,"MULTILINESTRING((30.74997 46.44492,30.74426 46.44334),(30.74294 46.44356,30.74268 46.44349),(30.74426 46.44334,30.74381 46.44371,30.74294 46.44356))",park
киевский рынок,"POLYGON((30.73089 46.40041,30.7273 46.39997,30.72531 46.39974,30.72542 46.39932,30.72878 46.3999,30.72948 46.39977,30.73096 46.4,30.73089 46.40041))",market
Кладбищенская,"LINESTRING(30.69032 46.49677,30.69599 46.49602,30.70169 46.49774)",street
Кривобалковское кладбище,"POLYGON((30.69083 46.49966,30.6912 46.5011,30.68949 46.50132,30.68875 46.49987,30.69083 46.49966))",landmark
Крыжановский рынок,"POLYGON((30.78954 46.56655,30.7891 46.56595,30.78992 46.56569,30.78966 46.56649,30.78954 46.56655))",market
лунапарк,"POLYGON((30.75508 46.47609,30.75516 46.47454,30.75531 46.47454,30.75616 46.47585,30.75508 46.47609))",park
Мечниковский сквер,"POLYGON((30.71708 46.49069,30.71733 46.48887,30.71889 46.48902,30.71874 46.49053,30.71708 46.49069))",park
Михайловская площадь,"POLYGON((30.71056 46.46904,30.70986 46.4685,30.71027 46.46748,30.71144 46.46724,30.71248 46.46776,30.71221 46.46903,30.71056 46.46904))",landmark
Мичурина площадь,"LINESTRING(30.7122 46.53977,30.71444 46.54097)",landmark
Молодёжи площадь,"LINESTRING(30.70259 46.49301,30.70378 46.49125)",landmark
Молодёжный сквер,"POLYGON((30.79352 46.58529,30.79556 46.58421,30.7979 46.58641,30.79659 46.58659,30.79711 46.58717,30.7963 46.58756,30.79352 46.58529))",park
Независимости площадь,"POLYGON((30.72407 46.39924,30.72333 46.39929,30.723 46.39883,30.72394 46.39856,30.72427 46.39887,30.72407 46.39924))",landmark
Новый Рынок,"POLYGON((30.72274 46.48772,30.72414 46.48659,30.7262 46.48789,30.72488 46.48894,30.72274 46.48772))",market
Олимпийский сквер,"POLYGON((30.75669 46.44853,30.75787 46.44703,30.75938 46.44751,30.75835 46.44899,30.75669 46.44853))",park
Оптовый рынок,"POLYGON((30.70346 46.38805,30.70373 46.38595,30.70446 46.386,30.70469 46.3881,30.70346 46.38805))",market
Парк Горького,"POLYGON((30.72012 46.42998,30.71691 46.43186,30.71331 46.42938,30.71727 46.42661,30.72098 46.42912,30.72099 46.42944,30.72012 46.42998))",park
Парк Ильича,"POLYGON((30.72999 46.46813,30.72832 46.46789,30.72863 46.46658,30.72772 46.46658,30.72757 46.46387,30.73144 46.46367,30.73154 46.46531,30.731 46.46697,30.73101 46.46845,30.73003 46.46852,30.72999 46.46813))",park
Парк Космонавтов,"POLYGON((30.73879 46.45214,30.73873 46.4516,30.73934 46.45028,30.74149 46.4509,30.74179 46.45243,30.74114 46.45316,30.73879 46.45214))",park
парк Победы,"POLYGON((30.75025 46.4415,30.75642 46.44065,30.75696 46.44094,30.75835 46.4459,30.75565 46.45,30.74994 46.44777,30.75055 46.44671,30.75128 46.44677,30.75158 46.44592,30.74991 46.44539,30.75018 46.44493,30.75025 46.4415))",park
Парк Шевченко,"POLYGON((30.75079 46.48273,30.75008 46.47698,30.75407 46.4769,30.75469 46.47628,30.75441 46.47458,30.75531 46.47454,30.7567 46.47509,30.75941 46.47754,30.76046 46.47706,30.76339 46.47787,30.76176 46.47974,30.75955 46.48086,30.75227 46.48338,30.75087 46.48349,30.75079 46.48273))",park
Парк Энтузиастов,"POLYGON((30.80319 46.57823,30.80222 46.57654,30.80472 46.57597,30.8057 46.57739,30.80319 46.57823))",park
Парк Юность,"POLYGON((30.76417 46.42229,30.76196 46.42135,30.76016 46.42008,30.76217 46.41953,30.76529 46.4218,30.76417 46.42229))",park
площадь Толстого,"POLYGON((30.72362 46.47963,30.72331 46.47978,30.72338 46.47953,30.72362 46.47963))",landmark
Радиорынок,"POLYGON((30.72426 46.49795,30.72436 46.49736,30.72551 46.49715,30.72539 46.49767,30.72501 46.49763,30.72489 46.49803,30.72426 46.49795))",market
Рынок Левитан,"POLYGON((30.72907 46.40732,30.72881 46.40709,30.72899 46.40681,30.7298 46.407,30.72964 46.40742,30.72907 46.40732))",market
рынок северный,"POLYGON((30.79185 46.58628,30.79212 46.58613,30.79292 46.5868,30.79423 46.58598,30.79607 46.58745,30.794 46.58866,30.79173 46.58695,30.79211 46.58646,30.79185 46.58628))",market
Рынок Черемушки|Черёмушки|Черемушки,"POLYGON((30.71103 46.43226,30.71328 46.43123,30.71346 46.4314,30.71461 46.43075,30.71351 46.43153,30.7142 46.43221,30.7119 46.43312,30.71103 46.43226))",market
рынок южный,"POLYGON((30.72416 46.39668,30.72445 46.39369,30.72555 46.39368,30.72546 46.39464,30.72594 46.39478,30.72585 46.39546,30.72514 46.39577,30.72509 46.39671,30.72416 46.39668))",market
Савицкий парк,"POLYGON((30.69115 46.46284,30.69172 46.46216,30.69066 46.46174,30.69173 46.46066,30.69879 46.46084,30.69881 46.46341,30.69459 46.46424,30.69499 46.46566,30.69459 46.46568,30.69421 46.46439,30.69244 46.46436,30.69217 46.46356,30.69115 46.46284))",park
Сквер героев-лётчиков,"POLYGON((30.74522 46.43839,30.7443 46.43844,30.74459 46.43756,30.74527 46.4378,30.74522 46.43839))",park
Сквер героев-пограничников,"POLYGON((30.73087 46.43707,30.73071 46.4362,30.73235 46.43551,30.73275 46.43689,30.73087 46.43707))",park
Сквер Серединский,"POLYGON((30.72122 46.47399,30.72118 46.47369,30.72021 46.47285,30.72122 46.47399))",park
Сквер Шклярука,"POLYGON((30.75814 46.41385,30.75673 46.41409,30.7563 46.41363,30.75831 46.41294,30.75843 46.41317,30.75777 46.41343,30.75814 46.41385))",park
Скейт-парк,"POLYGON((30.78962 46.57814,30.78925 46.57824,30.78916 46.57807,30.78953 46.57798,30.78962 46.57814))",park
Скейтпарк,"POLYGON((30.75775 46.48077,30.75749 46.48041,30.75772 46.48015,30.75819 46.48061,30.75775 46.48077))",park
Слободское кладбище,"POLYGON((30.69114 46.49874,30.6906 46.49679,30.69596 46.49612,30.70008 46.49726,30.69835 46.49879,30.69114 46.49874))",landmark
Слободской рынок,"POLYGON((30.70379 46.49318,30.70339 46.49306,30.70272 46.49285,30.70297 46.49248,30.704 46.49281,30.70379 46.49318))",market
Соборка|Соборная площадь,"POLYGON((30.73264 46.48453,30.73138 46.48481,30.73036 46.48263,30.73232 46.48245,30.73264 46.48453))",landmark
Стамбульский парк,"POLYGON((30.7418 46.48811,30.74374 46.48613,30.7441 46.48617,30.74502 46.48521,30.74575 46.48515,30.74497 46.48555,30.74532 46.48595,30.74258 46.48849,30.7418 46.48811))",park
Старобазарный|Кировский,"POLYGON((30.73342 46.47546,30.73314 46.47365,30.73538 46.47349,30.73565 46.4753,30.73342 46.47546))",market
Старосенная|пл. Старосенная|Старосенная площадь,"POLYGON((30.73922 46.4663,30.73681 46.46654,30.73564 46.46527,30.73899 46.46505,30.73922 46.4663))",landmark
Таировское кладбище,"POLYGON((30.70026 46.39573,30.70058 46.39435,30.70049 46.3938,30.70026 46.39573))",landmark
таможенная площадь,"LINESTRING(30.74648 46.48462,30.7468 46.48518)",landmark
Тираспольский сквер,"POLYGON((30.72359 46.47532,30.72344 46.47544,30.72283 46.47554,30.7235 46.47496,30.72359 46.47532))",park
Херсонский сквер,"POLYGON((30.72288 46.49571,30.72346 46.4967,30.72317 46.49685,30.72143 46.49664,30.72138 46.49691,30.72083 46.49693,30.71867 46.49599,30.71993 46.49564,30.72177 46.49647,30.72264 46.49624,30.72258 46.49578,30.72288 46.49571))",park
Ярмарочная площадь,"LINESTRING(30.73477 46.52851,30.72868 46.52957)",landmark
Абрикосовое|Абрикосове,POINT(30.29583 46.11717),village
Авангард,POINT(30.61381 46.47109),village
Августовка|Августівка,POINT(30.64756 46.64047),village
Авидовка|Авидівка,POINT(30.20686 46.03887),village
Адамовка|Адамівка,POINT(30.50695 46.88606),village
Адамовка|Адамівка,POINT(30.22155 46.01285),village
Алава,POINT(29.56933 46.50915),village
алексеевка|Олексіївка,"POLYGON((30.07345 46.11436,30.06625 46.11771,30.0648 46.11789,30.06459 46.12181,30.0639 46.12449,30.06362 46.12834,30.05793 46.12845,30.05674 46.11929,30.05722 46.11786,30.05964 46.11522,30.05902 46.11425,30.0589 46.11262,30.05992 46.11006,30.0611 46.11015,30.0614 46.1113,30.06696 46.11115,30.07423 46.11329,30.07345 46.11436))",village
Алтестове,"POLYGON((30.5488 46.63845,30.54845 46.63733,30.5466 46.63559,30.54632 46.63434,30.54434 46.63434,30.54433 46.63392,30.54579 46.63393,30.54576 46.63205,30.54537 46.63142,30.54557 46.63007,30.54757 46.62934,30.54756 46.62859,30.54936 46.62797,30.54904 46.6268,30.54993 46.62642,30.55012 46.62601,30.5505 46.62609,30.55022 46.62757,30.55103 46.6275,30.55132 46.62855,30.55111 46.6292,30.5501 46.62923,30.54984 46.63032,30.55036 46.63186,30.54941 46.63203,30.54971 46.63464,30.55012 46.6347,30.5501 46.63513,30.54984 46.63517,30.55014 46.63647,30.54994 46.63813,30.54968 46.63847,30.5488 46.63845))",village
Алтестово|Алтестове,POINT(30.54645 46.62997),village
анатольевка|Анатолівка,"POLYGON((31.19972 46.81595,31.19611 46.8061,31.19381 46.79549,31.19382 46.79393,31.19816 46.79231,31.20017 46.79437,31.20442 46.80307,31.20617 46.80406,31.20944 46.80934,31.21359 46.8115,31.21754 46.81777,31.21977 46.81757,31.22611 46.81952,31.22747 46.81946,31.23005 46.8205,31.23469 46.82708,31.23361 46.82839,31.23436 46.83003,31.23279 46.83039,31.23112 46.83019,31.22536 46.82378,31.22456 46.82438,31.22189 46.82331,31.22064 46.82491,31.21621 46.82392,31.21618 46.82133,31.21652 46.82055,31.21436 46.82029,31.21261 46.82281,31.2084 46.82357,31.20754 46.82286,31.20203 46.82231,31.19972 46.81595))",village
ангелиновка|Ангелінівка,"POLYGON((29.95181 46.88154,29.95523 46.88253,29.95559 46.88361,29.95318 46.88856,29.95076 46.88823,29.94814 46.89359,29.94872 46.89368,29.94866 46.89441,29.95105 46.89466,29.95075 46.89555,29.95007 46.8957,29.9488 46.89859,29.94789 46.90216,29.94389 46.90189,29.94332 46.90234,29.94249 46.90239,29.94062 46.90207,29.93957 46.90289,29.93862 46.9023,29.94043 46.90014,29.94232 46.89908,29.94287 46.89794,29.94162 46.89481,29.94178 46.89287,29.94244 46.89131,29.94531 46.89158,29.94641 46.88901,29.94814 46.88905,29.95045 46.88314,29.95181 46.88154))",village
андреевка|Андріївка,"POLYGON((30.07445 46.2104,30.07928 46.2083,30.08196 46.21124,30.08929 46.2149,30.09365 46.22783,30.0915 46.22844,30.08542 46.22928,30.08498 46.2291,30.08395 46.22636,30.07505 46.22767,30.0739 46.22464,30.07766 46.22253,30.07507 46.21711,30.07396 46.21735,30.07194 46.21461,30.07445 46.2104))",village
Андреево-Зорино|Андрієво-Зорине,POINT(31.55411 46.79431),village
анновка|Ганнівка,"POLYGON((31.32382 46.94885,31.32499 46.94606,31.32234 46.9454,31.32486 46.93982,31.32694 46.93984,31.32938 46.94075,31.32998 46.94159,31.32989 46.9426,31.32951 46.94367,31.3288 46.94407,31.32755 46.94576,31.32704 46.94765,31.32819 46.94787,31.32821 46.9489,31.32578 46.94834,31.3252 46.94838,31.32458 46.94912,31.32382 46.94885))",village
Антонешть/Антонешты,POINT(29.84687 46.49533),village
Антоновка|Антонівка,POINT(30.09983 46.77107),village
Базарьянка|Базар’янка,POINT(30.14134 45.882),village
Байрамча,POINT(29.90319 46.13505),village
Бакалово|Бакалове,POINT(30.11444 46.88245),village
Баланины|Баланини,POINT(30.60299 46.97478),village
баланово|Баланове,"POLYGON((31.60421 46.86092,31.60493 46.86081,31.60465 46.8599,31.60623 46.85972,31.60886 46.86359,31.61011 46.86379,31.61123 46.86582,31.61158 46.86748,31.61312 46.87134,31.61364 46.87149,31.61364 46.8725,31.61315 46.87256,31.61299 46.87348,31.61149 46.87347,31.61125 46.87277,31.60996 46.87227,31.60975 46.87087,31.60874 46.86854,31.60625 46.86461,31.60481 46.86339,31.60432 46.86223,31.60421 46.86092))",village
Балково|Балкове,POINT(30.1665 46.84696),village
Барабой,POINT(30.5148 46.28706),village
Бараново|Баранове,POINT(30.40981 46.93634),village
Барвинок|Барвінок,POINT(32.45327 46.80759),village
Безводное|Безводне,POINT(31.74196 46.88399),village
Безымянка|Безім’янка,POINT(30.01671 45.90053),village
Быкоза|Бикоза,POINT(30.17635 46.18927),village
беленькое|Біленьке,"POLYGON((30.3626 46.06581,30.36269 46.06654,30.35556 46.06708,30.35569 46.06598,30.35529 46.06435,30.3523 46.05389,30.35277 46.05315,30.35417 46.05199,30.35699 46.05348,30.35816 46.05255,30.35883 46.0525,30.36139 46.05395,30.36236 46.0539,30.36625 46.05051,30.37214 46.04274,30.37438 46.04289,30.37418 46.0433,30.37439 46.0453,30.37279 46.04781,30.37161 46.04876,30.37085 46.05006,30.36869 46.05243,30.36695 46.05275,30.36217 46.05594,30.358 46.05385,30.35757 46.05408,30.35866 46.05828,30.35874 46.06098,30.36087 46.06177,30.36325 46.05931,30.36698 46.05772,30.37018 46.05551,30.3711 46.05361,30.37432 46.0512,30.37788 46.0491,30.37952 46.04726,30.38248 46.04596,30.38473 46.04445,30.38475 46.04212,30.38582 46.03788,30.38761 46.03825,30.38691 46.04026,30.38716 46.04245,30.38593 46.04482,30.38342 46.04712,30.386 46.0484,30.3784 46.05554,30.37857 46.05695,30.37825 46.05795,30.37501 46.0579,30.37368 46.05831,30.37516 46.06055,30.37504 46.06122,30.36988 46.06341,30.36853 46.06129,30.36657 46.06187,30.36345 46.06399,30.3626 46.06581))",village
Белка|Білка,POINT(30.4311 46.89411),village
Белолесье|Білолісся,POINT(29.70043 45.89322),village
Беляры|Білярі,POINT(31.03118 46.6227),village
береговое|Берегове,"POLYGON((32.40705 46.57056,32.40749 46.56964,32.40881 46.56934,32.41651 46.57121,32.42423 46.57255,32.42368 46.57337,32.41945 46.57295,32.40705 46.57056))",village
Березань,POINT(30.43007 46.56761),village
бессарабка,"POLYGON((31.22917 46.73808,31.22697 46.73728,31.22609 46.73658,31.2273 46.73444,31.22479 46.73301,31.22446 46.73147,31.22491 46.73131,31.23117 46.73229,31.23353 46.73338,31.24022 46.73544,31.23894 46.73964,31.23462 46.73942,31.23419 46.74019,31.23348 46.74045,31.22795 46.73897,31.22917 46.73808))",village
бехтери,"POLYGON((32.27378 46.25867,32.27077 46.25679,32.27301 46.2541,32.2738 46.25186,32.26925 46.24774,32.26711 46.24686,32.26625 46.24549,32.26776 46.23874,32.27019 46.23888,32.27006 46.23913,32.27305 46.24444,32.29037 46.2362,32.29886 46.23553,32.3066 46.23434,32.31012 46.23573,32.31352 46.23569,32.31652 46.23957,32.31911 46.2447,32.31886 46.24547,32.30049 46.25909,32.29667 46.25889,32.29483 46.25919,32.2945 46.25829,32.28525 46.25497,32.27694 46.25628,32.274 46.25896,32.27378 46.25867))",village
Бецилово|Бецилове,POINT(30.249 46.86619),village
Благовещенское|Благовіщенське,POINT(32.473 46.6242),village
благодаровка|Благодарівка,"POLYGON((31.70922 46.97327,31.71103 46.96591,31.71163 46.9645,31.7131 46.96291,31.72052 46.96379,31.71813 46.97379,31.71687 46.97376,31.71672 46.97455,31.71292 46.97474,31.71099 46.97441,31.70922 46.97327))",village
Благодатне,POINT(32.3405 46.79023),village
благодатное|Благодатне,"POLYGON((29.6404 46.26367,29.64013 46.26293,29.64075 46.26178,29.63885 46.26168,29.63859 46.25997,29.63896 46.25639,29.63998 46.25574,29.64005 46.25507,29.63947 46.25499,29.64009 46.25039,29.64284 46.25032,29.64936 46.25087,29.64983 46.25191,29.64954 46.25312,29.65114 46.25329,29.65165 46.25457,29.65124 46.25677,29.65063 46.25672,29.65071 46.25852,29.65003 46.26205,29.64823 46.26178,29.64857 46.26286,29.64848 46.26415,29.64403 46.26418,29.6433 46.26384,29.6404 46.26367))",village
Ближний Хутор|Ближній Хутір,POINT(29.64421 46.88976),village
Блонское|Блонське,POINT(30.44363 46.86503),village
Богатырёвка|Богатирівка,POINT(30.51732 46.25246),village
богородицкое|Богородицьке,"POLYGON((32.4872 46.85234,32.48586 46.85149,32.49293 46.84608,32.49733 46.84658,32.50124 46.84942,32.49346 46.85682,32.4872 46.85234))",village
Болгарка,POINT(30.45925 46.68949),village
Большая Балка|Велика Балка,POINT(30.60722 46.56452),village
Борисовка|Борисівка,"POLYGON((29.64009 45.80047,29.63807 45.80027,29.63818 45.79927,29.63562 45.79916,29.63607 45.79538,29.63414 45.79534,29.6339 45.79655,29.63073 45.79607,29.63276 45.79078,29.63058 45.79053,29.63201 45.78126,29.63403 45.78144,29.63422 45.77946,29.63632 45.77839,29.63928 45.77766,29.64099 45.78141,29.64339 45.78472,29.64404 45.78703,29.6434 45.78924,29.64441 45.78975,29.64171 45.79768,29.64166 45.79808,29.64222 45.79886,29.64174 45.80129,29.64011 45.80096,29.64009 45.80047))",village
Братське,POINT(32.16737 46.35674),village
Бриновка|Бринівка,POINT(30.38784 46.753),village
Бритовка|Бритівка,POINT(30.28347 46.17485),village
Будячки,POINT(30.35368 46.69634),village
Бузиново|Бузинове,POINT(30.4814 46.98318),village
Булдынка|Булдинка,POINT(30.97752 46.66043),village
Бурдовка|Бурдівка,POINT(30.43803 46.80142),village
Бурлачья Балка|Бурлача Балка,POINT(30.66404 46.33963),village
вавилово|Вавилове,"POLYGON((32.46875 46.91882,32.47036 46.91901,32.47049 46.92007,32.47455 46.92133,32.47774 46.92275,32.47527 46.93086,32.47316 46.93113,32.47217 46.93067,32.47192 46.93,32.46877 46.92851,32.4674 46.928,32.46569 46.92833,32.46409 46.929,32.46426 46.92923,32.46275 46.93002,32.4677 46.93236,32.46817 46.93282,32.468 46.93364,32.46407 46.93728,32.46064 46.93695,32.46068 46.93572,32.46328 46.93179,32.46217 46.9315,32.46088 46.93238,32.45915 46.93203,32.45812 46.93115,32.45958 46.92911,32.46085 46.92886,32.46236 46.92934,32.46538 46.92804,32.46304 46.92733,32.46181 46.92594,32.46226 46.92509,32.46499 46.92295,32.46875 46.91882))",village
Важное|Важне,POINT(30.45194 46.5696),village
Вакуловка|Вакулівка,POINT(30.32446 46.69209),village
Валя Верде,POINT(29.58827 46.69212),village
вапнярка,"POLYGON((30.88874 46.58648,30.88566 46.58612,30.88617 46.58481,30.87997 46.58363,30.88011 46.58303,30.87912 46.58275,30.87952 46.58027,30.88101 46.57771,30.87596 46.57698,30.87698 46.57429,30.87967 46.57466,30.88116 46.57044,30.88517 46.57069,30.88535 46.5678,30.89214 46.56959,30.89374 46.57126,30.8921 46.57393,30.89088 46.57737,30.88968 46.57895,30.88919 46.58616,30.88874 46.58648))",village
василевка|Василівка,"POLYGON((31.41429 46.80386,31.41348 46.80349,31.41417 46.802,31.41239 46.80147,31.41307 46.80028,31.41387 46.80019,31.41459 46.79947,31.41759 46.79441,31.42162 46.79571,31.42163 46.79597,31.42489 46.79765,31.42386 46.7986,31.4212 46.80398,31.41883 46.80566,31.41532 46.81052,31.41385 46.80988,31.41401 46.80923,31.41202 46.80879,31.41165 46.80796,31.41429 46.80386))",village
введенка,"POLYGON((29.54544 46.1657,29.53864 46.17416,29.53611 46.17605,29.53426 46.17543,29.53388 46.17333,29.53332 46.17322,29.53036 46.17612,29.5287 46.1771,29.52974 46.17769,29.52923 46.17834,29.52805 46.17862,29.52476 46.17636,29.52243 46.17833,29.52038 46.17717,29.52056 46.17523,29.51998 46.17487,29.52042 46.1731,29.52403 46.1716,29.52654 46.17005,29.53358 46.16024,29.54019 46.1617,29.54048 46.1603,29.54196 46.16046,29.54219 46.15962,29.54339 46.15979,29.54263 46.16213,29.54269 46.16408,29.54289 46.16442,29.54562 46.16476,29.54544 46.1657))",village
велетенское|Велетенське,"POLYGON((32.38025 46.56946,32.38182 46.56722,32.38468 46.56752,32.38782 46.56728,32.38979 46.56781,32.3918 46.56791,32.3943 46.5678,32.39544 46.56743,32.40601 46.56957,32.40705 46.57056,32.40639 46.57216,32.40581 46.57189,32.40267 46.57398,32.39884 46.57579,32.39705 46.57597,32.39563 46.57567,32.38025 46.56946))",village
Велизарово|Велізарове,POINT(30.07349 46.8803),village
Великие Ламзаки|Великі Ламзаки,POINT(30.79236 46.80071),village
Великий Буялык|Великий Буялик,"LINESTRING(30.64375 46.90704,30.63992 46.90915,30.63436 46.91061,30.63679 46.91455,30.63483 46.91522,30.6353 46.91653,30.63675 46.91806,30.63569 46.91838,30.63759 46.92207,30.64178 46.92127,30.64224 46.92423,30.64187 46.92729,30.64268 46.93078,30.64134 46.93091,30.64134 46.9362,30.64366 46.94627,30.6457 46.95138,30.64576 46.95299,30.64677 46.95323,30.6472 46.9558,30.64656 46.95801,30.6496 46.95813,30.65153 46.95947,30.64951 46.95925,30.64747 46.9612,30.65055 46.96232,30.65277 46.96045,30.65643 46.95931,30.65475 46.9575,30.6554 46.95612,30.65521 46.95408,30.65421 46.95078,30.65378 46.94669,30.65832 46.94552,30.6611 46.94522,30.66126 46.94397,30.66201 46.94403,30.66269 46.93945,30.66204 46.93768,30.66201 46.93714,30.66242 46.93708,30.66172 46.93411,30.66188 46.93063,30.66095 46.927,30.65804 46.92486,30.66327 46.92346,30.66246 46.92222,30.66153 46.92217,30.65726 46.91988,30.65625 46.91876,30.65681 46.91822,30.65595 46.91677,30.65346 46.91732)",village
Великий Буялык|Великий Буялик,"LINESTRING(30.64208 46.89941,30.64217 46.90233,30.64375 46.90704)",village
Великий Буялык|Великий Буялик,POINT(30.65054 46.93415),village
Великий Дальник,POINT(30.55985 46.47629),village
великомарьяновка|Великомар’янівка,"POLYGON((30.05525 46.05039,30.05756 46.02998,30.06319 46.0186,30.06826 46.01241,30.06885 46.0122,30.07687 46.0142,30.07679 46.01637,30.07452 46.01711,30.07353 46.01708,30.0726 46.01846,30.07131 46.01885,30.06407 46.03243,30.06273 46.03583,30.06447 46.03621,30.06276 46.04821,30.06154 46.04945,30.05915 46.0511,30.05525 46.05039))",village
Великорыбальское|Великорибальське,POINT(29.84327 46.07629),village
Верхний Куяльник|Верхній Куяльник,POINT(30.50681 46.92956),village
Весняное|Весняне,POINT(31.88292 46.97966),village
Весёлая Балка|Весела Балка,POINT(30.04303 45.85727),village
весёлое|Веселе,"POLYGON((30.10079 46.32218,30.10178 46.3207,30.10143 46.32059,30.10244 46.31926,30.10481 46.31435,30.109 46.31511,30.10901 46.31657,30.10987 46.31757,30.10567 46.32277,30.10451 46.32284,30.10079 46.32218))",village
Новое Селище|Нове Селище,POINT(30.92799 46.88415),village
визирка,"POLYGON((31.00607 46.67198,31.0049 46.6765,31.00211 46.67685,31.00224 46.67774,31.00419 46.6777,31.006 46.68762,31.00663 46.6901,31.00738 46.69104,31.00641 46.69173,31.00356 46.69025,31.00356 46.69127,31.00156 46.69892,31.00014 46.70206,30.9979 46.70339,30.99619 46.70336,30.99529 46.70408,30.99423 46.70415,30.99441 46.69217,30.99518 46.68868,30.99521 46.68482,30.99641 46.68219,30.99584 46.6785,30.99534 46.67852,30.99448 46.67691,30.99458 46.67359,30.99494 46.67352,30.99518 46.6722,30.99623 46.67079,30.99979 46.67097,31.0008 46.67134,31.00607 46.67198))",village
виишоара,"POLYGON((29.82091 46.54388,29.8259 46.54236,29.82744 46.54424,29.82811 46.54406,29.82892 46.54605,29.8278 46.54826,29.82779 46.55021,29.82536 46.55096,29.8247 46.549,29.82338 46.54919,29.82301 46.54815,29.82152 46.54836,29.82065 46.54598,29.81962 46.54618,29.81912 46.54537,29.82142 46.54456,29.82091 46.54388))",village
Викторовка|Вікторівка,POINT(31.4214 46.6566),village
Виноградарь|Виноградар,POINT(30.33987 46.6801),village
виноградное|Виноградне,"POLYGON((31.23442 46.6981,31.2326 46.70162,31.23066 46.7011,31.23047 46.70134,31.22036 46.69846,31.21809 46.69741,31.21958 46.69526,31.22 46.69537,31.22098 46.69392,31.22461 46.69491,31.22527 46.69457,31.22747 46.69514,31.22763 46.69592,31.23218 46.69729,31.23339 46.69734,31.23442 46.6981))",village
Виноградовка|Виноградівка,POINT(30.07383 46.73179),village
Вишнёвое|Вишневе,POINT(29.77295 45.80131),village
владимировка|Володимирівка,"POLYGON((31.76887 46.8446,31.76117 46.84388,31.76089 46.8449,31.75756 46.84447,31.75787 46.84346,31.75452 46.84305,31.75542 46.83934,31.75508 46.83826,31.75574 46.8369,31.75519 46.83674,31.75533 46.83626,31.75881 46.83671,31.75933 46.83536,31.76053 46.83501,31.76559 46.83513,31.76976 46.83609,31.76887 46.8446))",village
Водник,POINT(32.25935 46.99478),village
Волковское|Вовківське,POINT(30.8758 46.82435),village
Волонтировка,POINT(29.60594 46.43048),village
Вольная Дружина|Вільна Дружина,POINT(32.07596 46.35132),village
Вольное|Вільне,POINT(30.28828 45.99495),village
выгода|Вигода,"POLYGON((30.39898 46.60888,30.40128 46.61036,30.41133 46.60544,30.4119 46.60362,30.41641 46.60386,30.41682 46.60202,30.42017 46.60217,30.42059 46.60273,30.42013 46.60701,30.41573 46.60794,30.41112 46.60951,30.41209 46.61145,30.4113 46.61164,30.41184 46.6128,30.41439 46.6143,30.41497 46.61788,30.41603 46.62017,30.41701 46.62025,30.4176 46.6211,30.41826 46.62331,30.41786 46.62454,30.40642 46.62351,30.40627 46.62664,30.40398 46.62817,30.40334 46.62827,30.40321 46.62797,30.40372 46.62709,30.40348 46.62689,30.4011 46.62778,30.39904 46.63052,30.39962 46.62812,30.39933 46.62767,30.39635 46.62851,30.38903 46.62808,30.38443 46.63116,30.37813 46.62764,30.3839 46.62491,30.38015 46.62077,30.38914 46.61683,30.3798 46.61585,30.38306 46.60092,30.38697 46.60437,30.39187 46.60463,30.39206 46.60403,30.39471 46.60556,30.39898 46.60888))",village
выгон|Вигон,"POLYGON((30.28883 46.15314,30.2882 46.15318,30.28553 46.15153,30.28734 46.1478,30.28926 46.14598,30.29769 46.14025,30.30139 46.13866,30.3031 46.13939,30.3127 46.13577,30.31567 46.13532,30.31605 46.13656,30.30892 46.13864,30.29982 46.14229,30.29557 46.14541,30.30011 46.14886,30.30175 46.15053,30.30171 46.15134,30.30033 46.15228,30.29965 46.15234,30.29317 46.14743,30.29253 46.14749,30.29077 46.14878,30.28883 46.15314))",village
Гаевка|Гаївка,POINT(29.92517 46.91759),village
галицыново|Галицинове,"POLYGON((31.98152 46.80956,31.97818 46.81036,31.97627 46.81019,31.97114 46.81094,31.97118 46.80786,31.96483 46.80755,31.96376 46.80693,31.96264 46.8073,31.96019 46.80714,31.96047 46.80561,31.95725 46.805,31.95743 46.80401,31.95705 46.80375,31.95495 46.80362,31.95478 46.80414,31.95207 46.804,31.95193 46.80441,31.95048 46.80459,31.9467 46.79907,31.94354 46.79631,31.95178 46.7962,31.95186 46.79671,31.95553 46.79751,31.95662 46.8012,31.96169 46.80265,31.9659 46.80337,31.97576 46.80457,31.97702 46.80402,31.97717 46.80356,31.97806 46.80348,31.97838 46.8017,31.97985 46.80155,31.9837 46.80934,31.98152 46.80956))",village
заречное|Зарічне,"POLYGON((31.91776 46.88873,31.91638 46.89606,31.91506 46.90049,31.91241 46.90082,31.90889 46.90027,31.90824 46.89886,31.90872 46.89723,31.90869 46.89584,31.91001 46.89385,31.91213 46.89296,31.91429 46.88833,31.91474 46.8863,31.91814 46.88686,31.91776 46.88873))",village
Гаївка,"POLYGON((29.92695 46.8935,29.92861 46.89365,29.92863 46.89784,29.92893 46.89904,29.92859 46.9014,29.92938 46.9035,29.93031 46.90464,29.93045 46.90636,29.92943 46.91058,29.92961 46.91266,29.92921 46.91532,29.92859 46.91694,29.92995 46.91707,29.93021 46.91783,29.92937 46.92159,29.92826 46.9234,29.92907 46.92336,29.92921 46.9244,29.92889 46.92707,29.92827 46.92874,29.92873 46.92924,29.92857 46.92955,29.92483 46.92912,29.92553 46.92623,29.92523 46.92287,29.92237 46.92172,29.92318 46.91929,29.92085 46.91894,29.92164 46.91493,29.92236 46.91324,29.91695 46.91282,29.91731 46.91183,29.91926 46.91213,29.92294 46.91135,29.92411 46.91137,29.92522 46.90752,29.92349 46.9053,29.92421 46.90076,29.92465 46.89966,29.92509 46.89968,29.92533 46.89782,29.92459 46.89768,29.92478 46.89637,29.92521 46.89506,29.9268 46.89529,29.92695 46.8935))",village
геройское|Геройське,"POLYGON((31.88688 46.50394,31.89072 46.50559,31.89022 46.50761,31.89116 46.51093,31.89213 46.51184,31.89382 46.51227,31.89689 46.51245,31.89765 46.51208,31.8974 46.51151,31.89757 46.51091,31.90131 46.50887,31.90768 46.51006,31.90407 46.5129,31.90288 46.51488,31.90198 46.51525,31.90142 46.51624,31.89907 46.517,31.89029 46.51672,31.88696 46.51578,31.88371 46.51565,31.8835 46.51506,31.88423 46.515,31.88437 46.51472,31.88324 46.51275,31.88377 46.51231,31.88452 46.51231,31.88494 46.50921,31.88555 46.50819,31.88688 46.50394))",village
Глиное|Глинне,POINT(29.79859 46.64768),village
гончарное|Гончарне,"POLYGON((32.34007 46.57378,32.34248 46.57261,32.34829 46.57702,32.34642 46.57829,32.34007 46.57378))",village
гончаровка|Гончарівка,"POLYGON((30.06534 46.22873,30.07108 46.23006,30.07255 46.23656,30.0746 46.23691,30.07441 46.23771,30.07274 46.23737,30.07286 46.23826,30.07514 46.23837,30.07469 46.24062,30.0733 46.24055,30.07343 46.24265,30.07177 46.24266,30.07166 46.24192,30.06764 46.24184,30.06742 46.23808,30.06647 46.23463,30.06514 46.23459,30.06516 46.2338,30.06626 46.23371,30.06534 46.22873))",village
гороховка|Горохівка,"POLYGON((32.14557 46.99155,32.15167 46.99429,32.15093 46.99474,32.15244 46.99551,32.15036 46.9983,32.1535 46.99977,32.1511 47.00217,32.14881 47.00121,32.14962 47.00011,32.14892 46.99951,32.1488 46.99895,32.1497 46.99779,32.14949 46.99745,32.14698 46.99639,32.144 46.99452,32.14381 46.99403,32.14565 46.99212,32.14527 46.99189,32.14557 46.99155))",village
Граденицы|Градениці,POINT(29.99595 46.58822),village
Граденицы|Гредініца,POINT(29.58408 46.65165),village
Градениці,"POLYGON((29.97065 46.61842,29.97193 46.61799,29.97478 46.61617,29.97486 46.61444,29.97427 46.61397,29.97366 46.61225,29.9741 46.61002,29.97605 46.60799,29.9769 46.60758,29.97777 46.60822,29.97812 46.60783,29.98026 46.60767,29.98606 46.60357,29.98708 46.60192,29.9879 46.59943,29.98785 46.59811,29.98867 46.59543,29.98942 46.58914,29.99049 46.58536,29.99157 46.57458,29.99378 46.57419,30.01222 46.57802,30.01255 46.58031,30.01188 46.58517,30.01014 46.58828,30.01533 46.58955,30.01581 46.59001,30.01535 46.59151,30.01675 46.59202,30.01661 46.59356,30.01884 46.59375,30.01869 46.59535,30.01903 46.59631,30.02633 46.59651,30.0262 46.5976,30.02565 46.59816,30.02563 46.59898,30.02504 46.59935,30.0138 46.59964,30.01187 46.60001,30.01138 46.6004,30.0111 46.60186,30.01164 46.60323,30.01148 46.60549,30.01047 46.60789,30.00611 46.61146,30.00207 46.61217,29.99038 46.61287,29.98586 46.61706,29.98426 46.61895,29.98079 46.61873,29.98004 46.61936,29.97267 46.61903,29.97116 46.62021,29.96953 46.6201,29.97065 46.61842))",village
гребеники,"POLYGON((29.79779 46.88266,29.79961 46.8812,29.81376 46.87993,29.8178 46.88045,29.81589 46.88592,29.81977 46.88657,29.81977 46.88819,29.81869 46.89034,29.81925 46.89101,29.81778 46.89343,29.81833 46.89634,29.81809 46.89799,29.81473 46.89826,29.81254 46.89899,29.81005 46.90226,29.80687 46.90197,29.80686 46.90121,29.80539 46.90094,29.80537 46.89959,29.7922 46.89633,29.7929 46.89372,29.79438 46.89024,29.7956 46.88881,29.79717 46.88361,29.79779 46.88266))",village
Грибовка|Грибівка,POINT(30.56454 46.20851),village
Григоровка|Григорівка,POINT(31.00701 46.59932),village
грозовое|Грозове,"POLYGON((32.31879 46.7366,32.32488 46.73729,32.3242 46.74,32.31837 46.73916,32.31879 46.7366))",village
Гудевичево|Гудевичеве,POINT(30.66917 46.98779),village
Гуровское|Гурівське,POINT(30.06368 46.99999),village
Дальник,POINT(30.53135 46.22504),village
Дальничень|Дальнічень,POINT(29.68088 46.39794),village
даниловка|Данилівка,"POLYGON((31.51506 46.99354,31.51444 46.99031,31.5221 46.98724,31.52626 46.98793,31.52519 46.99288,31.52274 46.99993,31.5207 47.00071,31.51941 47.00224,31.51833 47.00204,31.51667 46.99994,31.51515 46.99968,31.51396 46.9991,31.51506 46.99354))",village
Дивизия|Дивізія,POINT(29.97439 45.94425),village
заря|Зоря,"POLYGON((32.28753 46.90019,32.28269 46.89969,32.28546 46.8902,32.29437 46.89103,32.29095 46.90292,32.28766 46.90222,32.28753 46.90019))",village
Заря Труда|Зоря Труда,POINT(30.96843 46.76125),village
дмитровка|Дмитрівка,"POLYGON((31.75225 46.62764,31.75518 46.62754,31.75569 46.62792,31.75473 46.63202,31.75404 46.63238,31.75344 46.63495,31.74509 46.63494,31.74479 46.63506,31.74437 46.63688,31.74383 46.63691,31.74364 46.63773,31.74226 46.63771,31.74273 46.63491,31.7393 46.63487,31.73882 46.63508,31.73843 46.63642,31.7337 46.63627,31.73314 46.63778,31.73332 46.63835,31.72925 46.63925,31.72743 46.63818,31.72123 46.63186,31.72052 46.63151,31.72354 46.63035,31.73012 46.62861,31.72981 46.62827,31.73371 46.62755,31.73677 46.62763,31.74272 46.62704,31.74839 46.62761,31.75225 46.62764))",village
днепровское|Дніпровське,"POLYGON((31.86615 46.63644,31.86574 46.63583,31.86252 46.63547,31.86395 46.63369,31.86515 46.63381,31.86581 46.63189,31.87088 46.63237,31.87601 46.6343,31.87738 46.6352,31.88157 46.63629,31.88425 46.63767,31.8831 46.63962,31.87902 46.63868,31.87858 46.6401,31.86636 46.63676,31.86615 46.63644))",village
Доброалександровка|Доброолександрівка,POINT(30.48775 46.33758),village
доброжаново|Доброжанове,"POLYGON((30.33273 46.54222,30.32993 46.5418,30.33176 46.53684,30.33145 46.53645,30.33281 46.53363,30.33542 46.53378,30.33673 46.53287,30.33843 46.5331,30.33649 46.53775,30.33607 46.53771,30.33571 46.53972,30.33651 46.53992,30.3364 46.54036,30.33422 46.54217,30.33273 46.54222))",village
Долинка,POINT(29.64414 45.93473),village
Долиновка|Долинівка,POINT(29.52404 45.9922),village
Долиновка|Долинівка,POINT(30.12142 46.03661),village
Долинівка,"POLYGON((30.11189 46.05412,30.11503 46.04759,30.11631 46.04711,30.11752 46.04443,30.1202 46.04447,30.12084 46.0412,30.12072 46.0378,30.11692 46.03743,30.11619 46.03296,30.11631 46.02948,30.11777 46.02355,30.12451 46.02337,30.13314 46.02453,30.13271 46.02701,30.13048 46.03311,30.12646 46.03309,30.12631 46.03427,30.12499 46.03448,30.12454 46.03487,30.1245 46.03832,30.12358 46.04032,30.1235 46.04139,30.12358 46.04317,30.12434 46.04494,30.12147 46.05306,30.1186 46.05624,30.11559 46.05572,30.11189 46.05412))",village
Долматовка|Долматівка,POINT(32.45731 46.21547),village
дослидное|Дослідне,"POLYGON((30.39321 46.59898,30.39459 46.59337,30.39226 46.59309,30.39256 46.5915,30.39352 46.59153,30.39359 46.59107,30.39297 46.58996,30.3924 46.58664,30.39337 46.58572,30.39754 46.58584,30.40028 46.58408,30.40487 46.58434,30.40128 46.58951,30.40037 46.59349,30.39923 46.59618,30.39888 46.59916,30.39822 46.59959,30.39321 46.59898))",village
Дружба,POINT(30.03788 46.85737),village
Егоровка|Єгорівка,POINT(30.40433 46.72186),village
елизаветовка|Єлизаветівка,"POLYGON((31.31716 46.99287,31.31434 46.99281,31.3121 46.99097,31.30726 46.99101,31.30569 46.99479,31.30101 46.99422,31.30249 46.98918,31.30535 46.98958,31.31172 46.98934,31.31178 46.98719,31.31442 46.98717,31.31444 46.98575,31.31787 46.98589,31.31716 46.99287))",village
Еремеевка|Єреміївка,POINT(30.36956 46.79195),village
ермишково|Єрмішкове,"POLYGON((29.79819 46.92739,29.79805 46.92626,29.8027 46.92332,29.80427 46.924,29.80496 46.92473,29.80569 46.92155,29.8085 46.92216,29.81206 46.92363,29.81812 46.92503,29.81748 46.92604,29.8153 46.92722,29.81455 46.92869,29.81294 46.92841,29.80936 46.92946,29.79819 46.92739))",village
Ермоклия|Єрмоклія,POINT(29.51663 46.5782),village
Железный Порт|Залізний Порт,POINT(32.29551 46.12347),village
Желепово|Желепове,POINT(30.30308 46.95324),village
журовка|Журівка,"POLYGON((31.40437 46.95771,31.40379 46.95763,31.40277 46.95618,31.39665 46.95749,31.39323 46.95703,31.39324 46.95479,31.39391 46.95471,31.39432 46.95314,31.39551 46.95324,31.39289 46.94777,31.39267 46.94595,31.39608 46.9455,31.39815 46.94571,31.40175 46.94918,31.40324 46.9489,31.40531 46.95156,31.40617 46.9533,31.4073 46.95417,31.40804 46.95544,31.40574 46.95725,31.40437 46.95771))",village
Жёлтое|Жовте,POINT(30.47292 46.85156),village
Жёлтый Яр|Жовтий Яр,POINT(29.92173 45.87216),village
Забарино|Забарине,POINT(32.29723 46.4664),village
Забары|Забари,POINT(29.75544 46.30051),village
Загорное|Загорна,POINT(29.59572 46.74585),village
Заможное|Заможне,POINT(30.05035 46.98097),village
Збурьевка|Збур’ївка,POINT(32.20451 46.24033),village
Зеленотропинское|Зеленотропинське,POINT(32.43824 46.27248),village
зелёновка|Зеленівка,"POLYGON((30.007 46.30383,30.004 46.30349,30.00283 46.30287,30.00218 46.29975,30.00172 46.29918,30.00252 46.29571,30.00551 46.28852,30.00835 46.2835,30.01166 46.2839,30.0106 46.28653,30.01255 46.28684,30.00983 46.29478,30.00816 46.30144,30.007 46.30383))",village
зелёное|Зелене,"POLYGON((31.7338 46.95603,31.73424 46.95392,31.7324 46.95372,31.73281 46.95218,31.73337 46.95053,31.73429 46.94975,31.73565 46.94982,31.73772 46.94253,31.74796 46.94376,31.74723 46.9473,31.75115 46.94773,31.74864 46.95582,31.73875 46.95549,31.73849 46.9565,31.7338 46.95603))",village
зелёный гай|Зелений Гай,"POLYGON((32.24082 46.9483,32.24104 46.94567,32.2407 46.9456,32.23639 46.94508,32.2363 46.94541,32.2326 46.94501,32.23252 46.94554,32.23186 46.94548,32.23095 46.94428,32.22955 46.94413,32.22699 46.94447,32.22513 46.94431,32.22483 46.94522,32.22385 46.94511,32.22504 46.94142,32.22825 46.94166,32.22897 46.94088,32.23036 46.93583,32.23437 46.93637,32.23482 46.93533,32.23549 46.93504,32.23901 46.93542,32.24595 46.93542,32.24951 46.93633,32.24998 46.93669,32.2504 46.93802,32.25178 46.93818,32.25148 46.93911,32.25058 46.93937,32.24853 46.94463,32.25357 46.94548,32.25222 46.94881,32.24729 46.94838,32.2466 46.94913,32.24694 46.95158,32.24034 46.95141,32.24082 46.9483))",village
Златоустово|Златоустове,"POLYGON((31.02322 46.99223,31.02234 46.99962,31.02117 47.00302,31.02281 47.00331,31.02235 47.00488,31.02248 47.00544,31.02149 47.0084,31.02188 47.00881,31.02111 47.01147,31.02053 47.01231,31.02148 47.01363,31.02086 47.0143,31.02057 47.01544,31.01973 47.01625,31.01826 47.01631,31.01827 47.01673,31.01669 47.01666,31.01624 47.0145,31.0151 47.01215,31.01401 47.00871,31.01423 47.00692,31.01576 47.0022,31.01743 47.00108,31.01956 46.99787,31.02129 46.99065,31.03022 46.99171,31.02989 46.99316,31.02964 46.9932,31.02322 46.99223))",village
Змиенково|Змієнкове,POINT(30.96009 46.60707),village
знаменка|Знам’янка,"POLYGON((32.38827 46.70989,32.39223 46.701,32.39778 46.70169,32.39495 46.7116,32.38827 46.70989))",village
зоревка|Зорівка,"POLYGON((32.3757 46.68412,32.37561 46.68322,32.37433 46.68184,32.37527 46.68037,32.37365 46.67939,32.37365 46.67466,32.38533 46.67599,32.38053 46.69289,32.3789 46.69269,32.37905 46.69098,32.37807 46.69034,32.37614 46.68988,32.37555 46.68863,32.3757 46.68412))",village
Зориново|Зоринове,POINT(30.95837 46.85711),village
Зоряное|Зоряне,POINT(30.43643 46.64087),village
Иваново|Іванове,POINT(30.88521 46.67497),village
Ильинка|Іллінка,POINT(30.6366 46.67745),village
Ильичанка|Ілічанка,POINT(30.79206 46.59926),village
Йосиповка|Йосипівка,POINT(30.43421 46.40654),village
Кагарлык|Кагарлик,POINT(30.19829 46.60189),village
казацкое|Козацьке,"POLYGON((30.02578 46.35051,30.03137 46.34483,30.04308 46.34171,30.05006 46.34024,30.05187 46.34315,30.05316 46.3461,30.06414 46.34352,30.06555 46.34599,30.06596 46.34732,30.06393 46.34754,30.06305 46.35048,30.06142 46.35287,30.055 46.35283,30.05407 46.35402,30.05338 46.35439,30.05234 46.35842,30.04545 46.35755,30.04391 46.35821,30.03417 46.35634,30.03499 46.35508,30.03172 46.35484,30.02892 46.35505,30.02769 46.35403,30.02578 46.35051))",village
Каиры|Каїри,POINT(30.96497 46.93909),village
калабатино|Калабатине,"POLYGON((31.50045 46.84335,31.50415 46.84317,31.50548 46.84341,31.50542 46.84549,31.5063 46.84729,31.50578 46.85248,31.50523 46.85293,31.503 46.85302,31.50115 46.85265,31.50016 46.85189,31.50045 46.84335))",village
Калаглия|Калаглія,POINT(30.36011 46.28513),village
Калантаевка|Калантаївка,POINT(30.27634 46.72125),village
Калиновка|Калинівка,POINT(31.52673 46.9227),village
Калиновка|Калинівка,POINT(31.03556 46.89057),village
каменка|Кам’янка,"POLYGON((31.67059 46.82363,31.66993 46.82317,31.66907 46.82186,31.66911 46.82124,31.66985 46.82047,31.66991 46.82,31.66875 46.81901,31.66855 46.81843,31.66917 46.81664,31.66923 46.81543,31.66856 46.81488,31.66783 46.81293,31.66836 46.81152,31.66911 46.81084,31.66935 46.81011,31.66934 46.809,31.6686 46.8083,31.66806 46.80445,31.66858 46.80366,31.67102 46.80284,31.67515 46.80338,31.67545 46.80686,31.6774 46.80693,31.678 46.81472,31.67843 46.81501,31.6812 46.81488,31.68135 46.81514,31.68095 46.81691,31.67826 46.81676,31.67929 46.82153,31.678 46.82184,31.67676 46.82383,31.67535 46.82426,31.677 46.82835,31.67342 46.82916,31.67219 46.82815,31.67107 46.82559,31.67059 46.82363))",village
Камчик,POINT(29.69134 45.99183),village
Новоконстантиновка|Новокостянтинівка,POINT(29.95926 46.94016),village
Новокотовск|Новокотовськ,POINT(29.95547 46.76879),village
Камышаны|Комишани,"POLYGON((32.53766 46.64835,32.53138 46.64936,32.53249 46.64441,32.53212 46.64433,32.53306 46.63979,32.52925 46.64077,32.52893 46.64269,32.52827 46.64378,32.52763 46.64397,32.51304 46.64267,32.50189 46.64304,32.50138 46.64536,32.50252 46.64617,32.50185 46.64882,32.50299 46.64899,32.50377 46.64967,32.50386 46.65048,32.50334 46.65239,32.5046 46.65257,32.5043 46.65355,32.50342 46.65351,32.50181 46.65991,32.49984 46.65966,32.5005 46.65692,32.50241 46.65713,32.50268 46.65583,32.4969 46.65493,32.49768 46.65217,32.50309 46.65283,32.50379 46.65015,32.50343 46.64939,32.50297 46.64907,32.49935 46.64853,32.49875 46.64794,32.49541 46.64762,32.49548 46.6458,32.49596 46.64413,32.49584 46.64295,32.49367 46.64149,32.49306 46.64154,32.49246 46.64267,32.48148 46.64058,32.4816 46.63702,32.48446 46.63688,32.48451 46.63657,32.48506 46.63653,32.48581 46.63316,32.48665 46.63313,32.4868 46.62931,32.48806 46.62897,32.49111 46.62903,32.49622 46.63036,32.50144 46.63128,32.50393 46.63128,32.50425 46.63169,32.50649 46.63205,32.50654 46.63066,32.5072 46.63072,32.5073 46.63212,32.51028 46.63219,32.51424 46.63334,32.51715 46.63334,32.52156 46.63495,32.52368 46.63474,32.52579 46.63515,32.52825 46.63472,32.53185 46.63497,32.53204 46.63583,32.53768 46.63434,32.53969 46.63434,32.53851 46.635,32.5401 46.63813,32.53948 46.63828,32.53763 46.64632,32.53805 46.64691,32.53766 46.64835))",village
Капаклиево|Капаклієве,POINT(30.20701 46.80734),village
Капитановка|Капітанівка,POINT(30.86421 46.97061),village
Капланы,POINT(29.87251 46.38411),village
Карагасаны,POINT(29.81436 46.46563),village
карагаш,"POLYGON((29.69477 46.77146,29.69359 46.77249,29.69596 46.77392,29.69355 46.778,29.70274 46.78073,29.69958 46.78526,29.69565 46.78478,29.69278 46.79126,29.69093 46.79071,29.69012 46.79236,29.68573 46.79469,29.68118 46.79543,29.67976 46.79874,29.6767 46.7994,29.67386 46.79877,29.67457 46.792,29.67374 46.78993,29.67321 46.78712,29.67581 46.78353,29.67589 46.77784,29.67354 46.77556,29.6701 46.76662,29.66827 46.76286,29.66968 46.76318,29.67201 46.7628,29.67564 46.76334,29.67484 46.7657,29.69477 46.77146))",village
карликовка|Карликівка,"POLYGON((31.7884 46.98815,31.78343 46.98726,31.78313 46.98615,31.78335 46.98562,31.78217 46.98536,31.78235 46.98435,31.78294 46.98398,31.78378 46.98397,31.78633 46.9809,31.78612 46.98013,31.78677 46.97915,31.78807 46.97857,31.78972 46.97898,31.79021 46.97973,31.78901 46.98147,31.78847 46.98167,31.78769 46.98299,31.78784 46.98361,31.78749 46.98426,31.78664 46.98469,31.78572 46.98665,31.7882 46.98704,31.7884 46.98815))",village
карналиевка|Карналіївка,"POLYGON((30.02017 46.22795,30.02174 46.20887,30.02568 46.20906,30.0298 46.20829,30.03229 46.20865,30.03396 46.20942,30.03028 46.22514,30.02913 46.22509,30.02852 46.22864,30.02342 46.22915,30.02017 46.22795))",village
Каролино-Бугаз|Кароліно-Бугаз,POINT(30.52555 46.14583),village
Карповка|Карпівка,POINT(30.25235 46.78739),village
Карпово|Карпове,POINT(30.36106 46.76159),village
кизомыс|Кізомис,"POLYGON((32.37561 46.56781,32.37333 46.56728,32.35173 46.56618,32.33944 46.56499,32.33884 46.56672,32.33245 46.56583,32.32291 46.56378,32.32452 46.55916,32.32006 46.55692,32.3213 46.5559,32.32315 46.55587,32.32489 46.55724,32.32719 46.55744,32.32928 46.55858,32.34572 46.56025,32.34855 46.56117,32.35235 46.56144,32.35416 46.56215,32.35701 46.56215,32.36036 46.56322,32.37603 46.56532,32.38182 46.56722,32.38025 46.56946,32.37561 46.56781))",village
Киркаешты,POINT(29.52902 46.71478),village
киселёвка|Киселівка,"POLYGON((32.47409 46.99556,32.48285 46.99651,32.48261 46.99782,32.48329 46.9982,32.48115 47.00874,32.47545 47.00827,32.47488 47.01117,32.47382 47.01117,32.47172 47.01071,32.47256 47.0077,32.46689 47.00678,32.46651 47.00761,32.46061 47.0058,32.45496 47.00502,32.45277 47.00438,32.45567 46.99527,32.4561 46.99509,32.46192 46.99603,32.46573 46.99621,32.46496 46.9982,32.46887 46.9983,32.47022 46.99734,32.4714 46.99563,32.47409 46.99556))",village
Кицканы|Кіцкани,POINT(29.61061 46.78179),village
красная коса|Красна Коса,"POLYGON((30.09576 46.34257,30.09189 46.34202,30.0917 46.3425,30.09126 46.34241,30.09139 46.34201,30.08728 46.34152,30.08675 46.34164,30.0864 46.34227,30.08323 46.34188,30.0832 46.34138,30.08704 46.34061,30.09013 46.33914,30.08955 46.33841,30.08958 46.33739,30.08841 46.33601,30.08404 46.33283,30.08522 46.33122,30.08501 46.32987,30.08657 46.32744,30.0884 46.3261,30.09627 46.33007,30.0965 46.32924,30.09736 46.32889,30.09874 46.32411,30.10334 46.32491,30.10129 46.32946,30.10103 46.3308,30.10155 46.33473,30.10118 46.33727,30.09817 46.33676,30.09785 46.34069,30.09713 46.34216,30.09576 46.34257))",village
клапая,"POLYGON((32.41137 46.71644,32.41319 46.71559,32.41772 46.71438,32.42116 46.72089,32.42226 46.72196,32.42247 46.7227,32.42337 46.72313,32.42758 46.72387,32.42674 46.72777,32.42561 46.73035,32.42439 46.73011,32.42349 46.72951,32.42286 46.72878,32.42255 46.72731,32.42195 46.72673,32.42034 46.72623,32.42061 46.72532,32.41858 46.72487,32.41745 46.72273,32.4166 46.72196,32.41531 46.72105,32.41137 46.71931,32.41083 46.71827,32.41087 46.71698,32.41137 46.71644))",village
Коблево|Коблеве,POINT(31.20851 46.66126),village
Ковалёвка|Ковалівка,POINT(30.60619 46.70803),village
козырка|Козирка,"POLYGON((31.86496 46.79939,31.87109 46.79978,31.87211 46.80066,31.87332 46.80018,31.87462 46.80142,31.8758 46.80169,31.87701 46.80305,31.88026 46.80523,31.88252 46.80913,31.8822 46.8101,31.88309 46.81109,31.88609 46.81264,31.88652 46.81317,31.88606 46.81343,31.88785 46.81485,31.88895 46.81531,31.88922 46.81585,31.88903 46.81666,31.88659 46.81814,31.88434 46.81893,31.88451 46.82263,31.88319 46.82264,31.88325 46.82373,31.87702 46.82285,31.87551 46.81973,31.87644 46.81814,31.8789 46.81641,31.8792 46.81544,31.87633 46.81553,31.86961 46.81432,31.86826 46.81438,31.86805 46.81344,31.87038 46.81256,31.86972 46.81142,31.86839 46.811,31.86674 46.80987,31.86612 46.8088,31.86631 46.80683,31.86981 46.8066,31.86974 46.8054,31.86944 46.80462,31.86396 46.80401,31.86496 46.79939))",village
Конное|Кінне,POINT(30.90436 46.7625),village
константиновка|Костянтинівка,"POLYGON((32.30726 46.98204,32.31204 46.98224,32.31248 46.98147,32.31529 46.98151,32.31565 46.98223,32.3155 46.98332,32.32115 46.98429,32.32157 46.98689,32.3223 46.98714,32.32095 46.99151,32.31867 46.99139,32.31842 46.992,32.31749 46.99229,32.30961 46.99138,32.30792 46.9903,32.30772 46.98913,32.30545 46.98885,32.30599 46.98618,32.30595 46.98467,32.30634 46.98342,32.30726 46.98204))",village
Копани|Копані,POINT(32.30873 46.80842),village
копанка,"POLYGON((29.61352 46.68758,29.61664 46.68816,29.61814 46.6873,29.61813 46.68694,29.6172 46.6861,29.61426 46.68533,29.61322 46.68467,29.61358 46.68331,29.61496 46.6826,29.62347 46.68067,29.62712 46.68064,29.62756 46.68104,29.62768 46.68185,29.6198 46.68716,29.61699 46.68956,29.61614 46.69081,29.61568 46.69181,29.61614 46.69381,29.61923 46.69681,29.62147 46.69759,29.62302 46.69732,29.62328 46.69707,29.62317 46.69656,29.62148 46.69425,29.62171 46.69354,29.6252 46.69183,29.63008 46.69035,29.63282 46.68999,29.63503 46.69012,29.6392 46.69102,29.64174 46.69219,29.64168 46.69282,29.64121 46.69328,29.6349 46.69344,29.63242 46.69378,29.63024 46.69455,29.62813 46.6963,29.62795 46.69693,29.62829 46.69803,29.62977 46.69933,29.63118 46.70005,29.63415 46.70092,29.63656 46.70136,29.64467 46.70165,29.64601 46.70198,29.64743 46.70273,29.64775 46.70426,29.64676 46.70553,29.64495 46.70678,29.64137 46.7081,29.63931 46.70845,29.63719 46.70844,29.63576 46.70806,29.63298 46.70592,29.63193 46.70571,29.63051 46.7059,29.63008 46.70638,29.62957 46.70816,29.62995 46.7153,29.63115 46.71761,29.6318 46.71805,29.63537 46.71848,29.63785 46.71732,29.63761 46.716,29.63793 46.71345,29.63833 46.71287,29.63984 46.71214,29.6427 46.71192,29.65252 46.71388,29.65711 46.71389,29.65936 46.71431,29.6601 46.71507,29.66009 46.71637,29.65973 46.71733,29.65779 46.71923,29.65615 46.72,29.65736 46.72346,29.65765 46.72654,29.66265 46.7267,29.66328 46.7332,29.66371 46.73343,29.66452 46.73326,29.66439 46.74432,29.65176 46.74458,29.65127 46.74677,29.65367 46.74936,29.61838 46.74627,29.61522 46.74604,29.61502 46.74636,29.6023 46.74547,29.60205 46.74117,29.60047 46.74065,29.59801 46.74099,29.59186 46.74341,29.5901 46.74203,29.57933 46.74127,29.57825 46.74007,29.57291 46.74033,29.57177 46.73546,29.57174 46.72755,29.57018 46.73028,29.56771 46.7308,29.56674 46.73072,29.56688 46.72888,29.56638 46.72535,29.56431 46.7155,29.56243 46.71016,29.57058 46.71056,29.56592 46.69896,29.5923 46.69837,29.59294 46.69702,29.59387 46.69693,29.59413 46.69611,29.59563 46.69498,29.59684 46.69552,29.59891 46.69407,29.60525 46.69102,29.61352 46.68758))",village
Копчак,POINT(29.52452 46.45275),village
Кордон,POINT(31.09599 46.8291),village
коротное|Коротне,"POLYGON((29.83872 46.64173,29.83799 46.63962,29.83353 46.63649,29.83787 46.63595,29.84031 46.63489,29.84546 46.63166,29.8535 46.62343,29.85736 46.62195,29.85855 46.62039,29.85929 46.61742,29.86353 46.61818,29.86282 46.62373,29.86493 46.62525,29.86996 46.62529,29.87891 46.62264,29.88418 46.62591,29.87663 46.6287,29.87997 46.63284,29.87333 46.63484,29.86427 46.63625,29.84876 46.64095,29.84769 46.6417,29.84812 46.64406,29.83872 46.64173))",village
Корсунцы|Корсунці,POINT(30.76867 46.59056),village
Косовка|Косівка,POINT(30.32034 45.99741),village
котлярёво|Котляреве,"POLYGON((32.20933 46.88187,32.20953 46.88146,32.21844 46.88238,32.22246 46.88303,32.22237 46.88347,32.23289 46.88471,32.23373 46.88151,32.23315 46.88135,32.23334 46.88091,32.23308 46.88081,32.23054 46.88049,32.23016 46.87966,32.2307 46.87831,32.23677 46.87971,32.23653 46.88138,32.23425 46.88854,32.22483 46.8874,32.22354 46.88847,32.22039 46.88797,32.21679 46.88835,32.21127 46.88773,32.21162 46.88668,32.20566 46.88597,32.20583 46.885,32.20841 46.8852,32.20872 46.88457,32.20793 46.88445,32.20767 46.88355,32.20878 46.88364,32.20933 46.88187))",village
Кочковатое|Кочкувате,POINT(29.87885 45.81096),village
Кошари,"POLYGON((31.15349 46.66235,31.15494 46.66072,31.15522 46.65979,31.15436 46.65725,31.15334 46.6562,31.15355 46.65591,31.15751 46.6559,31.15745 46.65654,31.15816 46.65668,31.15796 46.6587,31.15714 46.65912,31.15725 46.65982,31.15811 46.65987,31.15831 46.66047,31.15881 46.66056,31.15861 46.66157,31.15824 46.66161,31.15829 46.6629,31.15792 46.6632,31.15923 46.66787,31.15915 46.66962,31.15841 46.67086,31.15561 46.6709,31.15262 46.67048,31.1515 46.66625,31.15216 46.66409,31.15349 46.66235))",village
Кошары|Кошари,POINT(30.16715 46.96627),village
Кошары|Кошари,POINT(31.15498 46.66564),village
Новокиевка|Новокиївка,"POLYGON((32.49403 46.86504,32.48826 46.86436,32.4883 46.86345,32.49009 46.86097,32.49364 46.86087,32.49444 46.8605,32.49609 46.8582,32.49908 46.8562,32.49998 46.8562,32.50209 46.85789,32.50171 46.85886,32.51096 46.8598,32.50828 46.86648,32.49403 46.86504))",village
краснополье|Краснопілля,"POLYGON((31.24855 46.84962,31.2487 46.85065,31.24931 46.85151,31.25618 46.85254,31.25525 46.85614,31.25609 46.85631,31.25594 46.85694,31.25696 46.8572,31.2573 46.85912,31.25426 46.8594,31.25463 46.86372,31.25733 46.86882,31.25854 46.87241,31.25786 46.87592,31.25078 46.87494,31.24997 46.87599,31.24263 46.87418,31.23911 46.87411,31.24002 46.8656,31.23469 46.86501,31.2348 46.86355,31.2385 46.85025,31.23836 46.8498,31.24233 46.85006,31.24855 46.84962))",village
кременчуг,"POLYGON((29.66452 46.73326,29.66371 46.73343,29.66328 46.7332,29.66265 46.7267,29.65765 46.72654,29.65736 46.72346,29.65615 46.72,29.65779 46.71923,29.65973 46.71733,29.66009 46.71637,29.6601 46.71507,29.65936 46.71431,29.65711 46.71389,29.65252 46.71388,29.64611 46.71243,29.64119 46.71194,29.63984 46.71214,29.63833 46.71287,29.63767 46.71454,29.63785 46.71732,29.6369 46.71794,29.63537 46.71848,29.63327 46.71842,29.63115 46.71761,29.62995 46.7153,29.6297 46.71356,29.62957 46.70816,29.63008 46.70638,29.63051 46.7059,29.63193 46.70571,29.63298 46.70592,29.63576 46.70806,29.63719 46.70844,29.63931 46.70845,29.64137 46.7081,29.64495 46.70678,29.64676 46.70553,29.64775 46.70426,29.64783 46.70368,29.64743 46.70273,29.64657 46.70217,29.64467 46.70165,29.63656 46.70136,29.63118 46.70005,29.62875 46.69861,29.62809 46.69751,29.62813 46.6963,29.62925 46.69512,29.63242 46.69378,29.64121 46.69328,29.64182 46.69253,29.64131 46.69181,29.6392 46.69102,29.63503 46.69012,29.63129 46.69012,29.62769 46.6909,29.62171 46.69354,29.62148 46.69425,29.62267 46.69572,29.62328 46.69707,29.62194 46.69761,29.62036 46.69728,29.61923 46.69681,29.61725 46.69514,29.61614 46.69381,29.61568 46.69181,29.61699 46.68956,29.6198 46.68716,29.62768 46.68185,29.62756 46.68104,29.62712 46.68064,29.62629 46.68052,29.62347 46.68067,29.61705 46.68202,29.61358 46.68331,29.61322 46.68467,29.61364 46.68505,29.6172 46.6861,29.61813 46.68694,29.61814 46.6873,29.61712 46.68807,29.61564 46.68816,29.61047 46.68655,29.60757 46.68496,29.60358 46.68157,29.60168 46.68034,29.6014 46.67983,29.60161 46.67928,29.60629 46.6775,29.60851 46.67711,29.60995 46.67713,29.6136 46.67803,29.61625 46.67756,29.61905 46.67199,29.6195 46.67074,29.61947 46.66881,29.6278 46.66863,29.6272 46.66788,29.62614 46.66488,29.63328 46.66442,29.63581 46.67045,29.64555 46.67644,29.64548 46.67678,29.64946 46.677,29.65158 46.67648,29.6597 46.67568,29.66209 46.67609,29.66522 46.67754,29.66599 46.67844,29.66823 46.67983,29.66909 46.68073,29.67168 46.686,29.67165 46.68684,29.67039 46.68905,29.67098 46.6903,29.67189 46.69085,29.67812 46.69276,29.68171 46.69432,29.68789 46.69812,29.69037 46.70033,29.69192 46.70238,29.69308 46.7046,29.69469 46.70942,29.69476 46.71124,29.69439 46.7125,29.69358 46.71373,29.6906 46.71706,29.68748 46.72496,29.6876 46.72612,29.68976 46.73131,29.68922 46.73398,29.68474 46.73931,29.68299 46.74043,29.68142 46.74041,29.68014 46.73929,29.67716 46.73454,29.67584 46.7342,29.67447 46.7345,29.67203 46.73217,29.66452 46.73326))",village
Кремидовка|Кремидівка,POINT(30.7879 46.73829),village
Кремидівка,"POLYGON((30.80591 46.73643,30.80432 46.74157,30.79491 46.74037,30.79463 46.74019,30.79477 46.73963,30.79445 46.7395,30.78964 46.73885,30.78904 46.74244,30.78781 46.74237,30.78768 46.7437,30.78731 46.74425,30.78304 46.74386,30.78356 46.74087,30.77724 46.73998,30.77645 46.73965,30.77636 46.73931,30.77814 46.72869,30.77844 46.72866,30.78076 46.72906,30.7807 46.73174,30.78093 46.73207,30.78489 46.73235,30.78462 46.73382,30.78628 46.73394,30.78677 46.73165,30.7875 46.73122,30.79098 46.73202,30.80641 46.73405,30.80591 46.73643))",village
кривая балка|Крива Балка,"POLYGON((31.80418 46.96229,31.80354 46.96145,31.80541 46.9577,31.808 46.95345,31.811 46.94995,31.81454 46.95008,31.81974 46.95271,31.81253 46.96421,31.81117 46.96454,31.80418 46.96229))",village
Крокмаз,POINT(29.98767 46.45015),village
круглоозёрка|Круглоозерка,"POLYGON((32.39283 46.14084,32.3892 46.14092,32.38836 46.13325,32.38228 46.13299,32.38072 46.13068,32.37956 46.1298,32.37995 46.12756,32.38085 46.12762,32.38427 46.12891,32.38593 46.12472,32.387 46.1244,32.38953 46.12267,32.39188 46.1228,32.39424 46.12197,32.39938 46.12225,32.39956 46.12115,32.40183 46.12263,32.40257 46.12268,32.4033 46.13196,32.40341 46.14067,32.39283 46.14084))",village
крутой яр|Крутий Яр,"POLYGON((32.48157 46.77195,32.48246 46.7711,32.48846 46.77175,32.48844 46.77221,32.49109 46.77268,32.48945 46.77383,32.48739 46.77602,32.48253 46.77527,32.48188 46.77454,32.48157 46.77195))",village
Крутоярка,POINT(31.2552 46.93042),village
крутояровка|Крутоярівка,"POLYGON((29.81161 46.35479,29.81516 46.35088,29.81683 46.34995,29.81809 46.34872,29.81932 46.34891,29.82036 46.34728,29.825 46.34795,29.82579 46.3471,29.84052 46.35165,29.83799 46.35282,29.82389 46.36114,29.82729 46.36251,29.82771 46.36324,29.8259 46.36502,29.82376 46.36574,29.82232 46.36715,29.82005 46.36644,29.81991 46.36565,29.8173 46.36566,29.81608 46.3675,29.81568 46.36753,29.81486 46.36926,29.81317 46.36881,29.81071 46.3675,29.80998 46.3683,29.80803 46.36766,29.80569 46.36624,29.80722 46.36476,29.80637 46.36409,29.80548 46.36231,29.81161 46.35479))",village
Кубанка,POINT(30.72842 46.70734),village
Кузьменко|Кузьменка,POINT(30.25601 46.73378),village
Кулевча,POINT(29.93337 46.0346),village
Курган,POINT(30.45035 46.52323),village
курисово|Курісове,"POLYGON((30.94228 46.9671,30.942 46.96582,30.94263 46.96553,30.94659 46.96543,30.95244 46.96431,30.95853 46.96579,30.96097 46.96573,30.96145 46.96608,30.96213 46.96605,30.96205 46.96573,30.96364 46.96561,30.96296 46.9633,30.96333 46.96245,30.96308 46.96149,30.96455 46.96185,30.9655 46.96054,30.96647 46.96043,30.9671 46.95743,30.96996 46.95711,30.97263 46.96588,30.97278 46.96725,30.97215 46.96987,30.96737 46.97985,30.94573 46.97535,30.94263 46.97986,30.93863 46.97891,30.93443 46.97744,30.9356 46.9734,30.93628 46.9722,30.93731 46.97134,30.93807 46.9696,30.93952 46.96922,30.94356 46.97012,30.9434 46.9688,30.94228 46.9671))",village
Курортное|Курортне,POINT(30.2948 45.9359),village
максимовка|Максимівка,"POLYGON((32.48026 46.95622,32.48483 46.95656,32.48438 46.95983,32.4853 46.9613,32.48316 46.96929,32.48247 46.97003,32.4814 46.97031,32.48098 46.97137,32.47891 46.97068,32.47856 46.96979,32.47935 46.96835,32.47923 46.96702,32.4786 46.96552,32.47853 46.96409,32.47686 46.96332,32.47643 46.9617,32.47842 46.95886,32.47926 46.95807,32.48035 46.95792,32.48026 46.95622))",village
малаешты|Малаєшти,"POLYGON((29.54567 47.00628,29.52453 46.97664,29.5331 46.97141,29.54933 46.96632,29.55936 46.96936,29.56481 46.9739,29.57365 46.99146,29.56205 46.99915,29.5652 47.0042,29.54567 47.00628))",village
куцуруб,"POLYGON((31.59241 46.64262,31.59381 46.64238,31.59765 46.64445,31.60072 46.64569,31.60317 46.64608,31.60746 46.64744,31.61199 46.64763,31.61635 46.64846,31.6185 46.64844,31.62312 46.64956,31.62931 46.65036,31.63606 46.65009,31.64334 46.65117,31.6445 46.65181,31.64434 46.65271,31.64331 46.65511,31.64151 46.65538,31.64033 46.65522,31.64001 46.65588,31.63874 46.65885,31.64091 46.65909,31.64108 46.65962,31.64063 46.6608,31.6364 46.66128,31.6302 46.65946,31.6293 46.66151,31.62838 46.66145,31.62793 46.66264,31.62625 46.66241,31.62569 46.66312,31.6252 46.66313,31.6246 46.66249,31.62387 46.66232,31.62409 46.66186,31.59913 46.65455,31.59719 46.65194,31.59386 46.65149,31.59197 46.65063,31.59484 46.64646,31.59114 46.64394,31.59241 46.64262))",village
Кучурган,POINT(29.98047 46.73693),village
Лазо,POINT(29.57452 46.48877),village
Леонтьево,POINT(29.59219 46.66344),village
Лески|Ліски,POINT(30.81596 46.56383),village
либенталь|Лібенталь,"POLYGON((30.46063 46.43201,30.46064 46.43104,30.45982 46.42962,30.46424 46.42005,30.46967 46.4212,30.46928 46.42401,30.47284 46.42418,30.4728 46.42589,30.47644 46.42635,30.47484 46.43335,30.46617 46.43283,30.46063 46.43201))",village
Лизинка|Лізинка,POINT(30.64542 46.89481),village
Лиман,POINT(29.96075 45.905),village
Лимановка|Лиманівка,POINT(32.14166 46.28915),village
лиманы|Лимани,"POLYGON((31.96283 46.74757,31.95884 46.74695,31.95936 46.74319,31.95631 46.74283,31.95232 46.74174,31.95275 46.74071,31.95515 46.73763,31.95773 46.73501,31.9585 46.73358,31.9606 46.73204,31.96738 46.72587,31.96893 46.72563,31.97082 46.72277,31.96992 46.72142,31.97271 46.71627,31.97369 46.71525,31.97438 46.7133,31.97682 46.70969,31.9882 46.71166,31.98978 46.71266,31.98893 46.71624,31.9882 46.7176,31.98326 46.71895,31.98129 46.71909,31.98189 46.72307,31.98356 46.72527,31.98318 46.7276,31.98159 46.72748,31.98068 46.72839,31.97627 46.73046,31.97566 46.73126,31.97549 46.73222,31.97359 46.73209,31.97283 46.73277,31.97039 46.73672,31.97086 46.73778,31.97017 46.73952,31.97254 46.74007,31.97146 46.74301,31.97155 46.74692,31.96657 46.74636,31.96597 46.74821,31.96283 46.74757))",village
Луговое|Лугове,POINT(31.28733 46.64089),village
Луговое|Лугове,POINT(29.82479 46.25278),village
лупарево|Лупареве,"POLYGON((31.97296 46.68746,31.98826 46.68829,31.98744 46.69339,31.98888 46.69429,31.98721 46.69838,31.98652 46.7015,31.97837 46.70091,31.97816 46.70203,31.97635 46.70191,31.97622 46.70109,31.97541 46.701,31.97511 46.69988,31.97631 46.69641,31.97451 46.69255,31.97296 46.68746))",village
луч|Промінь,"POLYGON((32.21249 46.82858,32.21236 46.82773,32.21683 46.82684,32.21584 46.82458,32.22059 46.82409,32.2244 46.82454,32.22623 46.82519,32.23005 46.82868,32.22927 46.83075,32.22355 46.82997,32.22309 46.83087,32.22188 46.8311,32.22126 46.82979,32.21595 46.83067,32.21337 46.82947,32.21264 46.82961,32.21249 46.82858))",village
лучинское|Лучинське,"POLYGON((29.95174 46.84271,29.95241 46.84284,29.95243 46.84411,29.95338 46.845,29.9525 46.84685,29.95078 46.84766,29.95005 46.84768,29.94973 46.84859,29.94933 46.84853,29.9485 46.85319,29.95017 46.85359,29.95056 46.85752,29.95107 46.85922,29.95041 46.86052,29.95035 46.86215,29.95049 46.86562,29.95101 46.86816,29.95042 46.86907,29.94883 46.87039,29.94818 46.87164,29.94835 46.87276,29.95078 46.87455,29.95046 46.87603,29.94888 46.87591,29.94787 46.87831,29.94092 46.87747,29.93838 46.87941,29.93436 46.88185,29.93302 46.88136,29.93859 46.87661,29.93956 46.87404,29.94133 46.87111,29.9429 46.86669,29.94351 46.86556,29.94574 46.863,29.94452 46.86028,29.94549 46.85706,29.94675 46.85726,29.94669 46.85577,29.94528 46.84948,29.94681 46.84693,29.94902 46.84477,29.95062 46.84533,29.95174 46.84271))",village
люблино|Люблине,"POLYGON((31.15577 46.96535,31.15508 46.95838,31.15753 46.95815,31.15669 46.95477,31.15512 46.95172,31.15311 46.95246,31.14834 46.94683,31.1509 46.94584,31.14793 46.94192,31.15079 46.94102,31.15809 46.9507,31.16099 46.95587,31.16177 46.96183,31.16259 46.96488,31.15577 46.96535))",village
любомировка|Любомирівка,"POLYGON((32.38531 46.88337,32.38261 46.89108,32.36889 46.89004,32.36643 46.88842,32.36838 46.88158,32.37201 46.88178,32.38024 46.88313,32.38531 46.88337))",village
Любополь|Любопіль,POINT(31.0969 46.72378),village
Майоры|Майори,POINT(30.27766 46.54068),village
малахово|Малахове,"POLYGON((31.34908 46.91094,31.3505 46.90904,31.35295 46.9092,31.35395 46.90836,31.35599 46.9074,31.35799 46.90706,31.35767 46.91,31.35842 46.91025,31.35835 46.91187,31.35777 46.91304,31.35938 46.91467,31.35921 46.91586,31.35793 46.91821,31.35537 46.92081,31.35208 46.92167,31.35106 46.9209,31.35262 46.9201,31.35312 46.91949,31.35069 46.91794,31.34959 46.91485,31.34742 46.91521,31.34604 46.91486,31.34692 46.91172,31.34878 46.91168,31.34908 46.91094))",village
Мале,"POLYGON((30.49414 46.74336,30.49541 46.74126,30.49576 46.7396,30.49882 46.74068,30.50178 46.74118,30.50366 46.74222,30.50229 46.74357,30.50087 46.74403,30.50002 46.74484,30.49772 46.74465,30.49793 46.7444,30.49553 46.74368,30.49462 46.74371,30.49414 46.74336))",village
Малиновка|Малинівка,POINT(30.39642 46.93394),village
маловарваровка|Маловарварівка,"POLYGON((31.6976 46.94529,31.69309 46.94442,31.69339 46.94357,31.69125 46.94327,31.69148 46.94209,31.69622 46.94228,31.69825 46.93852,31.70659 46.94039,31.70584 46.94352,31.70309 46.94311,31.70279 46.94416,31.69848 46.94365,31.69803 46.94539,31.6976 46.94529))",village
Малодолинское|Малодолинське,POINT(30.624 46.35395),village
Малое|Мале,POINT(30.49813 46.74223),village
Мандрове,POINT(30.32298 46.58127),village
маразлиевка|Маразліївка,"POLYGON((30.04607 46.11492,30.04745 46.1064,30.04593 46.10625,30.04622 46.10468,30.04712 46.10478,30.04706 46.10291,30.0464 46.10266,30.04615 46.09921,30.04572 46.09823,30.04541 46.09595,30.04613 46.09099,30.04744 46.09094,30.04715 46.08352,30.0475 46.08116,30.05229 46.08196,30.05248 46.08914,30.05199 46.0922,30.05383 46.09224,30.05247 46.097,30.05326 46.09771,30.05375 46.10168,30.05575 46.10574,30.05602 46.10874,30.05554 46.11146,30.05309 46.11615,30.04607 46.11492))",village
Мариновка|Маринівка,POINT(30.5262 46.75918),village
марковка|Марківка,"POLYGON((31.33722 46.93602,31.33597 46.93588,31.33376 46.93504,31.33476 46.93159,31.33446 46.92883,31.33575 46.92769,31.33821 46.92354,31.34188 46.92426,31.34322 46.92488,31.34335 46.92522,31.33773 46.93343,31.33754 46.9357,31.33722 46.93602))",village
Мартово|Мартове,POINT(30.07026 46.9777),village
Марьяновка|Мар’янівка,POINT(31.1152 46.83225),village
Марьяновка|Мар’янівка,POINT(30.46542 46.38874),village
Матиясово|Матіясове,POINT(31.45087 46.75927),village
матросовка|Матросівка,"POLYGON((31.74328 46.7369,31.74551 46.7271,31.75505 46.72791,31.75478 46.72907,31.75389 46.72899,31.75285 46.73322,31.75453 46.73337,31.75435 46.73444,31.7526 46.73423,31.75174 46.73824,31.74936 46.73793,31.74918 46.73815,31.74812 46.74206,31.74684 46.74188,31.74789 46.73765,31.74328 46.7369))",village
Матышевка|Матишівка,POINT(30.05276 46.8357),village
меняйловка|Міняйлівка,"POLYGON((29.50799 46.38637,29.50987 46.38451,29.5088 46.38398,29.50947 46.38284,29.51162 46.38112,29.51529 46.3758,29.51374 46.37434,29.5141 46.37351,29.51575 46.3717,29.52006 46.36555,29.52514 46.3666,29.52523 46.3664,29.52652 46.36687,29.52177 46.37725,29.52237 46.38206,29.52795 46.38415,29.52606 46.38799,29.52533 46.3997,29.52358 46.39989,29.52168 46.39939,29.51782 46.39927,29.51614 46.39846,29.51692 46.39472,29.51779 46.39486,29.51821 46.39282,29.51958 46.39288,29.51982 46.38792,29.52032 46.38576,29.51549 46.38483,29.51407 46.38749,29.50899 46.38686,29.50799 46.38637))",village
Меренешты|Меренешти,POINT(29.54134 46.7742),village
Мешково-Погорелово|Мішково-Погорілове,POINT(32.1173 46.99816),village
Мещанка|Міщанка,POINT(30.95022 46.697),village
Мигаево|Мигаєве,POINT(30.04658 46.98749),village
Миллиардовка|Мільярдівка,POINT(30.20509 46.75442),village
Мирне,"POLYGON((30.35485 46.47685,30.35289 46.4754,30.34985 46.47454,30.35649 46.47043,30.36142 46.46685,30.36522 46.46324,30.37048 46.46249,30.392 46.46312,30.39194 46.46886,30.39035 46.47454,30.38755 46.47467,30.38552 46.47114,30.37981 46.47132,30.3805 46.46997,30.37997 46.46984,30.37638 46.47539,30.35688 46.47623,30.35485 46.47685))",village
мирное|Мирне,"POLYGON((31.61291 46.94833,31.61322 46.94183,31.61764 46.94196,31.62409 46.94314,31.62206 46.94986,31.61471 46.94994,31.61366 46.94948,31.61291 46.94833))",village
Новодмитровка|Новодмитрівка,POINT(32.31594 46.61087),village
новое|Нове,"POLYGON((31.69152 46.87146,31.68973 46.87071,31.69003 46.86964,31.69256 46.865,31.69318 46.86444,31.6938 46.86105,31.69655 46.8605,31.69779 46.8606,31.69879 46.86129,31.6998 46.86136,31.69974 46.86409,31.69906 46.86538,31.69747 46.86696,31.69767 46.86819,31.69631 46.87133,31.69353 46.87184,31.69152 46.87146))",village
мирнополье|Мирнопілля,"POLYGON((29.64226 46.17126,29.6419 46.15872,29.64211 46.15482,29.64587 46.15469,29.6463 46.15509,29.64631 46.15617,29.64702 46.15615,29.64739 46.15655,29.64829 46.15923,29.64827 46.161,29.64863 46.16125,29.64887 46.16304,29.64861 46.16643,29.64675 46.16643,29.64663 46.1697,29.64607 46.17073,29.64226 46.17126))",village
Миролюбовка|Миролюбівка,POINT(32.29811 46.72749),village
михайловка|Михайлівка,"POLYGON((31.42895 46.76617,31.4285 46.76446,31.42709 46.76448,31.42661 46.75921,31.4258 46.7591,31.42609 46.75781,31.4267 46.75672,31.42989 46.75447,31.43077 46.75483,31.43195 46.75394,31.4328 46.7543,31.4336 46.75523,31.43166 46.75935,31.43164 46.76058,31.43229 46.76209,31.43238 46.76534,31.4319 46.76619,31.42895 46.76617))",village
Молдаванка|Молдованка,POINT(30.33705 46.64899),village
молдово|Молдове,"POLYGON((29.64697 46.21979,29.64783 46.2129,29.64894 46.20947,29.65599 46.21039,29.65471 46.22023,29.65431 46.22066,29.64697 46.21979))",village
Молога,POINT(30.22461 46.22062),village
молодецкое|Молодецьке,"POLYGON((32.29368 46.69289,32.2939 46.69022,32.29487 46.6857,32.30026 46.68624,32.30074 46.68673,32.29925 46.69366,32.29368 46.69289))",village
Молодёжное|Молодіжне,POINT(30.60945 46.33147),village
монаши|Монаші,"POLYGON((30.04863 46.17228,30.05011 46.16702,30.05391 46.15716,30.05582 46.15029,30.05765 46.15034,30.05825 46.14904,30.06104 46.14921,30.06356 46.14982,30.06248 46.15744,30.06325 46.15937,30.06164 46.16348,30.06013 46.1631,30.05525 46.17385,30.05146 46.1743,30.04962 46.17408,30.04863 46.17228))",village
морское|Морське,"POLYGON((31.26471 46.61407,31.26558 46.6119,31.27133 46.6123,31.27245 46.61267,31.26849 46.61645,31.26723 46.61824,31.26876 46.61884,31.26981 46.61822,31.27053 46.6205,31.26501 46.62267,31.26069 46.62575,31.25905 46.62524,31.25692 46.62361,31.2548 46.62312,31.25561 46.62162,31.25688 46.62097,31.25939 46.61851,31.2625 46.61633,31.26471 46.61407))",village
міжлиманське,"POLYGON((30.70546 46.56526,30.70407 46.56128,30.70468 46.5611,30.7034 46.55928,30.70738 46.55797,30.70992 46.56159,30.71222 46.55929,30.71314 46.55995,30.7133 46.5598,30.71363 46.55902,30.71214 46.55792,30.71243 46.5571,30.71577 46.55698,30.71508 46.55881,30.71695 46.55966,30.71729 46.55962,30.71738 46.55912,30.71901 46.55706,30.72254 46.55655,30.72635 46.55672,30.72601 46.55784,30.72421 46.55931,30.72388 46.56037,30.7243 46.56057,30.72416 46.56121,30.7231 46.56292,30.72243 46.56511,30.72011 46.56866,30.7206 46.56876,30.7198 46.571,30.72007 46.57218,30.71976 46.5735,30.71869 46.57322,30.7172 46.5758,30.71263 46.57473,30.71195 46.57491,30.70908 46.57438,30.7101 46.5713,30.70946 46.57118,30.7086 46.56903,30.70804 46.56913,30.70693 46.56678,30.70611 46.56624,30.70583 46.56525,30.70546 46.56526))",village
Набережное|Набережне,POINT(30.69752 46.57276),village
надбугское|Надбузьке,"POLYGON((31.85355 46.99548,31.85712 46.99283,31.85782 46.99364,31.85935 46.99403,31.86083 46.99223,31.86283 46.99307,31.86285 46.99429,31.86361 46.99466,31.86309 46.99804,31.85711 47.00381,31.85474 47.00308,31.8558 46.99682,31.85355 46.99548))",village
надеевка|Надіївка,"POLYGON((32.35221 46.71099,32.35647 46.69957,32.34847 46.69862,32.3499 46.69293,32.35899 46.69393,32.3621 46.69567,32.36298 46.69726,32.36292 46.69766,32.36542 46.69806,32.36501 46.69966,32.36608 46.69986,32.36678 46.70107,32.36649 46.70272,32.36769 46.70296,32.36795 46.70344,32.36776 46.70412,32.36689 46.70439,32.36579 46.7083,32.36413 46.70811,32.36303 46.7127,32.35221 46.71099))",village
надия|Надія,"POLYGON((29.64524 46.23433,29.64451 46.23388,29.64527 46.23091,29.643 46.23049,29.64338 46.22801,29.64406 46.22678,29.64485 46.22033,29.64697 46.22033,29.64708 46.21988,29.65622 46.22176,29.65651 46.22239,29.6547 46.22989,29.65283 46.22976,29.65289 46.23102,29.65185 46.23461,29.64524 46.23433))",village
Надлиманское|Надлиманське,POINT(30.33269 46.3745),village
Надъярное|Над’ярне,POINT(29.88831 46.21327),village
негрово|Негрове,"POLYGON((29.65039 46.2096,29.65271 46.20035,29.65403 46.19705,29.65585 46.19398,29.65741 46.19422,29.6576 46.19395,29.65922 46.19433,29.65804 46.19645,29.6586 46.19658,29.65752 46.19881,29.65704 46.19903,29.65623 46.20139,29.65726 46.20148,29.65717 46.20249,29.65526 46.20228,29.65374 46.20896,29.65269 46.20886,29.65235 46.20993,29.65039 46.2096))",village
Незавертайловка|Незавертайлівка,POINT(29.93241 46.60683),village
Нерубайское|Нерубайське,POINT(30.6298 46.54462),village
Несломленное|Незламне,POINT(32.4028 46.58478),village
нечаянное|Нечаяне,"POLYGON((31.54293 46.95619,31.53926 46.9553,31.54149 46.94881,31.5442 46.93931,31.54495 46.93809,31.54739 46.93809,31.54919 46.93469,31.54497 46.93262,31.54544 46.93113,31.55059 46.93121,31.55771 46.93006,31.55804 46.93016,31.55816 46.9345,31.56473 46.93465,31.56578 46.94017,31.5659 46.94356,31.56567 46.94397,31.55943 46.94515,31.55999 46.94836,31.55636 46.94902,31.55374 46.95234,31.55076 46.95404,31.55089 46.95566,31.55031 46.95717,31.54293 46.95619))",village
Нижний Куяльник|Нижній Куяльник,POINT(30.53192 46.88577),village
Нижняя Марьяновка,POINT(29.60569 46.52009),village
Николаевка|Миколаївка,POINT(30.28834 46.63956),village
Николаевка|Миколаївка,POINT(30.33434 46.30685),village
Николаевка|Миколаївка,POINT(30.21925 45.90261),village
николаевское|Миколаївське,"POLYGON((32.11572 46.92056,32.12268 46.92149,32.12347 46.91756,32.1214 46.91715,32.12165 46.91636,32.1249 46.91681,32.12347 46.92447,32.12813 46.92522,32.13212 46.93024,32.1202 46.93674,32.11938 46.93877,32.11587 46.93853,32.11407 46.93598,32.11874 46.93368,32.1166 46.93153,32.11531 46.93182,32.11254 46.92898,32.10785 46.93076,32.10703 46.92996,32.11193 46.92811,32.10768 46.92317,32.11181 46.92175,32.11505 46.92187,32.11572 46.92056))",village
Никольское|Нікольське,POINT(29.85893 46.87674),village
Новая Андрияшевка|Нова Андріяшівка,POINT(29.95671 46.83392),village
новая долина|Нова Долина,"POLYGON((30.57842 46.40141,30.57456 46.39688,30.59131 46.3899,30.59162 46.39008,30.59161 46.39339,30.59106 46.39753,30.59191 46.4002,30.59152 46.40061,30.58653 46.40421,30.5844 46.40357,30.58384 46.40415,30.58294 46.40402,30.58228 46.40456,30.58051 46.40492,30.57517 46.40283,30.57842 46.40141))",village
новая дофиновка|Нова Дофінівка,"POLYGON((30.9142 46.57441,30.91589 46.57467,30.91678 46.57429,30.91798 46.57571,30.92351 46.5773,30.92413 46.57813,30.92675 46.57886,30.92456 46.58283,30.92297 46.58234,30.92148 46.5873,30.91529 46.58633,30.91451 46.58873,30.90844 46.58784,30.90791 46.58922,30.90754 46.58918,30.90665 46.59195,30.90334 46.59141,30.8996 46.59136,30.89885 46.59106,30.89966 46.58938,30.89951 46.58878,30.90079 46.5846,30.90044 46.58279,30.90238 46.57906,30.90401 46.57765,30.90437 46.57677,30.90399 46.57474,30.9046 46.57403,30.89977 46.5726,30.89999 46.57217,30.90492 46.57312,30.90955 46.5734,30.9142 46.57441))",village
Новая Заря|Нова Зоря,POINT(32.0917 46.74337),village
Новая Збурьевка|Нова Збур’ївка,POINT(32.45241 46.45533),village
новая ивановка|Нова Іванівка,"POLYGON((29.63761 46.19235,29.63926 46.18663,29.64093 46.1868,29.64112 46.1873,29.64258 46.18754,29.64057 46.19204,29.63917 46.19191,29.63901 46.19253,29.63761 46.19235))",village
Новая Ковалёвка|Нова Ковалівка,POINT(30.60585 46.70082),village
Новая Ольшанка|Нова Вільшанка,POINT(30.94553 46.71355),village
новая царичанка|Нова Царичанка,"POLYGON((29.87326 46.26552,29.87117 46.2653,29.873 46.26046,29.87018 46.26018,29.8699 46.25978,29.87029 46.25728,29.87109 46.25741,29.87146 46.2571,29.87331 46.25239,29.87579 46.2527,29.87911 46.24636,29.8836 46.24699,29.88391 46.24615,29.88624 46.24643,29.88594 46.24727,29.89111 46.24787,29.88958 46.25312,29.88805 46.25552,29.88671 46.25536,29.88443 46.26154,29.8792 46.26102,29.87883 46.26205,29.87732 46.26183,29.87574 46.26592,29.87326 46.26552))",village
Новая Эметовка|Нова Еметівка,POINT(30.5385 46.72508),village
новобогдановка|Новобогданівка,"POLYGON((31.95835 46.86227,31.95915 46.86231,31.96323 46.86487,31.96821 46.86936,31.97074 46.87241,31.97204 46.8731,31.97348 46.87571,31.97347 46.87629,31.96542 46.87872,31.96513 46.87834,31.96526 46.87762,31.95943 46.87925,31.9532 46.86984,31.95348 46.86961,31.95328 46.86886,31.95172 46.86858,31.9512 46.86773,31.95455 46.86707,31.95413 46.86644,31.95467 46.86546,31.9563 46.86501,31.95546 46.86421,31.95835 46.86227))",village
Нововладимировка|Нововолодимирівка,POINT(29.5203 46.93763),village
Нововладимировка|Нововолодимирівка,POINT(32.39685 46.24941),village
Новоградковка|Новоградківка,POINT(30.47916 46.35853),village
новогригоровка|Новогригорівка,"POLYGON((32.31886 46.88428,32.31982 46.8796,32.32114 46.87978,32.32225 46.87635,32.3285 46.87723,32.32804 46.87922,32.32909 46.87936,32.32875 46.8802,32.3307 46.88046,32.32911 46.88549,32.31886 46.88428))",village
Новодмитровка|Новодмитрівка,POINT(30.30029 46.78974),village
новокрасное|Новокрасне,"POLYGON((29.97563 46.78504,29.97516 46.78682,29.97589 46.78689,29.97587 46.79097,29.97813 46.79841,29.97884 46.80352,29.97504 46.80246,29.97492 46.80339,29.97058 46.80308,29.97132 46.79937,29.97119 46.79631,29.97175 46.79636,29.97181 46.79559,29.9712 46.79546,29.9712 46.79357,29.97018 46.79367,29.97014 46.78758,29.97095 46.78753,29.97129 46.78508,29.97563 46.78504))",village
новомихайловка|Новомихайлівка,"POLYGON((31.71669 46.88121,31.7176 46.87812,31.71805 46.87809,31.71796 46.87668,31.7185 46.87433,31.72035 46.8746,31.71945 46.87828,31.72254 46.87857,31.72372 46.87394,31.72575 46.87422,31.7239 46.88157,31.72174 46.8813,31.7216 46.88175,31.71669 46.88121))",village
новониколаевка|Новомиколаївка,"POLYGON((32.34973 46.96518,32.35046 46.96335,32.35113 46.95996,32.34982 46.95788,32.34885 46.95714,32.35032 46.95104,32.3508 46.95074,32.35653 46.95118,32.36252 46.952,32.36039 46.95976,32.36067 46.9601,32.36606 46.96088,32.36563 46.96254,32.36553 46.96478,32.36726 46.96573,32.36797 46.96812,32.36937 46.96864,32.36762 46.97729,32.35334 46.97525,32.35205 46.97327,32.35126 46.96914,32.349 46.96898,32.34973 46.96518))",village
новоподолье|Новоподілля,"POLYGON((31.47413 46.97529,31.47914 46.9683,31.48063 46.96867,31.48132 46.96847,31.49066 46.9714,31.48545 46.97884,31.48199 46.97797,31.48248 46.97606,31.48042 46.97573,31.47763 46.97669,31.47391 46.97581,31.47413 46.97529))",village
новорусское|Новоруське,"POLYGON((32.25285 46.90649,32.26449 46.90766,32.26397 46.90975,32.25298 46.90875,32.25238 46.90855,32.25285 46.90649))",village
новосавицкая|Новосавицька,"POLYGON((29.86487 46.80604,29.86305 46.80575,29.8629 46.80524,29.86524 46.80406,29.86436 46.80279,29.86671 46.80163,29.86589 46.80068,29.86707 46.80001,29.86824 46.80083,29.87303 46.79845,29.87429 46.79958,29.87426 46.79997,29.87079 46.80219,29.87381 46.80099,29.87514 46.80206,29.87337 46.80376,29.87243 46.80405,29.87134 46.80367,29.86621 46.80636,29.86487 46.80604))",village
Новосавицкое|Новосавицьке,POINT(29.76643 46.9844),village
Новоселица|Новоселиця,POINT(29.69811 45.82191),village
Новосельцы|Новосільці,POINT(30.16262 46.72794),village
Новософиевка|Новософіївка,"POLYGON((32.49894 46.15751,32.51725 46.1552,32.51451 46.16505,32.51658 46.16598,32.51518 46.17015,32.51001 46.17145,32.50995 46.1743,32.50967 46.17491,32.50688 46.17513,32.5035 46.17398,32.49292 46.16922,32.49627 46.16029,32.49894 46.15751))",village
новосёловка|Новоселівка,"POLYGON((32.38596 47.00201,32.38674 46.99972,32.38836 46.99994,32.38937 46.99959,32.39068 46.99573,32.39353 46.99579,32.39776 46.99667,32.40381 46.9988,32.40376 46.99981,32.40247 47.00339,32.40168 47.00413,32.39306 47.00319,32.38596 47.00201))",village
Новоукраинка|Новоукраїнка,POINT(30.28607 46.81691),village
новофёдоровка|Новофедорівка,"POLYGON((32.31038 46.18269,32.30914 46.15958,32.32366 46.16073,32.32445 46.1738,32.3298 46.17426,32.32821 46.18261,32.32521 46.18232,32.31038 46.18269))",village
Новочерноморье|Новочорномор’я,POINT(32.26447 46.207),village
Новые Беляры|Нові Білярі,POINT(31.00186 46.6354),village
Новые Раскайцы|Раскаєцій-Ной,POINT(29.77412 46.535),village
Новые Чобручи|Нові Чобручі,POINT(30.07249 46.86703),village
Новые Шомполы|Нові Шомполи,POINT(30.73219 46.85394),village
Облои|Облої,POINT(32.13986 46.24384),village
олександрівка,"POLYGON((30.86003 46.59973,30.86418 46.60036,30.86447 46.59957,30.86692 46.59919,30.86943 46.59995,30.87219 46.60125,30.87193 46.60155,30.87702 46.60479,30.87666 46.60516,30.87877 46.60618,30.88057 46.60635,30.88134 46.60824,30.88125 46.609,30.87682 46.61127,30.87516 46.61315,30.87308 46.61244,30.87327 46.6119,30.87358 46.61196,30.87339 46.60923,30.86974 46.60944,30.86493 46.61114,30.86338 46.6091,30.86461 46.6059,30.86509 46.60584,30.86575 46.60455,30.86263 46.60411,30.86201 46.60549,30.86152 46.60574,30.85771 46.6051,30.85804 46.60443,30.85266 46.60337,30.85442 46.59927,30.85984 46.60026,30.86003 46.59973))",village
оленовка|Оленівка,"POLYGON((32.30675 46.94537,32.2982 46.94438,32.29805 46.94399,32.30119 46.92919,32.30167 46.92899,32.31087 46.93018,32.30675 46.94537))",village
приморское|Приморське,"POLYGON((32.40077 46.10578,32.40213 46.09947,32.4015 46.09259,32.42291 46.08826,32.42428 46.09133,32.41782 46.09261,32.41416 46.1073,32.41082 46.10779,32.40208 46.10763,32.40077 46.10578))",village
Приозёрное|Приозерне,POINT(29.9303 46.79791),village
Приозёрное|Приозерне,POINT(32.47043 46.63662),village
Причеповка|Причепівка,POINT(30.3397 46.9786),village
Причерноморское|Причорноморське,POINT(30.913 46.75174),village
олэнешть|Оленешть,"POLYGON((29.90027 46.49077,29.90097 46.49112,29.9026 46.49,29.9005 46.48868,29.9033 46.4864,29.90467 46.48569,29.9071 46.48722,29.91038 46.48547,29.90951 46.48459,29.91033 46.48415,29.91055 46.48436,29.91179 46.48402,29.91327 46.48428,29.91316 46.48454,29.91509 46.48688,29.92038 46.48487,29.92463 46.48513,29.92916 46.48366,29.9348 46.48546,29.93555 46.48448,29.93933 46.48639,29.94167 46.48323,29.94378 46.4833,29.94321 46.48561,29.9414 46.48669,29.93973 46.48629,29.93881 46.48717,29.93972 46.48917,29.94037 46.49185,29.93859 46.49297,29.93533 46.49326,29.92992 46.49725,29.9304 46.49785,29.92979 46.49919,29.93067 46.49969,29.92907 46.50091,29.9292 46.50117,29.92499 46.50223,29.92357 46.50325,29.92272 46.50462,29.92314 46.50578,29.91965 46.50744,29.91864 46.50898,29.91852 46.50927,29.91935 46.51048,29.91757 46.51117,29.91425 46.51073,29.91092 46.51112,29.90985 46.5115,29.90984 46.5119,29.90649 46.51283,29.90405 46.51448,29.90138 46.51455,29.89904 46.51522,29.89857 46.51415,29.90046 46.5136,29.89943 46.51285,29.8955 46.50856,29.89452 46.50818,29.89359 46.5073,29.89659 46.50532,29.89566 46.50394,29.89664 46.5031,29.89773 46.50246,29.89871 46.50274,29.90119 46.50091,29.89837 46.49869,29.89932 46.49716,29.89709 46.49548,29.89796 46.49368,29.89671 46.49289,29.89761 46.49207,29.8984 46.49217,29.90027 46.49077))",village
Ониськово|Ониськове,POINT(30.82406 46.92344),village
осетровка|Осетрівка,"POLYGON((31.52744 46.69724,31.52832 46.69572,31.52969 46.69466,31.53473 46.69675,31.53533 46.69625,31.53684 46.69697,31.53703 46.69768,31.53634 46.69817,31.53436 46.6977,31.53359 46.69857,31.53023 46.6969,31.52866 46.69785,31.52744 46.69724))",village
островка|Острівка,"POLYGON((31.7247 46.71346,31.72352 46.71992,31.72094 46.71812,31.72036 46.71801,31.71526 46.71936,31.71491 46.7213,31.71315 46.72539,31.71174 46.72501,31.7109 46.72795,31.70244 46.72739,31.70326 46.72542,31.70805 46.72436,31.70813 46.72321,31.70775 46.72198,31.70696 46.72111,31.70419 46.72052,31.70498 46.71868,31.70579 46.71886,31.70727 46.71158,31.7247 46.71346))",village
Отрадово|Одрадове,POINT(30.44312 46.6864),village
Очаковское|Очаківське,POINT(32.00729 46.34445),village
Павлинка,POINT(30.67461 46.81391),village
Павловка|Павлівка,POINT(29.98655 46.75704),village
Паланка,POINT(30.09789 46.40912),village
Палиевка|Паліївка,POINT(30.47196 46.64657),village
Памятное|Пам’ятне,POINT(32.21655 46.36667),village
Парканцы|Парканці,POINT(30.04623 46.94149),village
Парканы|Паркани,POINT(29.51738 46.8372),village
Парутино|Парутине,POINT(31.90092 46.70487),village
парышево|Паришеве,"POLYGON((32.26629 46.71315,32.26709 46.70958,32.26785 46.70968,32.26914 46.7061,32.27451 46.707,32.27208 46.71395,32.26629 46.71315))",village
Пасечное|Пасічне,POINT(29.6133 46.20094),village
Переможное|Переможне,POINT(30.79669 46.70488),village
Петро-Евдокиевка|Петро-Євдокіївка,POINT(30.1841 46.82137),village
петровка|Петрівка,"POLYGON((31.75237 46.99559,31.75718 46.99486,31.76021 46.99515,31.76117 46.99173,31.76258 46.99168,31.7651 46.99221,31.77016 46.99061,31.77216 46.98743,31.77548 46.98785,31.77396 46.99071,31.78058 46.99168,31.77993 46.99404,31.77 46.99271,31.76885 46.99357,31.76944 46.99471,31.76871 46.99551,31.77005 46.99608,31.76895 46.99884,31.76917 46.9996,31.76877 47.00144,31.76694 47.00206,31.76222 47.00166,31.7607 47.00774,31.75594 47.00722,31.75544 47.00684,31.75553 47.00453,31.75396 47.00398,31.75175 47.0039,31.75044 47.00453,31.74861 47.00408,31.75237 46.99559))",village
петрово|Петрове,"POLYGON((30.36678 46.59106,30.36153 46.59048,30.36158 46.58713,30.36312 46.58024,30.35511 46.57932,30.35613 46.5736,30.35088 46.57198,30.35216 46.57019,30.35754 46.57192,30.35908 46.57042,30.36201 46.57091,30.36501 46.57096,30.36402 46.57513,30.36495 46.5766,30.36983 46.58051,30.37509 46.5811,30.3804 46.58129,30.38127 46.58902,30.38103 46.59226,30.36678 46.59106))",village
Петродолинское|Петродолинське,POINT(30.40535 46.432),village
петропавловка|Петропавлівка,"POLYGON((29.54886 46.34502,29.55277 46.34254,29.5569 46.34068,29.55645 46.34037,29.55763 46.33975,29.55861 46.3404,29.56328 46.33919,29.56816 46.33644,29.57152 46.33511,29.57529 46.33269,29.58194 46.3307,29.58404 46.32963,29.5855 46.33056,29.58701 46.32982,29.58832 46.33064,29.58881 46.33032,29.59153 46.33211,29.58573 46.33599,29.58069 46.33781,29.58341 46.33958,29.58477 46.33972,29.58632 46.34143,29.58385 46.34261,29.58299 46.34263,29.5739 46.34625,29.57302 46.34724,29.57185 46.34772,29.57088 46.3467,29.56564 46.34821,29.55901 46.35154,29.55631 46.3521,29.54904 46.34687,29.54886 46.34502))",village
Петрушене,"POLYGON((31.68905 46.49965,31.68814 46.49873,31.68877 46.49803,31.69006 46.4979,31.69319 46.49596,31.69694 46.4953,31.69864 46.49421,31.70145 46.49148,31.70266 46.49184,31.70288 46.49449,31.70549 46.49645,31.70143 46.50033,31.69686 46.50106,31.69452 46.50013,31.69148 46.50064,31.68905 46.49965))",village
пивденное|Південне,"POLYGON((30.13988 46.26946,30.13922 46.26872,30.13295 46.2712,30.13119 46.26917,30.13661 46.26672,30.14777 46.26251,30.15 46.26451,30.15203 46.26694,30.15196 46.26723,30.14922 46.26872,30.15455 46.27339,30.15602 46.27563,30.15389 46.27662,30.15091 46.27486,30.14603 46.27667,30.13988 46.26946))",village
Прогрессовка|Прогресівка,POINT(31.06131 46.92146),village
чумаки,"POLYGON((31.76662 46.87864,31.76643 46.87848,31.76848 46.8703,31.77155 46.87226,31.77094 46.87342,31.77368 46.87365,31.77548 46.87482,31.77552 46.87636,31.77771 46.87653,31.7775 46.87913,31.76662 46.87864))",village
плахтиевка|Плахтіївка,"POLYGON((29.71971 46.07754,29.7222 46.08474,29.72512 46.09031,29.72423 46.09141,29.72453 46.09209,29.72612 46.09325,29.72813 46.09651,29.73214 46.09675,29.73186 46.09816,29.73283 46.10028,29.73054 46.10084,29.73473 46.11078,29.73568 46.11508,29.73502 46.11539,29.72919 46.11572,29.71798 46.11725,29.71784 46.1167,29.71598 46.11693,29.71399 46.10933,29.71328 46.10789,29.71291 46.10791,29.71254 46.10732,29.71134 46.1046,29.71148 46.10402,29.70938 46.09923,29.70937 46.09847,29.71095 46.09787,29.71082 46.09658,29.7064 46.09698,29.7062 46.096,29.7073 46.09589,29.70491 46.08968,29.70457 46.08973,29.70441 46.08919,29.7029 46.07994,29.71971 46.07754))",village
Плоп-Штюбей,POINT(29.52902 46.67545),village
Повстанское|Повстанське,POINT(30.25989 46.52484),village
подгорное|Підгірне,"POLYGON((30.02658 46.25285,30.0262 46.25478,30.02684 46.25546,30.02739 46.25693,30.02654 46.25946,30.0252 46.26083,30.02047 46.2693,30.01914 46.27006,30.01807 46.2726,30.01561 46.27281,30.01426 46.27254,30.01444 46.27047,30.01596 46.26865,30.01588 46.2665,30.02126 46.25771,30.02093 46.25595,30.02123 46.25292,30.02272 46.24707,30.02696 46.24774,30.02753 46.2489,30.02658 46.25285))",village
подымово|Подимове,"POLYGON((31.79201 46.95226,31.79161 46.9512,31.79384 46.95128,31.79469 46.95091,31.79368 46.94823,31.79287 46.94808,31.79764 46.9469,31.80088 46.94699,31.80098 46.94837,31.79925 46.94953,31.798 46.95161,31.79902 46.9554,31.79527 46.95499,31.79332 46.95511,31.79187 46.95471,31.79201 46.95226))",village
Покровка,POINT(30.12935 46.77578),village
Покровка,POINT(31.68976 46.48036),village
покровское|Покровське,"POLYGON((31.64741 46.53773,31.63818 46.53895,31.62896 46.53916,31.61093 46.53892,31.59883 46.53784,31.59549 46.53721,31.58938 46.53679,31.57973 46.53675,31.57907 46.53456,31.57963 46.53268,31.58138 46.53289,31.58102 46.53413,31.58528 46.53307,31.59019 46.5337,31.59095 46.53412,31.59096 46.53478,31.59419 46.53469,31.59898 46.53552,31.59877 46.53652,31.60215 46.53668,31.60254 46.53633,31.6051 46.53627,31.60545 46.53681,31.60751 46.53596,31.6111 46.53532,31.61336 46.53551,31.61535 46.53427,31.61646 46.53449,31.61713 46.53384,31.61794 46.53568,31.62053 46.53712,31.62303 46.53753,31.6262 46.53554,31.62771 46.53534,31.62883 46.5364,31.63016 46.53658,31.63304 46.53568,31.63347 46.53435,31.63459 46.53432,31.63463 46.53478,31.63523 46.53468,31.63707 46.53746,31.64146 46.53576,31.64629 46.53566,31.64741 46.53773))",village
полевое|Польове,"POLYGON((30.22581 46.12752,30.22457 46.12797,30.22498 46.12902,30.22401 46.13339,30.21725 46.1316,30.21846 46.12635,30.21763 46.12609,30.2181 46.12381,30.21902 46.12394,30.21915 46.12332,30.21765 46.12312,30.21847 46.12004,30.2253 46.12076,30.22594 46.12403,30.22564 46.12604,30.22606 46.12736,30.22581 46.12752))",village
Понятовка|Понятівка,POINT(30.16395 46.90646),village
Попаздра,POINT(30.30424 45.98313),village
попельное|Попільне,"POLYGON((31.36844 46.90392,31.36842 46.90183,31.36768 46.90002,31.36966 46.89784,31.37116 46.89821,31.3729 46.89568,31.37398 46.89495,31.3743 46.8931,31.37511 46.89307,31.3778 46.89411,31.37582 46.89886,31.37262 46.90476,31.36844 46.90392))",village
Поповка/Попяска,POINT(29.53411 46.59899),village
Порт,POINT(31.00479 46.72451),village
Посад-Покровское|Посад-Покровське,POINT(32.26815 46.8021),village
Поташенково|Поташенкове,POINT(30.33087 46.87326),village
Правдино|Правдине,POINT(32.20406 46.73547),village
Прибережне,"POLYGON((30.38719 46.0915,30.38307 46.08662,30.38553 46.08445,30.39095 46.08183,30.40072 46.08275,30.40038 46.08512,30.38789 46.09144,30.38719 46.0915))",village
Прибрежное|Прибережне,POINT(30.3949 46.08446),village
прибугское|Прибузьке,"POLYGON((32.08196 46.77657,32.08047 46.77636,32.08132 46.76859,32.08364 46.76803,32.08697 46.76826,32.08677 46.76977,32.09179 46.77095,32.09043 46.77523,32.10567 46.77709,32.10577 46.77748,32.10439 46.78286,32.10254 46.78271,32.10166 46.78298,32.10002 46.78727,32.0977 46.7871,32.09778 46.78588,32.08604 46.78414,32.0873 46.78084,32.08771 46.77855,32.08902 46.77851,32.08943 46.77726,32.08196 46.77657))",village
Приветное|Привітне,POINT(30.28746 46.08899),village
Прилиманське,"POLYGON((30.60393 46.43602,30.60632 46.42721,30.60685 46.42668,30.60758 46.42402,30.61021 46.41768,30.61334 46.41861,30.61382 46.4184,30.61473 46.41862,30.61627 46.41809,30.61747 46.41359,30.61877 46.41047,30.62506 46.41152,30.62355 46.41973,30.6237 46.42119,30.62313 46.4212,30.62265 46.42406,30.62173 46.42433,30.62133 46.42425,30.62115 46.4238,30.61935 46.42373,30.61815 46.42486,30.61773 46.42577,30.6212 46.42594,30.62342 46.42648,30.62196 46.43335,30.62015 46.43979,30.61935 46.43944,30.61815 46.43794,30.61699 46.4386,30.61582 46.43857,30.61221 46.43793,30.60966 46.43695,30.60966 46.43651,30.60883 46.43636,30.60871 46.4367,30.6079 46.4366,30.60787 46.43697,30.60699 46.43697,30.60393 46.43602))",village
Промінь,"POLYGON((30.338 46.56733,30.33906 46.56739,30.34123 46.56823,30.34127 46.57038,30.34171 46.57046,30.34178 46.57349,30.34163 46.57391,30.34122 46.57375,30.34008 46.57598,30.33881 46.58072,30.33721 46.5802,30.3375 46.57991,30.33643 46.57936,30.33759 46.57672,30.33722 46.57667,30.33826 46.5726,30.33692 46.57219,30.33752 46.57158,30.33803 46.56903,30.338 46.56733))",village
Протопоповка|Протопопівка,POINT(30.66181 46.60538),village
Протопопівка,"POLYGON((30.64889 46.59999,30.65437 46.59648,30.65791 46.59362,30.66 46.59428,30.66109 46.59546,30.66168 46.59752,30.66193 46.60265,30.66268 46.60272,30.66301 46.59994,30.6637 46.59806,30.66468 46.59793,30.66451 46.59477,30.6664 46.59143,30.66812 46.5905,30.66796 46.59743,30.66847 46.59805,30.66875 46.59928,30.66763 46.60544,30.66106 46.60573,30.65961 46.60771,30.6582 46.61046,30.65982 46.61061,30.65993 46.61128,30.65958 46.61288,30.65792 46.61652,30.65723 46.61723,30.65388 46.61662,30.65605 46.61122,30.65737 46.61141,30.6576 46.61077,30.6564 46.6105,30.65717 46.60973,30.64374 46.60326,30.64555 46.60178,30.64889 46.59999))",village
Пуркарь,POINT(29.85623 46.53669),village
Пшеничное|Пшеничне,POINT(29.63322 46.28265),village
Пшеняново|Пшонянове,POINT(31.12777 46.79444),village
Радостное|Радісне,POINT(30.57255 46.49345),village
радостный сад|Радісний Сад,"POLYGON((31.98025 46.89282,31.98166 46.89238,31.98184 46.89288,31.98611 46.89218,31.98773 46.89158,31.98858 46.89312,31.98839 46.89391,31.98886 46.89453,31.98856 46.89477,31.98938 46.89628,31.98908 46.89634,31.99026 46.90221,31.99065 46.90285,31.99147 46.90321,31.99211 46.9059,31.99074 46.90627,31.99253 46.90912,31.98629 46.91067,31.986 46.90658,31.98521 46.90653,31.98475 46.90587,31.98187 46.89878,31.98108 46.899,31.98025 46.8976,31.98055 46.89751,31.98026 46.89687,31.98168 46.89648,31.98025 46.89282))",village
разлив|Розлив,"POLYGON((32.37166 46.62599,32.3707 46.62246,32.38136 46.62093,32.38191 46.62423,32.38158 46.62443,32.3777 46.62454,32.37752 46.62548,32.37166 46.62599))",village
Ранжево|Ранжеве,POINT(31.08 46.74493),village
Раскаецы,POINT(29.77701 46.57615),village
Расселенец|Розселенець,POINT(30.44044 46.4621),village
ровное|Рівне,"POLYGON((31.57047 46.7663,31.57121 46.76324,31.57292 46.75988,31.57359 46.75927,31.57568 46.7587,31.57515 46.75794,31.57546 46.75755,31.58132 46.75813,31.58301 46.75968,31.58397 46.76008,31.58494 46.76131,31.58809 46.76064,31.58814 46.75937,31.59123 46.75896,31.59946 46.76005,31.59949 46.76128,31.59057 46.76348,31.58368 46.7656,31.5851 46.76922,31.58464 46.77039,31.58589 46.77465,31.57178 46.773,31.57001 46.76936,31.57047 46.7663))",village
розаловка|Розалівка,"POLYGON((29.983 46.81874,29.98617 46.81981,29.98638 46.81949,29.98963 46.82003,29.98913 46.82286,29.98794 46.82275,29.98761 46.82491,29.98257 46.8246,29.98142 46.82622,29.97856 46.82906,29.97728 46.83168,29.97972 46.83199,29.97805 46.83547,29.97711 46.8384,29.97571 46.8396,29.97521 46.84171,29.97274 46.8415,29.97362 46.84004,29.97211 46.83987,29.97126 46.83937,29.97189 46.83728,29.97165 46.83664,29.972 46.83459,29.97185 46.83319,29.97225 46.83125,29.97453 46.82846,29.97638 46.82455,29.97525 46.82438,29.97554 46.82299,29.97862 46.82089,29.98064 46.82167,29.983 46.81874))",village
Розовка|Розівка,POINT(29.89635 46.04579),village
Ройлянка,POINT(29.78668 46.28849),village
Ройлянка,POINT(29.92092 45.83702),village
Роксоланы|Роксолани,POINT(30.4585 46.1748),village
ромашково|Ромашкове,"POLYGON((32.43248 46.59932,32.43148 46.59941,32.43108 46.59745,32.43601 46.59693,32.43727 46.60211,32.43348 46.6025,32.43248 46.59932))",village
Роскошное|Розкішне,POINT(30.13486 46.17239),village
Русская Слободка|Руська Слобідка,POINT(30.59486 46.85429),village
Шабо,POINT(30.38677 46.12826),village
Шамановка|Шаманівка,POINT(30.72516 46.78974),village
русскоивановка|Руськоіванівка,"POLYGON((29.75686 46.37514,29.75561 46.37441,29.75916 46.36672,29.76101 46.36702,29.76188 46.36513,29.76235 46.36504,29.76574 46.35806,29.76719 46.3585,29.76835 46.35613,29.7702 46.35572,29.77568 46.35701,29.77458 46.35887,29.77721 46.35958,29.77724 46.35998,29.77469 46.36566,29.77707 46.36606,29.77108 46.37961,29.76947 46.37929,29.7674 46.38405,29.76612 46.38383,29.76523 46.38605,29.76444 46.38694,29.76314 46.38665,29.7629 46.38708,29.76179 46.3869,29.76159 46.38727,29.76053 46.38703,29.75633 46.38716,29.75406 46.38665,29.75584 46.38309,29.75359 46.38265,29.75686 46.37514))",village
Рыбаковка|Рибаківка,POINT(31.35112 46.61956),village
Рыбальче|Рибальче,POINT(32.23439 46.47624),village
Садовое|Садове,POINT(32.18076 46.35761),village
Садовое|Садове,POINT(30.20595 46.23603),village
Садовое|Садове,POINT(30.08553 45.90718),village
Салганы|Салгани,POINT(30.33871 46.15474),village
Санжейка|Санжійка,POINT(30.60722 46.23527),village
Светлогорское|Світлогірське,POINT(30.36591 46.73285),village
Светлодолинское|Світлодолинське,POINT(29.58721 46.09177),village
Свитанок|Світанок,POINT(30.33142 46.75376),village
Світле,"POLYGON((30.82581 46.64049,30.82439 46.63907,30.82256 46.63859,30.82303 46.63591,30.82391 46.63402,30.82847 46.6347,30.82889 46.63377,30.83531 46.63485,30.83748 46.6355,30.83732 46.63603,30.83652 46.63597,30.83647 46.63634,30.83649 46.63659,30.83727 46.63656,30.83749 46.63731,30.83567 46.63781,30.83418 46.6379,30.83201 46.63731,30.83188 46.63757,30.82857 46.63696,30.82755 46.63862,30.82693 46.63896,30.82712 46.63976,30.82581 46.64049))",village
Севериновка|Северинівка,POINT(30.57976 46.8251),village
Секретарёвка|Секретарівка,POINT(30.2845 46.65996),village
семёновка|Семенівка,"POLYGON((30.11606 46.28128,30.11649 46.28037,30.11446 46.27983,30.11814 46.27739,30.11659 46.27517,30.11927 46.27309,30.12019 46.27308,30.12081 46.2738,30.12717 46.27124,30.12871 46.27321,30.12522 46.27457,30.12616 46.27863,30.12638 46.28715,30.12079 46.28769,30.11981 46.28704,30.11661 46.28698,30.11606 46.28128))",village
Сичавка,"POLYGON((31.10409 46.65307,31.09476 46.65181,31.0912 46.65256,31.08528 46.65218,31.0851 46.65095,31.08589 46.64864,31.0861 46.64647,31.0888 46.64226,31.09041 46.64077,31.09553 46.63752,31.0989 46.63641,31.10104 46.63632,31.1069 46.63764,31.10743 46.63601,31.10986 46.63399,31.11028 46.63302,31.11272 46.63093,31.11271 46.62965,31.1136 46.62626,31.1183 46.62681,31.11575 46.63898,31.11468 46.64097,31.11627 46.64187,31.1145 46.64431,31.11312 46.65105,31.11044 46.65209,31.10867 46.65167,31.10831 46.65331,31.10777 46.65363,31.10635 46.65348,31.10617 46.65393,31.10481 46.6531,31.10409 46.65307))",village
Слепушинское|Сліпушинське,POINT(32.38852 46.19927),village
Слободка|Слобідка,POINT(30.07893 46.93019),village
словяносербка|Слов’яносербка,"POLYGON((29.68755 46.96152,29.6877 46.96089,29.69172 46.95793,29.69298 46.95635,29.70183 46.9505,29.7042 46.94984,29.71107 46.95536,29.71084 46.95668,29.70948 46.95767,29.69699 46.96525,29.69394 46.9651,29.69286 46.96405,29.692 46.96452,29.68785 46.96204,29.68755 46.96152))",village
Солдатское|Солдатське,POINT(32.2482 46.76016),village
солнечное|Сонячне,"POLYGON((31.59938 46.79949,31.60229 46.79959,31.60267 46.80108,31.60438 46.80433,31.60816 46.8048,31.60809 46.80598,31.60526 46.80661,31.60577 46.80916,31.60526 46.81181,31.60668 46.81203,31.60723 46.81261,31.60579 46.81729,31.60228 46.81717,31.60133 46.8159,31.60159 46.81294,31.60251 46.81015,31.60238 46.80855,31.60088 46.80546,31.60082 46.80391,31.59938 46.79949))",village
солончаки,"POLYGON((31.80839 46.6417,31.80954 46.64045,31.8109 46.64085,31.81295 46.63999,31.81572 46.63961,31.82884 46.64085,31.82899 46.64137,31.82453 46.64646,31.82457 46.64854,31.82368 46.64919,31.82278 46.64896,31.82236 46.64956,31.82148 46.64933,31.82082 46.65017,31.81377 46.64767,31.81445 46.64642,31.80999 46.64488,31.81037 46.64432,31.80732 46.64322,31.80719 46.64284,31.80839 46.6417))",village
чистоводное|Чистоводне,"POLYGON((29.76241 46.44757,29.75914 46.44769,29.75687 46.44741,29.75705 46.44007,29.75376 46.44001,29.75349 46.4392,29.75347 46.43833,29.75498 46.43287,29.75721 46.43308,29.75761 46.43089,29.75821 46.4303,29.76095 46.43046,29.76154 46.43285,29.76264 46.43531,29.76275 46.44099,29.76253 46.44137,29.76266 46.44543,29.76241 46.44757))",village
софиевка|Софіївка,"POLYGON((32.24352 46.59934,32.24486 46.59345,32.24715 46.59346,32.24809 46.59253,32.25474 46.59197,32.25878 46.59099,32.26281 46.58955,32.26504 46.59204,32.26614 46.59519,32.26574 46.59678,32.26332 46.6019,32.25692 46.60077,32.24352 46.59934))",village
Ставки,POINT(30.81493 46.87832),village
Станислав|Станіслав,POINT(32.14918 46.57988),village
Стара Царичанка,"POLYGON((29.85393 46.30227,29.85333 46.29885,29.85533 46.29151,29.85719 46.28529,29.86196 46.27329,29.86434 46.27184,29.86714 46.27197,29.86858 46.2716,29.86934 46.26955,29.87099 46.26983,29.8726 46.27093,29.87332 46.26893,29.87612 46.26966,29.87516 46.27241,29.87629 46.27307,29.87778 46.27516,29.87408 46.28534,29.87613 46.28556,29.87505 46.2922,29.87386 46.29463,29.87329 46.29787,29.87044 46.2977,29.8694 46.30183,29.86881 46.30236,29.86702 46.30273,29.86245 46.30204,29.86145 46.30591,29.85724 46.30535,29.85715 46.30565,29.85296 46.30461,29.85393 46.30227))",village
Старая Андрияшевка|Стара Андріяшівка,POINT(29.97049 46.82201),village
старая богдановка|Стара Богданівка,"POLYGON((31.90528 46.8449,31.90502 46.84331,31.90678 46.84233,31.9116 46.84066,31.91303 46.84148,31.91782 46.84221,31.91744 46.84343,31.92183 46.84425,31.9225 46.84463,31.92231 46.84551,31.92255 46.84567,31.92219 46.84704,31.91441 46.84664,31.91155 46.84913,31.90997 46.84913,31.90843 46.84961,31.90566 46.84589,31.90528 46.8449))",village
Старая Збурьевка|Стара Збур’ївка,POINT(32.42003 46.47273),village
Старая Царичанка|Стара Царичанка,POINT(29.86599 46.29192),village
Старая Эметовка|Стара Еметівка,POINT(30.59864 46.73447),village
Староказачье|Старокозаче,POINT(29.98665 46.3376),village
Староконстантиновка|Старокостянтинівка,POINT(30.2585 46.84358),village
Староселье|Старосілля,POINT(30.0882 46.89127),village
Старые Шомполы|Старі Шомполи,POINT(30.77606 46.84388),village
Степановка|Степанівка,POINT(29.98538 46.78887),village
степовая долина|Степова Долина,"POLYGON((32.16973 46.77785,32.17015 46.77623,32.17231 46.77623,32.19466 46.77849,32.1941 46.78084,32.18522 46.77984,32.18492 46.78075,32.18372 46.78087,32.17076 46.7792,32.17116 46.77808,32.16973 46.77785))",village
степовое|Степове,"POLYGON((31.30987 46.76853,31.30925 46.77096,31.31296 46.77116,31.31304 46.77043,31.31511 46.77064,31.31324 46.78013,31.31291 46.7807,31.31253 46.78074,31.3097 46.78017,31.30945 46.78174,31.30638 46.78168,31.30567 46.78082,31.3043 46.78035,31.30463 46.77398,31.30528 46.77053,31.30623 46.76783,31.30568 46.76774,31.30617 46.76567,31.30684 46.76573,31.30729 46.7643,31.31063 46.76476,31.31124 46.76332,31.31742 46.76415,31.31701 46.76593,31.31553 46.76932,31.30987 46.76853))",village
Суклея,POINT(29.66367 46.82541),village
Сухий Лиман,"POLYGON((30.64036 46.40209,30.63969 46.40206,30.63953 46.40128,30.63734 46.40125,30.63699 46.39956,30.63437 46.39983,30.63537 46.39837,30.63301 46.39839,30.63169 46.39807,30.6324 46.39687,30.62474 46.39478,30.62485 46.39222,30.63401 46.39445,30.63512 46.39566,30.63558 46.39715,30.63583 46.39711,30.63614 46.39615,30.6359 46.39431,30.63631 46.39341,30.64033 46.39022,30.64064 46.38782,30.63839 46.38546,30.63853 46.38478,30.64023 46.38546,30.64253 46.38513,30.6448 46.38127,30.64547 46.38124,30.64558 46.38044,30.64514 46.37981,30.64491 46.37709,30.6441 46.37622,30.64536 46.37516,30.64648 46.37655,30.65062 46.37857,30.64987 46.37925,30.64744 46.38892,30.65135 46.38954,30.64994 46.39652,30.65147 46.39665,30.65095 46.40002,30.64914 46.39983,30.64827 46.40359,30.64462 46.40336,30.64292 46.40229,30.64036 46.40209))",village
суходол|Суходіл,"POLYGON((31.58094 46.84431,31.58094 46.84737,31.58207 46.84823,31.58274 46.84922,31.58143 46.85046,31.58149 46.85135,31.58098 46.8518,31.58048 46.85305,31.58057 46.85627,31.57811 46.85646,31.57755 46.85607,31.5776 46.85177,31.57726 46.85022,31.57767 46.84449,31.58094 46.84431))",village
Сухое|Сухе,POINT(30.09784 46.96598),village
Сухой Лиман|Сухий Лиман,POINT(30.63637 46.39697),village
Сухолужье|Сухолужжя,POINT(30.26676 46.22373),village
Сухомлыново|Сухомлинове,POINT(30.3645 46.9741),village
Счастливое|Щасливе,POINT(31.47533 46.90648),village
Сычавка|Сичавка,POINT(31.10563 46.63851),village
черкесы|Черкеси,"POLYGON((30.21707 46.08082,30.21422 46.0825,30.20947 46.07852,30.20836 46.07867,30.20824 46.07711,30.20506 46.07424,30.20449 46.07275,30.20798 46.07166,30.21025 46.07187,30.21131 46.07139,30.21282 46.07139,30.21294 46.07074,30.21607 46.07091,30.21577 46.07244,30.2183 46.07283,30.21707 46.08082))",village
таврийское|Таврійське,"POLYGON((32.09399 46.73225,32.09586 46.72897,32.09801 46.72784,32.09892 46.72446,32.09905 46.72109,32.10041 46.72092,32.10568 46.72139,32.10593 46.72857,32.10552 46.7303,32.104 46.73056,32.10383 46.73365,32.09399 46.73225))",village
Таирово|Таїрове,POINT(30.65126 46.3672),village
Талмазы,POINT(29.66391 46.64448),village
Ташино|Ташине,POINT(31.11967 46.91223),village
Тендровское|Тендрівське,POINT(32.16582 46.23951),village
Терновка|Тернівка,POINT(29.55257 46.81526),village
терновые поды|Тернові Поди,"POLYGON((32.38392 46.86192,32.38006 46.86125,32.37973 46.85975,32.38156 46.85785,32.38509 46.85708,32.39017 46.85693,32.39528 46.85757,32.39681 46.85808,32.39562 46.86211,32.39504 46.8624,32.38837 46.86177,32.38636 46.86131,32.38549 46.86207,32.38392 46.86192))",village
Томина Балка,POINT(32.30667 46.62548),village
троицкое|Троїцьке,"POLYGON((30.0074 46.54559,30.01064 46.54475,30.01223 46.5424,30.01361 46.53941,30.01404 46.53475,30.01197 46.52906,30.01166 46.52689,30.01188 46.52519,30.01362 46.52163,30.01371 46.51919,30.0149 46.51951,30.01517 46.51801,30.0156 46.51793,30.017 46.51879,30.01739 46.51945,30.01735 46.52105,30.0183 46.52197,30.02391 46.52347,30.02913 46.52386,30.02984 46.52597,30.0307 46.52716,30.03227 46.52826,30.03698 46.53119,30.04368 46.53379,30.04327 46.53579,30.04043 46.5422,30.03631 46.54472,30.03487 46.54662,30.03074 46.54776,30.02911 46.55024,30.03228 46.55363,30.03105 46.55498,30.02802 46.55729,30.02586 46.55729,30.01917 46.55645,30.01313 46.55867,30.00971 46.56053,30.0055 46.56073,30.00283 46.55899,29.99773 46.55762,29.99507 46.5573,29.99285 46.55763,29.9922 46.55847,29.99153 46.55864,29.99041 46.55826,29.99215 46.55407,29.99364 46.55222,29.99849 46.54918,30.00147 46.54835,30.00343 46.54833,30.00503 46.54703,30.00508 46.54648,30.0074 46.54559))",village
Трояндовое|Трояндове,POINT(30.86332 46.89761),village
Труд-Уголок|Труд-Куток,POINT(30.00206 46.75231),village
Тудора,POINT(30.04226 46.43335),village
тузлы|Тузли,"POLYGON((31.38555 46.693,31.38757 46.69094,31.39096 46.69227,31.39096 46.69258,31.38786 46.69561,31.3806 46.70068,31.38248 46.70162,31.37939 46.70479,31.37699 46.70339,31.36806 46.71002,31.36667 46.7092,31.36608 46.71065,31.36256 46.70986,31.36025 46.70898,31.36056 46.70815,31.36239 46.7067,31.36223 46.70641,31.36909 46.70147,31.36833 46.70081,31.37123 46.69874,31.37048 46.69817,31.37286 46.69577,31.37417 46.6966,31.37838 46.69373,31.37964 46.69457,31.38207 46.69303,31.38555 46.693))",village
Удобное|Удобне,POINT(30.04109 46.37501),village
украинка|Українка,"POLYGON((32.13445 46.81804,32.14574 46.81933,32.14611 46.81889,32.14844 46.81921,32.14842 46.81945,32.15183 46.81977,32.1496 46.83034,32.14848 46.83007,32.14836 46.83096,32.13664 46.83057,32.13667 46.82949,32.13145 46.82861,32.13445 46.81804))",village
Ульяновка|Улянівка,POINT(30.76103 46.92432),village
Ульяновка|Улянівка,POINT(30.86277 46.84593),village
Успеновка|Успенівка,POINT(29.86153 46.18755),village
Уютное|Уютне,POINT(29.86791 46.84269),village
черноморка|Чорноморка,"POLYGON((31.49253 46.63547,31.4945 46.63415,31.49721 46.63337,31.5012 46.63455,31.5059 46.63481,31.50809 46.63602,31.51278 46.63704,31.51826 46.6395,31.52184 46.64247,31.51924 46.64331,31.51823 46.6433,31.51269 46.64083,31.5004 46.63763,31.49984 46.63769,31.49888 46.63945,31.50152 46.64186,31.50402 46.64275,31.50362 46.64356,31.50952 46.64513,31.50991 46.64546,31.50903 46.64636,31.51041 46.64715,31.50949 46.64768,31.51122 46.64898,31.51653 46.65177,31.51754 46.65074,31.51933 46.65139,31.51949 46.65246,31.52568 46.65469,31.52806 46.65598,31.53014 46.65762,31.53441 46.66209,31.53404 46.66359,31.53418 46.66417,31.53263 46.66637,31.53037 46.66691,31.52496 46.6636,31.51972 46.66406,31.5171 46.66465,31.51662 46.66446,31.51606 46.66316,31.51489 46.66307,31.50066 46.65145,31.49257 46.64327,31.49452 46.64237,31.49555 46.6409,31.4937 46.63868,31.49259 46.63675,31.49253 46.63547))",village
фараоновка|Фараонівка,"POLYGON((29.63008 46.30704,29.62853 46.31356,29.62881 46.31389,29.62874 46.31462,29.62837 46.31479,29.62719 46.3182,29.62693 46.31816,29.62631 46.31933,29.62526 46.32627,29.62378 46.3294,29.62243 46.33139,29.62191 46.3336,29.61664 46.33347,29.61654 46.33397,29.61598 46.33403,29.6136 46.33342,29.61366 46.33267,29.61426 46.33185,29.61448 46.33036,29.61503 46.32988,29.61578 46.32985,29.61602 46.32891,29.61501 46.32813,29.61138 46.32781,29.61266 46.32338,29.61577 46.32348,29.61639 46.32116,29.61715 46.32021,29.6164 46.31867,29.61912 46.31619,29.61926 46.31457,29.62023 46.31381,29.61919 46.31337,29.61925 46.31306,29.62092 46.3128,29.62104 46.31237,29.62051 46.31152,29.62054 46.30978,29.62172 46.30915,29.62283 46.30601,29.62555 46.30579,29.63008 46.30704))",village
Фештелица/Фашталице,POINT(29.56329 46.54707),village
Фрунзе,POINT(29.88284 46.83196),village
фёдоровка|Федорівка,"POLYGON((31.326 46.74237,31.32237 46.74501,31.32162 46.74625,31.32175 46.74667,31.32257 46.74719,31.32248 46.74742,31.31646 46.75277,31.31543 46.75313,31.31436 46.75403,31.31349 46.75351,31.31282 46.75358,31.31158 46.75312,31.31086 46.75257,31.31022 46.7513,31.31173 46.75065,31.31496 46.74763,31.31753 46.74585,31.31643 46.74513,31.31748 46.7439,31.32262 46.7403,31.32377 46.74013,31.32602 46.74203,31.326 46.74237))",village
хлебодарское|Хлібодарське,"POLYGON((30.58098 46.48106,30.60484 46.48352,30.60581 46.48621,30.59718 46.48777,30.59683 46.487,30.59386 46.48753,30.59303 46.48607,30.5907 46.48609,30.58653 46.48679,30.58639 46.48641,30.58372 46.48506,30.58043 46.48387,30.58027 46.48303,30.58098 46.48106))",village
Холодна Балка,"POLYGON((30.57264 46.6025,30.57583 46.59931,30.57737 46.59956,30.57752 46.59916,30.57813 46.59922,30.58024 46.59557,30.58162 46.59414,30.58237 46.59433,30.58337 46.5919,30.58419 46.59159,30.5878 46.59337,30.59318 46.59281,30.59453 46.5921,30.59582 46.59317,30.59696 46.59124,30.59846 46.59054,30.59903 46.59096,30.59481 46.59865,30.59401 46.59929,30.59443 46.59977,30.59271 46.60137,30.59345 46.60222,30.59193 46.60696,30.59344 46.60705,30.59332 46.60896,30.5924 46.61023,30.59105 46.61133,30.59111 46.61229,30.58994 46.61244,30.58733 46.61083,30.58487 46.61163,30.58322 46.61168,30.58026 46.6106,30.57951 46.61073,30.57524 46.60896,30.57787 46.60441,30.57264 46.6025))",village
Холодная Балка|Холодна Балка,POINT(30.58176 46.60064),village
хоминка,"POLYGON((30.44812 46.71053,30.44644 46.7118,30.44439 46.71271,30.43588 46.71577,30.43709 46.71696,30.43097 46.71676,30.43305 46.71513,30.43538 46.71441,30.43465 46.71407,30.43583 46.71303,30.4356 46.71266,30.43672 46.71234,30.43706 46.71272,30.44263 46.71141,30.44288 46.71166,30.44628 46.70987,30.44565 46.70944,30.44799 46.70786,30.44862 46.70823,30.44653 46.7096,30.44812 46.71053))",village
Христо-Ботово|Христо-Ботеве,POINT(30.79716 46.77322),village
Царичанка,POINT(29.9223 45.85556),village
центральное|Центральне,"POLYGON((32.46635 46.90719,32.46593 46.90473,32.46856 46.90354,32.47107 46.90068,32.47324 46.89954,32.47974 46.90032,32.47791 46.90734,32.47704 46.90725,32.47618 46.91025,32.47892 46.91398,32.48064 46.91493,32.48115 46.91681,32.48192 46.91702,32.48201 46.91774,32.47846 46.91922,32.47712 46.91798,32.47654 46.9179,32.47551 46.91838,32.47227 46.91487,32.46946 46.91435,32.4696 46.91319,32.46904 46.91053,32.46622 46.90806,32.46599 46.90768,32.46635 46.90719))",village
Чабанское|Чабанське,POINT(30.34081 46.00868),village
Чеботарёвка|Чоботарівка,POINT(30.56259 46.66855),village
Червоная Горка|Червона Гірка,POINT(30.21515 46.66374),village
червоное парутино|Червоне Парутине,"POLYGON((31.82953 46.73501,31.82873 46.73876,31.82888 46.74139,31.82848 46.74234,31.82341 46.74195,31.82232 46.74087,31.82214 46.7396,31.82024 46.73725,31.81986 46.73579,31.82953 46.73501))",village
Черевичное|Черевичне,POINT(30.62027 46.64142),village
Черешенки|Черешеньки,POINT(32.40108 46.67816),village
Черешеньки,"POLYGON((32.39585 46.67696,32.40255 46.67767,32.4017 46.6806,32.40347 46.68077,32.40337 46.68123,32.40061 46.68099,32.39591 46.67783,32.39585 46.67696))",village
Черняховское|Черняхівське,POINT(30.49015 46.83163),village
Чулаковка|Чулаківка,POINT(32.35851 46.36196),village
Чулаківка,"POLYGON((32.32301 46.36782,32.32541 46.36123,32.33165 46.35972,32.33578 46.3461,32.34836 46.34678,32.36316 46.34805,32.36304 46.34933,32.36366 46.34955,32.36542 46.36273,32.37223 46.37376,32.32301 46.36782))",village
шевченко,"POLYGON((31.70324 46.80763,31.70437 46.80673,31.70682 46.80565,31.71119 46.80664,31.71102 46.80743,31.71147 46.8076,31.71126 46.80867,31.7086 46.80911,31.70856 46.81097,31.70985 46.81122,31.70969 46.81202,31.70777 46.81244,31.70616 46.81233,31.70518 46.81009,31.70346 46.80918,31.70307 46.80832,31.70324 46.80763))",village
шевченково|Шевченкове,"POLYGON((32.22302 46.90197,32.22206 46.90578,32.22259 46.90582,32.22069 46.91216,32.20822 46.91086,32.21098 46.90044,32.21157 46.90068,32.2115 46.90125,32.21225 46.90135,32.21302 46.9009,32.22302 46.90197))",village
Шевченково-Кут|Шевченкове-Кут,POINT(30.90438 46.87244),village
Шеметово|Шеметове,POINT(30.45719 46.83781),village
Шеметово|Шеметове,POINT(30.35317 46.83128),village
широкая балка|Широка Балка,"POLYGON((30.35259 46.54233,30.34975 46.53668,30.34841 46.53521,30.3468 46.5326,30.34602 46.53264,30.34616 46.5285,30.35019 46.5291,30.34987 46.52682,30.35573 46.5257,30.35791 46.52723,30.35873 46.52833,30.36082 46.53574,30.36434 46.53569,30.36502 46.53696,30.36342 46.53711,30.36302 46.53842,30.35516 46.53901,30.35795 46.54537,30.35466 46.5461,30.35259 46.54233))",village
широкое|Широке,"POLYGON((30.08398 45.98723,30.07983 45.98683,30.08203 45.98155,30.078 45.98083,30.07955 45.97726,30.0767 45.97681,30.07635 45.97721,30.07469 45.9769,30.077 45.96828,30.0822 45.96123,30.08051 45.96069,30.08224 45.95876,30.08593 45.96021,30.08858 45.94951,30.09389 45.95062,30.09754 45.95179,30.10278 45.95201,30.10537 45.9529,30.10283 45.95748,30.10254 45.95989,30.1005 45.96527,30.09724 45.97094,30.0958 45.97054,30.09558 45.97074,30.09205 45.97855,30.09368 45.97921,30.09377 45.98015,30.09441 45.98039,30.09928 45.9811,30.09814 45.9844,30.09027 45.98379,30.08718 45.9824,30.08591 45.98225,30.08398 45.98723))",village
шмидтово|Шмідтове,"POLYGON((32.46197 46.87912,32.46032 46.87925,32.45867 46.87878,32.45849 46.87843,32.45849 46.87795,32.45899 46.87793,32.45914 46.87649,32.45995 46.87449,32.4608 46.87373,32.46253 46.87019,32.46353 46.86885,32.46746 46.86951,32.46835 46.87078,32.46834 46.8716,32.4673 46.87239,32.46618 46.87422,32.46421 46.87481,32.46197 46.87912))",village
Штефанешты,POINT(29.68926 46.44593),village
шурино|Шурине,"POLYGON((31.83289 46.89516,31.82969 46.89457,31.82923 46.89489,31.82779 46.89477,31.82815 46.89335,31.82457 46.89304,31.82474 46.8921,31.82293 46.89117,31.82146 46.89094,31.82233 46.88708,31.82323 46.88471,31.82447 46.88483,31.83083 46.88355,31.83108 46.88237,31.83653 46.88334,31.83632 46.88513,31.83289 46.89516))",village
Щербанка,POINT(30.18459 46.69533),village
Элеваторное|Елеваторне,POINT(31.52698 46.76924),village
Элеваторное|Елеваторне,POINT(31.45982 46.74471),village
Юрковка|Юрківка,POINT(29.82445 46.98509),village
Якова,POINT(30.7721 46.88586),village
яковлевка|Яковлівка,"POLYGON((29.9664 46.84838,29.96835 46.84878,29.96954 46.84684,29.97225 46.84728,29.96917 46.85509,29.96838 46.855,29.96766 46.85746,29.96441 46.86422,29.96298 46.86415,29.96219 46.86602,29.9614 46.86915,29.9623 46.86938,29.96198 46.87084,29.96234 46.87204,29.96216 46.87304,29.9594 46.87303,29.95933 46.87521,29.9569 46.87512,29.95713 46.8735,29.95623 46.87339,29.95643 46.87188,29.95309 46.87171,29.95336 46.8682,29.95405 46.86474,29.95284 46.86346,29.95377 46.86054,29.95584 46.85707,29.9595 46.85498,29.96038 46.85353,29.96186 46.85386,29.96257 46.85287,29.96353 46.85013,29.9655 46.84868,29.9664 46.84838))",village
янтарное|Янтарне,"POLYGON((32.43502 46.5748,32.4353 46.57392,32.44261 46.57525,32.44395 46.57477,32.44762 46.57568,32.44603 46.57795,32.43502 46.5748))",village
ярославка,"POLYGON((29.86386 46.07827,29.8632 46.07713,29.86096 46.07542,29.86147 46.07335,29.86038 46.07279,29.86172 46.07093,29.86519 46.06761,29.87159 46.07036,29.87425 46.06746,29.87868 46.06834,29.87953 46.06793,29.88346 46.0688,29.88047 46.07339,29.88052 46.07623,29.8801 46.07792,29.87701 46.08221,29.87454 46.08465,29.86836 46.0841,29.86409 46.08277,29.86464 46.07985,29.86386 46.07827))",village
яселка,"POLYGON((31.68562 46.64369,31.69117 46.64241,31.70118 46.63947,31.70219 46.64015,31.70433 46.64383,31.7004 46.64465,31.69733 46.64598,31.69721 46.64776,31.69764 46.64929,31.69646 46.65,31.69638 46.65036,31.6947 46.65016,31.69306 46.64955,31.69244 46.64861,31.69363 46.64541,31.69134 46.6461,31.69053 46.64924,31.68876 46.65064,31.68389 46.6504,31.68775 46.64638,31.68709 46.64558,31.68619 46.6453,31.68562 46.64369))",village
яськи,"POLYGON((30.06363 46.52833,30.06473 46.52387,30.06356 46.52361,30.06407 46.52229,30.06644 46.52266,30.06718 46.52035,30.06849 46.51947,30.06905 46.51544,30.07092 46.51461,30.0711 46.51389,30.06989 46.51331,30.06874 46.51216,30.06857 46.51118,30.06778 46.51116,30.06816 46.50888,30.06698 46.50609,30.06753 46.50548,30.06732 46.50345,30.06704 46.50262,30.06515 46.50157,30.06425 46.50038,30.06428 46.49957,30.06363 46.49824,30.06381 46.49689,30.06903 46.49732,30.07267 46.49719,30.07467 46.49653,30.07719 46.49626,30.07913 46.49551,30.08311 46.49492,30.08769 46.49446,30.09198 46.49451,30.09235 46.49582,30.09594 46.49486,30.09641 46.49582,30.10034 46.49522,30.10392 46.49639,30.10525 46.49769,30.10294 46.4986,30.10185 46.49966,30.08953 46.5026,30.08998 46.50375,30.08747 46.50456,30.08144 46.51166,30.08394 46.5122,30.08377 46.51592,30.08637 46.51655,30.0862 46.51849,30.08868 46.51923,30.08819 46.52136,30.08959 46.52154,30.08774 46.5258,30.08687 46.527,30.08609 46.52939,30.08549 46.53007,30.07737 46.52846,30.0768 46.52955,30.07823 46.52995,30.07766 46.53098,30.07621 46.53066,30.0736 46.53498,30.07419 46.53522,30.07331 46.53659,30.06778 46.53482,30.06842 46.5331,30.06665 46.53254,30.06422 46.53284,30.06409 46.53256,30.06456 46.53201,30.06438 46.53097,30.06475 46.52894,30.06363 46.52833))",village
Єгорівка,"POLYGON((30.39658 46.72238,30.39723 46.72034,30.39809 46.71926,30.39944 46.71858,30.40107 46.71625,30.40437 46.71563,30.40516 46.71593,30.40847 46.71504,30.41117 46.71391,30.41249 46.71372,30.41341 46.71516,30.41517 46.71487,30.42324 46.71573,30.4247 46.71649,30.42266 46.71798,30.42356 46.71843,30.41971 46.72103,30.41387 46.72627,30.41273 46.72683,30.40738 46.72343,30.39906 46.72354,30.39691 46.72295,30.39658 46.72238))",village
Іванове,"POLYGON((30.88519 46.69289,30.88174 46.69212,30.88209 46.68996,30.87785 46.68843,30.87893 46.68712,30.87854 46.68544,30.87909 46.68447,30.87959 46.68236,30.87972 46.6805,30.87923 46.68004,30.87949 46.67847,30.88026 46.67733,30.88081 46.67411,30.88052 46.67369,30.88068 46.67158,30.88244 46.66834,30.88326 46.66792,30.88224 46.6661,30.88283 46.66261,30.88418 46.65917,30.8842 46.65812,30.888 46.65806,30.89136 46.6623,30.89333 46.66686,30.89409 46.66769,30.89366 46.6696,30.89338 46.66976,30.8929 46.67294,30.89051 46.67267,30.89037 46.67326,30.88997 46.67329,30.88963 46.67593,30.88971 46.67963,30.88885 46.68268,30.88756 46.68433,30.88851 46.68726,30.88564 46.69169,30.88519 46.69289))",village
Киевский район|Київський район,"POLYGON((30.69539 46.42985,30.69454 46.43092,30.69879 46.43549,30.69678 46.43683,30.68832 46.42938,30.69098 46.41177,30.6831 46.40998,30.68426 46.40263,30.69927 46.40414,30.69987 46.40562,30.70882 46.40363,30.70522 46.39645,30.68803 46.3938,30.68962 46.38411,30.7047 46.38592,30.70521 46.38844,30.71452 46.3898,30.71388 46.38644,30.7155 46.38323,30.71344 46.38207,30.71824 46.38241,30.71866 46.3775,30.72188 46.37517,30.71391 46.37243,30.71396 46.36631,30.71609 46.36662,30.71602 46.36501,30.70684 46.358,30.70674 46.36455,30.70191 46.36408,30.70207 46.35951,30.6984 46.35809,30.69832 46.35652,30.68981 46.35589,30.69185 46.34955,30.69144 46.34294,30.70227 46.34328,30.70172 46.34654,30.71532 46.35891,30.73954 46.37311,30.74623 46.37544,30.7522 46.37523,30.74969 46.37987,30.75045 46.38462,30.75247 46.38695,30.75421 46.39865,30.76027 46.40822,30.69539 46.42985))",district
Хаджибейский район|Хаджибейський район,"POLYGON((30.61926 46.46547,30.62606 46.46435,30.62925 46.46482,30.62891 46.46696,30.63604 46.467,30.63692 46.46127,30.64467 46.46155,30.64549 46.45095,30.65321 46.45107,30.65339 46.43533,30.64987 46.42853,30.66217 46.42814,30.66401 46.4222,30.67466 46.41742,30.6791 46.40976,30.69098 46.41177,30.68832 46.42938,30.69678 46.43683,30.69879 46.43549,30.69454 46.43092,30.69539 46.42985,30.69531 46.43531,30.68832 46.42938,30.69098 46.41177,30.6791 46.40976,30.67466 46.41742,30.66401 46.4222,30.66217 46.42814,30.64987 46.42853,30.65339 46.43533,30.65321 46.45107,30.64549 46.45095,30.64467 46.46155,30.63692 46.46127,30.63604 46.467,30.62891 46.46696,30.62925 46.46482,30.62606 46.46435,30.61926 46.46547))",district
Приморский район|Приморський район,"POLYGON((30.75938 46.49133,30.75517 46.48912,30.75814 46.48454,30.7528 46.48549,30.7499 46.48708,30.75354 46.48804,30.7528 46.48959,30.74857 46.48773,30.74552 46.48934,30.74876 46.49234,30.74449 46.49008,30.74116 46.49189,30.74432 46.49471,30.74241 46.4957,30.73785 46.49225,30.73451 46.4944,30.73764 46.49668,30.74064 46.49601,30.73649 46.49768,30.73354 46.49667,30.73262 46.49753,30.73461 46.49829,30.73249 46.49772,30.73181 46.49891,30.73364 46.49963,30.72955 46.49853,30.73131 46.49965,30.73139 46.50213,30.73388 46.50287,30.73145 46.5024,30.73024 46.50497,30.72477 46.50483,30.72708 46.49596,30.71794 46.49681,30.70829 46.48385,30.70388 46.48603,30.69941 46.48001,30.69668 46.48026,30.69588 46.47707,30.70472 46.47732,30.70953 46.47506,30.72575 46.47366,30.72773 46.47197,30.75938 46.49133))",district
Пересыпский район|Пересипський район,"POLYGON((30.80734 46.59342,30.80884 46.59487,30.80687 46.59543,30.80567 46.59404,30.80288 46.5954,30.81937 46.60757,30.83138 46.62189,30.81318 46.62912,30.81086 46.62538,30.80915 46.62588,30.80685 46.62316,30.80258 46.62445,30.79591 46.61629,30.79641 46.61392,30.80422 46.61101,30.8012 46.60505,30.80949 46.60621,30.81429 46.60433,30.80469 46.59731,30.80172 46.59897,30.79872 46.59794,30.79786 46.6001,30.79417 46.59951,30.796 46.59506,30.79531 46.59274,30.79248 46.59321,30.79282 46.59524,30.79019 46.59583,30.79029 46.5975,30.78759 46.59783,30.78394 46.59364,30.786 46.59222,30.7779 46.58533,30.76859 46.58466,30.76386 46.57914,30.75954 46.58044,30.75747 46.57535,30.75224 46.57514,30.75595 46.57416,30.75769 46.57134,30.75792 46.56688,30.75581 46.56554,30.74275 46.56219,30.73257 46.56225,30.72493 46.56674,30.72418 46.57288,30.72085 46.57693,30.71753 46.57587,30.72431 46.55945,30.731 46.55208,30.72508 46.55093,30.71965 46.55172,30.7192 46.55338,30.70881 46.55262,30.69904 46.5565,30.69146 46.54934,30.67868 46.54314,30.6627 46.54279,30.65885 46.53887,30.66507 46.5389,30.66792 46.54103,30.67403 46.5373,30.67225 46.5363,30.67603 46.52801,30.67641 46.5232,30.67358 46.52304,30.6729 46.5209,30.68033 46.5222,30.68152 46.52067,30.67597 46.51594,30.67167 46.51649,30.66388 46.51197,30.66709 46.50813,30.67254 46.50935,30.67668 46.50186,30.67263 46.50088,30.67599 46.49658,30.67427 46.49653,30.6737 46.49846,30.66721 46.49866,30.66649 46.50002,30.66223 46.49935,30.65885 46.4984,30.65912 46.49282,30.67395 46.49026,30.6917 46.47952,30.69941 46.48001,30.70388 46.48603,30.70829 46.48385,30.71807 46.49688,30.72708 46.49596,30.72477 46.50483,30.73024 46.50497,30.72903 46.50687,30.73119 46.50698,30.72889 46.50791,30.73187 46.5081,30.72885 46.50816,30.72927 46.51246,30.73719 46.51129,30.73635 46.50945,30.73843 46.51285,30.73748 46.51161,30.73386 46.51403,30.72992 46.51376,30.73557 46.51437,30.73319 46.51488,30.73778 46.5264,30.73608 46.52723,30.7408 46.53496,30.74766 46.54203,30.75889 46.54895,30.7706 46.55346,30.7854 46.55669,30.78787 46.56447,30.79285 46.57015,30.80397 46.57072,30.81184 46.58169,30.80223 46.58496,30.80734 46.59342))",district
