text,freq
Генерала Петрова 80,29
Жолио-Кюри 64.,11
Окружная ОККО БП,10
Киевская радар за брсм на 16:30,10
Генерала Петрова 38 и 40.,8
Радужный 1,8
‼Слободка,6
Черёмушки,6
"Пионерская,24",6
Окружная ОККО блок пост,6
Радужный,5
Маршал Сити АТБ,5
Теплодар.,5
"Окружная,камыши БП",5
Окружная окко БП в обе стороны,5
Киевская радар перед брсм на 12:55,5
Б.Хмельницкого,4
Таврия маршал,4
Ленпоселок.,4
Копейка,4
ЧЕРЕМУШКИ,4
Генерала Петрова 23/3. 23/5.,4
Объездная окко блок пост,4
Магазин копейка,4
"Объездная, ОККО, БП",4
Окружная Окко Б П,4
Рынок початок,4
Черемушки опасно.,4
(В сторону маяк),3
Таврия В,3
Эпицентр таирово,3
Напротив Сильпо,3
Авдеева-Черноморского,3
Днепропетровская дорога 108,3
"Объездная, ОККО",3
Окружная выезд с посёлка ОККО блок-пост,3
ЮГО-ЗАПАДНЫЙ БЛОК ПОСТ В СТОРОНУ ТАИРОВА!,3
Пересыпский мост,3
Мост пересыпь,3
Радужный 16:51,3
Б. Хмельницкого 23. Смартлаб,3
Объездная окко ТЦК,3
СИЛЬПО,3
Генерала Петрова Сильпо,3
"Окружная, ОККО, выезд с Посёлка БП в две стороны",3
Окружная ОККО выезд с Посёлка БП в обе стороны,3
Ленпас Бус ТЦК И белый дастер в поле катаються..,3
Генерала Петрова заправка Амик,3
Б.Хмельницкого 23,3
Объездная камыши БП,3
Юго-западный масив за сильпо два буса,3
Черноморка‼‼‼‼,3
Китайский рынок Менты,3
ЖК Радужный!,3
Пересыпь мост!,2
Чёрная таврия,2
7-я Пересыпьская: актуально,2
Таврия,2
Радужный. Осторожно!,2
Жолио Кюри-станция ВОСТОЧНАЯ!!!,2
Эпицентр 7 км,2
Таврия Маршал парковка,2
Окружная,2
По ленпасу на ул.сосюры 3 оливки ходят с папками,2
"Теплодар,поворот на Беляевку опасно",2
Киевский тцк,2
"Теплодар, на повороте на Дамбу ТЦК",2
Поворот на Теплодар,2
"ОККО, пересыпский Мост.",2
Киевская трасса БРСМ радар.,2
Ситицентр таирово,2
Юго-западный в сторону города,2
Юго-Западный БП в сторону города,2
"Теплодар поворот на Беляевку стоят душегубы, берегите себя!!!!",2
Окко объездная блок пост,2
Поскот окружная окко блок пост,2
Окружная дорога,2
"Нати,Нерубайск, окружная дамба, курсирует голубой фольцваген микроавтобус",2
Окко объездная,2
Окко окружная бп,2
Ленпосёлок.,2
Юго-западный в сторону Таирова БП,2
Теплодар облава,2
Юго-западный в сторону Таирова блок пост,2
Теплодар тцк,2
Окружная выезд с посёлка заправка ОККО блок-пост,2
"Слободка, хлеб завод",2
🆘Вишневского 13🆘,2
Выезд с Одессы на Ильичевскую дорогу стоят с леденцом,2
Слободка внимание ‼,2
"Окружная, заправка ОККО",2
Заправка БРСМ,2
"Киевская, въезд, БРСМ, радар.",2
Расселенец в сторону маяк полиция с погранцами,2
Маршал Сити,2
Латовка БРСМ блок пост,2
Порт!!!!,2
Проспект Шевченко Политехнический университет блокпост. Актуально на 10:54.,2
БРСМ,2
"Великий Дальник, напротив церкви радар в сторону Маяк",2
Китайский рынок,2
Блок пост Юр - академия.,2
БП окружная окко 🪖,2
"Объездная дорога, заправка окко блокпост в обе стороны",2
Теплодар. Выезды перекрыты,2
Окружная ОККО выезд с Посёлка блок-пост в две стороны,2
Окружная ОККО БП в две стороны,2
Пересыпьский мост,2
"В Теплодар заехали гости, берегите себя",2
"Первый блокпост от куяльника в город, вояки и менты с планшетами.",2
"Ещё,опять район Таврия в минут 10 назад мусарской Рено степвэй проезжая увидав парня шетшего вдоль дороги тормазнулись выскочили и его подвели к авто,он им телефон показывает а они достали планшет. Штото то место опасное будьте бдительны шмон на глаза.",2
6 км БРСМ блок-пост в две стороны,2
6км заправка БРСМ БП,2
"6 км, брсм - блок пост",2
Тонированная дача 10-30,2
Окружная камыши блокпост,2
32 школа (Черёмушки),2
Таврия маршал мусора на парковке,2
Новая почта 94,2
Китайский рынок полиция,2
1 ст люстдорфа,2
"4-фонтана,",2
Ленпас,2
БП объездная ОККО в обе стороны,2
ЖК АТМОСФЕРА,2
ОККО окружная стоят в обе стороны,2
Окружная на Куяльнике в камышах БП.,2
Объездная блокпост,2
Радужный дом 1,2
"Окружная, на хаджибеевской дамбе, перед подъемом на латовку стоят мусора.",2
Генерала Петрова АТБ опасно,2
Объездная перед кладбищем стоят гаишники,2
Окружная дорога Окко. ТЦК,2
Таврия маршал серый бус,2
"Окружная, поворот на яму БП.",2
Окко объездная блокпост,2
Атб маршал сити,2
6 км брсм БП,2
Окружная окко БЛОКПОСТ,2
"Авангард новая почта радар, в сторону 7 км.",2
"Номера 3385, желтая маршрутка Эталон с рекламой Дельфинария наверху лобового стекла",2
Окружная поворот на яму БП в обе стороны,2
сейчас на углу Генерала Петрова,2
Окружная арбузы Б П,2
Вопрос к Одесситам! кто ходит на море. Подскажите пожалуйста на пляжах ловят?,2
КП Дачное-бьют по планшету в сторону города,2
Окружная ОККО собираются.,2
Черёмушки очень опасно,2
Таврия маршал опасно,2
Блок пост Чёрное море Бугаз не доезжая станции Студенческой,2
ОККО окружная БП в обе стороны,2
Перед запрравкой БРСМ по Киевской трассе патруль полицаев. Берегите себя,2
Окко окружная блок пост,2
Объездная дорога ОККО БП,2
"Санжейка, маяк, БП",2
Жк апельсин,2
Генерала Петрова вдоль парка ТЦК,2
Китайский рынок. Менты. Останавливают,2
Китайский рынок! Опасно!,2
"Окружная, окко",2
"Объездная, арбузы блокпост.",2
Генерала Петрова 68 во дворах,2
ОККО Окружная,2
Радужный конечная 145,2
"Поехали на Фонтанскую дорогу, забрали парня...",2
Медленно дворами в сторону генерала Петрова,2
ОККО объездная БП,2
Жолио-Кюри 26 опасно,2
Жоліо Кюрі 64,2
Пересыпь стрельба,2
Жоліо кюрі,2
"Ленпоселок ВАЗ, между общагами белый бус.",2
Поехал дворами в сторону Генерала Петрова,2
НОВГОРОДСКАЯ-КОСТАНДИ!!,2
"Радужный/ Копейка. Между 16 и 9 домом. люстра +5-6 ментов, выпасают. Осторожно!!",2
Одесса-Поездная тцк и полицай ждут электричку!,1
Блокпост: Балковская-Маловского и возле моста автовокзал-Балковская в обе стороны. Тормозят маршрутки. Очень много зелени.,1
"Объездная, Латовка орудуют мусора",1
Ленпоселок - ВАЗ - катается белый бус. Уехали на 1 заставу.,1
В Днепропетровске предлагают создать группы розыска военнообязанных.,1
"На Хмельницкого также могли установить блокпост, осторожнее там",1
Таврия Маршал на остановке снимают с маршруток,1
"Таврия, всё ещё стоят",1
Пересыпьский мост.Радиобазар.,1
Одесса. Ул. Генерала Петрова. Вокруг дома 48 во дворах ходят четверо нац. и трое полицейских. Смотрят на закрытые двери парадных и идут дальше.,1
По эпицентру на Посёлке ходят двое с папками,1
Одесса-Поездная в 9.00 очень много,1
"Экспострой, 3 человек на двух белых бусах прямо на остановке «беседуют» с парнем",1
На Ланжероне весь пляж окружён военными с полицией. Для Крещенского купания лучше выбрать другое место,1
"Стоят при главном входе в порт один с автоматом, нашу 190 маршрутку остановили,ну к счастью были одни женщины, и пропустили",1
Генерала Петрова / Лип пьяные ходят кошмарят ребят,1
Теплодар. Круг. Две машины полиции. Останавливают. Выписывают что-то или нет и почему останавливают информации нет.,1
Преображенская-Большая Арнаутская блокпост,1
Нати Новая почта и полиция,1
"ул. Генерала Петрова, на стоянке У магазина Сильпо, парковался синий микроавтобус на черных номерах.",1
ЛенПас ( анонимно),1
Объездная дорога с поселка,1
Таврия Маршал стоят оккупанты возле зарядки электромобилей. Аккуратней!,1
Рынок Нефтяников Полиция девушка парень с папками с ними мужчины в зеленной форме не такой как тцк останавливали выборочно и отпускали парней,1
Такой Фиат заехал на Радужный 15.04,1
"Возле жд что-то не понятное в сторону центра, останавливают машины что-то проверяют, пробка до Тц Среднефонт.",1
"7-я пересыпская, много за остановкой и полиция там же 7.34",1
Доброе утро. Много в Доброславе. Базар. Менты и вояки,1
Больница Железнодорожников на шклярука. 3 военных кошмарят парня на входе( возле ворот) в больницу.,1
Днепропетровская дорога 77/2 катается скорая на военных номерах 12.10,1
Добрый вечер ТЦК по парадным Жолио-Кюри 72. Берегите себя.,1
Хоз рынок пос Котовского полиция останавливают машины выборочно,1
ТЦК идут на Маланова 6 в тренажёрный клуб ДНК.,1
"Здобушка, пересыпский мост, 3укровоена + менты",1
"Белый бус с вурдалаками у староконного рынка,тела 3-4. Актуально на 10:30",1
Генерала Петрова. 4й хлебзавод. Бус с военными. 10:50,1
Напротив Таврии в сторону эпицентра,1
Таврия Маршала 8:07,1
Радужный 15/2. 5 человек с папкой высматривают,1
Водопроводная-старосенная блок пост,1
Ленпоселок были замечены тоже,1
"Рынок Початок, также трутся рядом",1
"Рынок початок, рядом с ним",1
"10.13 возле маршала таврия крепят типа, 2 машины",1
Теплодар 3 ублюдка возле рынка с папкой на белом дастере,1
Добровольского-Заболотного на кругу. Стоит один,1
"Окружная (заправка мойка с двух сторон полиция,",1
Химическая-Грушевского разворачивают блок пост.,1
Стоят в дворах между общагами. (Ленпоселок) Факт выдачи не видал.,1
Пересыпский мост скорая на военных номерах,1
"Добрый вечер, рейд напротив АТБ генерала Петрова, не доходя Сильпо, полиция все в черном и рядом военные",1
"Добрый вечер, сегодня с 18.00 до 00.00 Киевский р-н, рейд, полиции и нацгвардии, обход по адресам ТЦК.",1
Пересыпьский мост менты и пидоры,1
Промсвязь два гаврика и два копа в сторону генерала Петрова,1
Сегодня возможно после обеда и до вечера будут снова долбить Киевский район.Лучше пересидеть дома.,1
"Добрый день. На маякской трассе,при выезде с теплодара установка БП",1
Генерала Петрова Тцк на скорой.звездочка,1
Угол Софиевской-Преображенской,1
На парковке маршала много джипов и бусик,1
"Ж/д станция ""Восточная""-Жолио-Кюри,26-""Копейка""более 10 оливок.",1
"Окружная как всегда на выезде с Поселка копы в обе стороны, останавливают все.",1
"Базовая до поворота на эпицентр в сторону 7км стоит полиция, останавливает и проверяет (выдачи не видел) 6:55",1
Доброго дня на Петровского 9 ленпосёлок заехала желтая скорая с военными,1
Таврия Волшебный мир. Непонятный движ. Оливки+черные+бусинки. Человек 30. На 13:20,1
Добрый вечер. Только что остановился камуфляжный бусик.возле Дома Жолио-Кюри 72 вышло 5 в пикселе возможно обход по квартирно берегите себя,1
Возле Маршала на остановке 25-ой маршрутки в сторону Ильичёвска стоят трое полицейских. Останавливают. Актуально на 7:55,1
Пересыпь заправка OTTO MOTTO 500 метров стоят 2 фуры за ними Радар!,1
"Б. Хмельницкого останавливают маршрутки, спрашивают, есть ли мужчины и возраст. Человек 10",1
"Степовая-Богдана Хмельницкого, стадо, шерстят маршрутки, вытаскивают мужиков. Туда не суемся!!",1
На Б. Хмельницкого на остановке трое мудней заглядывают в маршрутки в поисках мяса... Только что.,1
Ленпоселок трусят машины и маршрутки!,1
"Объездная, АЗС ""АМИК"", Патруль, собираются работать.",1
Привет радужный 15 ходит мусор с чмоней по квартирам,1
13:58. Пересыпский мост в город. Две маслины и две оливки. Прямо под мостом.,1
Слободка рынок. Опасно,1
"Генерала Петрова,возле новой почты 138,зеленый бус на польских номерах.Внутри два пидора высматривали что-то.Анонимно.",1
"Банк Пивденный, по Днепропетровской дороге. Трое нацгулов уже приглашают парня.",1
Радужный патрулирует по дворам,1
На ЖД каждый будний день с 6 с копейками и до 9 утра с в количестве огромном. Бус белый с зелёной полоской несколько раз увозит сворованных пацанов и возвращается обратно. Не**й туда вообще шастать. Каждый день по всем группам пишут не ходить туда. Ездите автобусом блин.,1
Радужный. Остановили машину,1
"Сити-центр внутри, упыри ходят",1
Маршал Таврия В,1
"Пересыпь мост, белый бусик катается с вояками",1
"Ленпоселок, готовится блок пост скорее всего! Хорошего дня всем.",1
Зеленый бус возле эпицентра 7 км. Внутри два. Только приехал. 10 30,1
"Автостанция Одесса, ходит с оружием 07:25",1
Радужный второй въезд белый бус,1
"Ездил по дворам белый бусик, район Данченко, высматривали людей.",1
"Генерала Петрова у входа в рынок стоят пакуют, двое с папкой двое в машине",1
6:46 7-я Пересыпьская,1
Ситицентр,1
"Вскм доброе утро. На остановке 7-я пересыпьская, в сторону города блок пост зелёных пикселей. Тормозят маршрутки.",1
7-я пересыпьская стоят 4 пикселя и один в черном возле заправки БРСМ актуально на 9.35,1
"Доброе утро. Сити-центр Таирова без изменений, стоят в две стороны. 8.40",1
"Блокпост около заправки е-газ, 7-я пересыпская ещё актуально.",1
7-я Пересыпьская в обе стороны,1
Сити-центр на Таирова остановка,1
Рынок Початок. Шмон. Там пиксельные гоблины 9:40,1
Сити-центр Таирова на остановке в сторону города стоят штук 5 нацгулов,1
Жд и старосенная-опасно,1
Только что на первой станции Люстдорфа. Высадили два буса,1
Блок пост за Пересыпьским мостом в сторону Котовского,1
"По Генерала Петрова едет бус с оккупантами ищут жертв, будьте аккуратны",1
"Адмиральский-Судостроительная стоит бус огорожен конусами, за ним пиксели с оружием, и 1 с леденцом выслеживают машины, выборочно тормозят.",1
Маяк мойка,1
"Доброе утро, на базовой стоит полиция останавливает выборочно на первых воротах за эпицентром",1
"ЖД-вокзал, со стороны троллейбусной остановки. Менты + военные + военный тентованный МАЗ. 08:25",1
Доброе утро! На Грушевского-Проценко полиция останавливает всех мужчин.,1
"Ситицентр в сторон у Радужного стоят, шмонают маршрутки!",1
"Доброе утро! 52 линия, Объездная дорога (Посёлок Котовского) стоят два полицая. 08:15",1
Треугольник Генерала-Радосная-Якира пешком не ходите. Во дворах раздача открыток.,1
"Д.Донского/Люстдорф дорога - напротив заправки ""Socar"" - трое зеленых в сопровождении 4-х в черной одежде (не полиция). Бус уехал, они стоят - актуально на 9.20.",1
"На генерала Петрова 45, между домов заехал бус. 2 оливки, 2 по гражданке вылезло. Что делать будут не ясно",1
Данченко около военкомата стоит красный бус Фольксваген с военными номерами,1
"Бус с желто-синей полосой катается по Серова-Мясоедовская (по будням) каждое утро, примерно с 7.00, все кто ходит пешком на работу по Молдованке будьте осторожны!",1
За рынком Черёмушки стоит одинокий пятнистый возле красночерного буса,1
"На въезде на рынок 7 км, на перекрёстке где Артвиль, стоят 2 патрульные машины и полицейские",1
"Ленпосёлок. Поворот на бетонку ставят блокпост. 7,46",1
"Ленпосёлок. Поворот на бетонку: БП, куча душегубов.",1
Жолио-кюри 26 2 пятнистые машины. На 14.00,1
по 3 чел с папками трусят базар,1
Объездная поворот на Корсунцы полицаи,1
Шастают в районе Осипова-Большая Арнаутская.,1
"Катается Jetta белая (Военные номера ) "" Новая почта """,1
"Р-н ул. Горизонтальная, Ленпас. 2 день",1
"Радужный, ставят блок пост",1
"Радужный бетонка, военные. Убирают тротуар.",1
ОККО Объездная дорога возле кладбища стоп контроль,1
"Окружная дорога ОККО Шевченко, возле кладбища БП",1
"Слободка, Смартлаб- белый бус и 3-4 нетоварища тусуются",1
Одесский порт! На всех въездах и выездах могильщики! 8:50,1
На всех вьездах и выездах в Одесский порт могильщики,1
"Доброе утро! Всем внимание заехало много вояк, с полицией в порт, всех пробивают по планшету, все кпп с вояками и полицией",1
"На Таможенной только что заметили, что вояки с оружием при въезде в порт осматривают все машины. Тряска продолжается...",1
7-Пересыпьская заправка VOG поставили блок пост в сторону города,1
"7-Пересыпьская заправка WOG: БП в сторону города. Много упырей, тормозят маршрутки, проверяют трамваи.",1
7-ая Пересыпская остановка трамваев. ЛГБТ-воины раздают билеты на 95 квартал,1
"в районе Базарной-Утёсова ездит серый бус Фольсваген, уже двух пацанов крепили",1
Теплодар. На кругу стоит машина полиции. Вторая машина по Теплодару. Пока никого не останавливали.,1
"Добрый вечер.таврия в Маршал,бус военный плюс полиция",1
Экспострой. Линия 13 трамвая (к предыдущему посту),1
Пересыпьской мост остановка в сторону Посёлка: БП. Актуально на 10:35,1
Доброе утро! Жолио-Кюри станция Восточная. Стоит белый бус военных. Человек 15,1
Ильичёвск-черноморск будьте внимательны катается белый бус,1
"Сити-центр на поселке Котовского, на парковке старый микроавтобус Фольксваген 3 людоеда оформляют парня",1
"Доброго дня! На остановке Пересыпский мост в сторону Посёлка много ТЦКов, блокпост останавливают маршрутки. Актуально на 10.30",1
Пересыпьской мост остановка в сторону Посёлка поставили БП,1
"Слободка, на двух бусах белый и серый рыщут в поисках мяса",1
Осторожно! Б.Хмельницкого 72.,1
"Всем здравствуйте, Пересыпьский мост в сторону города на остановке Б.П!!!!",1
Пересыпьский мост актуально 6:25,1
"Дорогие женщины! Вы сейчас хранительницы и спасительницы наших мужчин, нашего любимого города и края! На вас так многое держится сейчас! С праздником! Крепкого здоровья, сил, надежды на хорошее (а оно будет и скоро) и радоваться весне не смотря ни на что!",1
"Нерубайское, ТЦК машина новая почта с чёрными номерами ездят по улицам",1
"Окружная, выезд с поселка, поворот на Корсунцы. Просто менты",1
"Рынок на нефтяников 3 опарыша швендрают,, из автомобиля внедорожника выползли",1
"Базовая, новая почта стоит бус, тцк с папками",1
Сильпо Генерала Петрова 2 черта на парковке пресовали парня,1
5:30  мост Пересыпь блок пост,1
"Пересыпьской мост в сторону города: БП, трясут маршрутки.",1
На остановке пересыпский мост в сторону города разворачивают блок пост,1
Мост Пересыпь осматривают маршрутки на остановке. 8:07,1
"Трамвайная остановка эпицентр, за поселком 10 оливок и один черный с папкой раздача",1
Радужный Паркинг,1
"Я так понимаю, они катаются в этом районе - Химическая-Боровского-Промышленная.",1
"Радужный, новый выход. Трое пиксельных и серый бусик. Стояли, говорили с парнем. Осторожно!",1
Радужный конечная 145 маршрутки полиция останавливает машины проверяет багажники,1
Ленпоселок - много вояк! Парня пресуют,1
"Здравствуйте, люди пишут про часто Ленпас, часто не уточняют где именно, из за того сложно ориентироваться, как и где обойти или объехать, все ж должны понимать что не точная или не корректная информация может стоить чей то жизни. Ленпас достаточно не маленький.",1
Возле 13 линии трамвая магазин Копейка возле детского садика,1
"Белый бус Рено трафик, кагал упырей тцк. Порт возле центрального въезда, едут в направлении крекинга",1
"Ленпоселок катается белый бус (форд) минут 20 назад прислали мужика на Вазе, возле белого магазина.",1
только что на 4ст люстдорфа напротив сокара,1
Радужный между 20 и 23 домом.,1
"Генерала Петрова 53 во дворе, ходят 2 оливы с папкой.",1
Два бандеровца ходят с папкой по Б.Хмельницкого по четной стороне.,1
С остановки на космокноватов/Генерала Петрова поперли в сторону 25ой,1
9 ст Фонтана- выскочило 2 военных упыря из белого буса на парня.,1
7-я Пересыпьская. Осторожно и не давайте себя в обиду!,1
Маякская два столба-тучи в сторону Одессы,1
остановка 10 линия! прицепились к парню! актуально сейчас! детская стоматология,1
"Радужный, крепят пацана четверо пидоров",1
"в районе староконного рынка ездит серый бус на черных номерах. Гнались за парнем, но он успел убежать.",1
"Радужный, конечная 214 маршрутки. Бус с зелёными, аккуратно!",1
По Генерала Петрова медленно ходят 4 мента и присматриваются,1
Отрада возле тренажёров микроавтобус и легковушка. Пьют кофе 5 чел,1
6:20-клеверный уже есть.,1
"06.39 БП Лузановка-Метро-Аміс подтверждаю,трусять маршрутку.",1
Круг радужный белый бус крепят двоих,1
"Доброе утро! Объездная дорога 51 линия на обочине стоит ментовская машина, но никто не стоит. Актуально на.8:20",1
10:11 заехали на Радужный,1
Генерала Петрова напротив Сильпо 53 школа,1
"На парковке Мегадома, серый бус фольцваген...двое наулице остальные внутри...",1
"1-й Заливной/ Богатова. Белый Кенго, крепят мужика",1
"Стоит бус, конечная 10 троллейбуса, пересыпь, будьте осторожны.",1
Возле Эпицентра на Таирово стоят человек 8,1
Собираются вояки на перекрестке объездная -Латовка.Будьте аккуратны.,1
"1-й Заливной переулок, в сторону Посёлка БП. Очень много гестаповцев, тормозят всех!",1
Химическая-Грушевского стояли 2 на машине с мигалками в 7:55,1
Объездная как выезжать с Посёлка Котовского с правой стороны возле Оковской заправки развернули блок пост.,1
Генерала Петрова 70 во дворе дома стоит белый бус Хюндай - с гоблинами,1
"Жолио-Кюри-ст""Восточная"" тцк две машины.Ходят шакалы высматривают жертву.",1
"Радужный, 2 въезд - возле ствола. Бусик полный тцк, парнишка от них еле спасся побегом.",1
Жолио-кюри 26 на 7.10 возле копейки белая легковушка 3 дементора сидят в машине выскакивают к прохожим,1
"Ленпоселок переезд, бродят оливки, будте осторожны.",1
Ул Базовая позади Эпицентра 7км. Работает ТЦК. Белый Хюндай,1
Паустовского-Добровольского.,1
"Маршрутка рейсовая, написано ""7км Эпицентр"". Будьте осторожны!",1
"Жолио-Кюри, возле ст. Восточная катается старый Фольксваген В 2 в фургоне. Оранжевый. Трое гоблинов. Пасут...",1
"Гагарина-сегедская, группа мужеловцев, с ними телка. Пока пьют кофе",1
"1-й Заливной пер. Остановка в сторону Поскота и в сторону города: БП, трясут маршрутки.",1
Черёмушки шухер. Лазят по дворам,1
"Чебоксарская/Академика Плевко, белый бус возле продуктового и 4 оливки трутся рядом. Осторожно!",1
"Опасно 7-я Пересыпьская: за переездом сразу за серой щитовой возле ""Табакерочки"" стоят 4 душегуба. Еле отвалил. Обходите.актуально на 16.55",1
Фотофакт. Сити-центр Таирова остановка в сторону города...,1
Машина с ментами за 7-й Пересыпьской в сторону Головатого,1
Окружная с поселка заправка ОККО блок пост,1
"Заправка окко объездная дорога с посёлка, полиция и тцк, останавливают машины и проверяют доки, грузят в автобус",1
АТБ Пересыпь на против маг. Треш на трамвайной остановке 8- 10 Оливок,1
Во дворы на люстдорфскую дорогу 125 заехал белый нисан бус целый бус военых,1
Серый фольц бус с военными заехал в кадорр Таирова 9.46,1
Поселок Котовского рынок Початок. Три оливки цинкуют,1
Ильичёвск-черноморск будьте внимательны катается Мерс медленно в поиске жертв по возможности обходите центр,1
Толбухина-Краснова продолжают «трусить» маршрутки и выборочно легковые. Человек 10 оливок и человек 5 маслин. Все в балаклавах,1
"Среднефонтанская-Семинарская - авария, побка, по возможности объезжать..",1
Марсельськая-Добровольского на остановке дохрена упырей,1
"Ленпоселок - высадили много оливок, будут по домам ходить.",1
"Добрый день! А где именно на Ленпасе высадили много оливок, а то сейчас ребёнка в школу везти...",1
"Доброе утро. Таврия Волшебный мир, очень много пикселей. Затариваются похоже, но будьте аккуратно. Актуально на 8:40.",1
"Доброе утро! Объездная дорога, 52 линия, стоят 2 мента. Тормозят выборочно.",1
"7-я пересыпьская в сторону поселка разворачивают блок пост, актуально на 6:20",1
"7 пересыпь и в город и с города БП, с города на трамваях пасуться",1
"7-я Пересыпьская: а обе стороны толпа нацгулов, трясут так же и трамваи",1
Ильичёвск-черноморск по Данченко возле новой почты стоит синий volkswagen будьте внимательны возможно выезд пока пьют кофе,1
7-я Пересыпьская: В сторону города,1
"Доброго утра! Объездная дорога, 50 линия, стоят менты, останавливают машины. Актуально на 8:18.",1
"остановка Экспострой в сторону Эпицентра, стоит бусик, менты останавливают маршрутки на остановке",1
"7-я Пересыпьская возле заправки WOG БП, нацисты трясут транспорт в обе стороны, так же трясут трамваи.",1
Экспострой. Тормозят всех,1
Где плещется море и солнце не ждут словно милость...,1
окружная пос.Шевченко около WOG - блок пост тцк,1
На Сахарном (Суворовский район),1
Полиция возле Красноселки. Объездная.,1
"Радужный 2 заезд, парочка мужчина и женщина ходили по дворам,выдачи не видел,но на всякий случай",1
"Днепропетровская дорога 62, во дворе возле Троицы (магазин) стоят пьют кофе. Актуально 8:04.",1
На 4ст. Таврия на остановке много тцк,1
Слободка. Смарт лаб. Базарчик.,1
"P.s. собрали бы этих свиней по всему городу, со всех блок постов, ей Богу бы вышло пару рот, радужный шеврон и вперёд, на защиту.",1
"По новосельского, номер 72 идут с двух сторон не спеша, ищут жертв..",1
При подъезде к Эпицентру (Таирово) - полиция тормозит машины. Будьте аккуратны. Актуально 11.30.,1
"14 ст. Люстдорофской дороги, рынок стройматериалов у входа белый nissan микроавтобус, 2 пятнистых оккупанта",1
На парковке Эпицентр-таирова автобус с военными,1
Генерала Петрова 49 на остановке бус присуют 2 пацанов будьте аккуратно,1
"Радужный 2 вход стоят, каких-то действий не производили",1
"Б.Хмельницкого 70, стоит зелёный бус в внутри два укро нациста посут кого то.",1
4 упыря рядом с магазином Ствол! 7.30,1
"Б.Хмельницкого 68-70 скопление укро-нацистов возле комплекса ""патриот"". Осторожно.",1
"Мост пересыпь желтая скорая на выходе с туннеля у конечной 10го троллейбуса,за рулем военные",1
Радужный въезд с Сундука трое тварей,1
Шклярука / Авдеева-Черноморского белый Hyundai H1 разговаривают с парнем двое в зелёном один чёрном,1
"4 ст.бол.фонт.Таврия В, трое оливок стоят курят",1
Таврия Маршал - по-прежнему блок-пост,1
Генерала Петрова на против АТБ стоит бус с оккупантами,1
"Доброе утро. 49 линия Объездная дорога: стоят менты, тормозят выборочно.",1
На 7.15 7 люстдорф трамвайная остановка стоят.,1
Объездная дорога на заправке “amic energy” стоит белый бусик с 3 (возможно больше) упырями,1
Ильичёвск-черноморск внимательно пошли в сторону моря по данченко вверх в сторону копейки молодёжь обходите стороной,1
"Конечная троллейбуса возле Пересыпького моста, группа полицаев.",1
Сидят во дворе Маршала Бабаджаняна 25.3 рыла с автоматами.,1
"Пересыпьский мост, заправка ОККО, много упырей тцк",1
К предыдущему посту ⬆. 7-я Пересыпьская...,1
Улица Космонавтов-Иглези на кольце куча тцк,1
Будьте осторожны на Заболотного-москвич!!!! подъехал Х5 4 хряка в нем!!! И 3 пса также возле входа в копейку стоят!!!,1
Садовая-Дворянская белый Mercedes Sprinter и пятеро гомосексуалистов. Грязно пристают к прохожим. Мы убежали!,1
"Надо смотреть по району, какой ТЦК. Киевский, скорее всего. Надо туда ехать и обязательно с адвокатом",1
"Пересыпский мост,выход к троллейбусам,двое пятнистых.выдачи не видел",1
Добрый день бус с упырями стоит на Пересыпьском мосту напротив заправки ОККО,1
ПАЛАНКА-первый пост от Маяк!много!Бус комуфляжной расцветки +белый бус на чёрных номерах!,1
На островке патруль мусаров.,1
"Генерала Петрова, 49. Людоедов 10. Минут 10 назад",1
Юр академия в сторону центра 4 машины полиции. Проверяют документы,1
"Ленпосёлок,ул.Горизонтальная,двое в военной форме,мент,ходят по дворам...",1
"Радужный 20, возле Коло. А внутри могилизаторы",1
"Одесса, на перекрестке Маршала, возле Радужного, много, пакуют, останавливают авто",1
Волшебный мир «Таврия « Совиньен полный автобус выгружаются на 9 00,1
9:56 На рынок Анжелика заехали два белых пикапа / один с прицепом / второй на чёрных номерах/ хз... на всякий случай,1
"Товарищ вышел с работы, пока добирался до остановки (Слободка) его словили ТЦК и загрузили в бус, внутри уже он начал пытаться с ними договариваться, чтобы отпустили, ему сказали:"" 300$ и мы тебя не видели"", вот такая мобилизация, делайте выводы, пока ещё живы",1
"Таврия Маршал полицейская машина, трое полицейких",1
"Таврия Маршал остановили в 5:10 полиция...спросил,чего их полно с самого утра на каждом углу...ответили-операция ""Серена"".Кто знает что это?",1
"Доброе утро,Слободка 3й Хлебзавод,стоит полицейский экипаж,актуально 9.20",1
"Пересыпьский мост, заправка ОККО",1
Таврия Маршал выборочно,1
Таврия Маршал в сторону оптового- менты проверка бусов на содержимое в кузове. Документы не смотрят,1
"14 станция люстдорфа(стройрынок) стоят полицаи, останавливают выборочно",1
"Уважаемое, любимое море",1
Объездная перед ОККО с леденцами на перегар стоят кошмарят,1
"Таврия Волшебный мир под Совинйоном аккуратно, ходят зелёные ребята в поисках новых рекрутов",1
"Добоое утро 07:25 блок пост корсунцы,окружная дорога,стоят гиены,тормозят всех",1
Доброе утро всем. Пересыпьский мост заправка ОККО: два буса и дохренища упырей,1
Пантелеймоновская-Екатерининская,1
Таврия МАРШАЛ возле будки мясо-гриль. 9 морд пьют кофе вышли из белой Toyota на черных номерах.,1
"С поселка Котовского в сторону города пробка практически глухая. Многие разворачиваются. Ранее писали, что на 7-ой Пересыпьской шакалы дорогу перекрыли.",1
"Генерала Петрова, напротив базарчика, около магазина Мясолюб 3 оливки. Актуально 13:35",1
"У звʼязку з ремонтом настилу, буде перекрито переїзд по с. Сухой-Лиман, вул. Чорноморців з 25.04.2024 року о 08:00-закривається. Відкривається 27.04.2024 року о 20:00.",1
"Рынок Нефтяников,грузят в бус на остановке рядом полицаи.Актуально на 06:50",1
Возле Одесского дворика-Успенская стоит толпа но непонятно чего…вроде гражданских рядом нет…убегают закоулками))),1
Пересыпский мост. На остановке 5шт и автобус. В сторону поселка,1
Готовится блок-пост на проспекте Гагарина-проспект Шевченка. Много гоблинов и полиция. Чудом проехал. Объезжайте. Берегите себя,1
Гидро порт на блок посту ТЦК,1
"Б.Хмельницкого 72 возле Новой Почты, стоят бандеровские песы, осторожно.",1
В порт приехали куча в чёрном - похоже на полицию,1
Пересыпьский мост в сторону города: по-прежнему трусят маршрутки,1
Доброе утро. На ланжероне( возле жёлтого камня) 9 дементоров прессуют мужчину. Обходить. Время 9.11,1
Четвёртая пригородная четыре военных с автоматами 10.37,1
Два экипажа стоят объездная дорога поселок походу ждут тцк и будут организовывать блок пост,1
Возле Маршала в сторону кладбища экипаж полиции.,1
"Не успел сфоткать, на староконном облава, человек 30 заехали двумя бусами, проверка документов",1
Беляевка. Рынок. Ходят ТЦК с ментами.,1
"Рени внимательно-порт,рынок,центр города возле атб…их очень много",1
Площадь 10 апреля- стоят два ментовских патруля.,1
"Кучурган!! Рынок, работает ТЦК",1
они сейчас стоят на Парковке Эпицентра. Возможно приехали за покупками.,1
"Хочу от души поблагодарить водителя на встречке, который днем предупредил о мусорах в районе бывшего завода “Черномор” Пусть вам тоже всегда помогают.",1
"Пересыпьский мост как ехать на поселок стоят трое зеленыхфакта выдачи не видел,6.20",1
"Окружная с поселка стоят нюхачи,за поворотом на красноселку.всем хорошего дня",1
"Доброе утро, Авангард много зеленых, будут ходить по домам. Будут ходить еще и по Ленпоселок. Будьте аккуратны!",1
"Успенская-Преображенская,возле овощного…будьте осторожны!!!",1
Бродят могилизаторы на конечной 7 трамвая люстдорф в,1
Днепропетровская дорога 108 ходит участковый путевки в мир иной разносит,1
Добрый день эпицентр 7км черный бус стоят еле сбежали,1
Теплодар рынок тцк,1
В Теплодар заехала две машины ТЦК,1
Только что в Теплодаре тцк загрузили троих насильно в бус с участием полиции,1
"Таирово, военные стоять возле микроавтобуса на стоянке магазина Эпицентр",1
Варенеская 6 возле Таврия на 9:40 стоит толпа с мусороми крепят,1
"идут на генерала петрова, возле авроры",1
"Теплодар рынок, снова тцк",1
7 чт. Люстдорфскрц в сторону города стоит микроавтобус с тцк трусят моршрутки,1
Только что бус с ТЦК заехали в Теплодар,1
08.55 Объездная поворот на Палермо останавливают менты на перегар.,1
"Генерала Петрова,за Сильпо скисшее оливье во дворах шарится, человека 4",1
Возле Староконного рынка ходят нацгулы. Опасность в том районе,1
По Теплодару по дворам ездит бус с ТЦК и полиции,1
"БП окружная, поворот на Корсунцы( укрнафт человек 30",1
Таврия Маршал - очень много упырей,1
Ильичёвск-черноморск по Данченко возле новой почты пятой стоит volks синий номера 59 208 будьте осторожны,1
"Зерновой-пидорги в обе стороны ""работают""",1
Жд встречают Киевский поезд,1
Сквер героев-пограничников напротив парковки целый фургон дементоров 8:43,1
"Совиньён старая Таврия, на парковке 2 буса и куча военных, 1 бус полиция, так же военные стоят прям у входа",1
"интеркар / новая почта - теперь куча мусора и пепла, до сих пор тушат.. одинокие полицейские ходят там...",1
Терешковой-гайдара два чудика на светофоре ищут жертву,1
"Блокпост, объездная, стоят 30 метров после (в сторону Укрнафты) поворота на п.Шевченко или с.Корсунцы.",1
"Блокпост 7-я пересыпская,пока останавливают только маршрутки",1
"Окружная, на повороте на 20 линию, полицаи всех подряд)",1
7-я Пересыпьская в сторону города блок-пост,1
Ильичёвская паромная переправа - блок-пост,1
Объездная дорога возле бывшего блок поста человек 10 на 7:45,1
"В Теплодаре бус с тцк ездит по дворам,одного насильно заталкнули в бус.",1
Ильичёвск-черноморск будьте внимательны возле паромной готовится блокпост по возможности объезжайте паромную переправу,1
7 станция Люфсдорской дороги остановка возле фонтанчика мусора и оливки ждут маршрутку,1
Доброе утро! 7-я Пересыпская в сторону города напротив заправки блок пост штормит полиция!!! Видимо нельзя на остановке!!! Могут перебазироваться!,1
"Не доброе утро ( Окружная дорога, 53 линия стоят менты, тормозят машины. На той же Окружной чуть дальше заправки ВОГ стоят чмошники ТЦК, остановили 81 маршрутку, вывели ребят(((",1
Пантелемоновская-ришельевская около 6 тцкашников,1
"Таврия Маршал на стоянке пятнистый пикап, высматривают, на 18.15",1
Только что в Теплодаре ТЦК на верхней остановке загрузили одного человека в бус.,1
Семафорный пер 4. Скай сити - ходят по стоянке и возле ТЦ. 10:40,1
Таврия Маршал проверяют парней по планшету,1
В Теплодар заехала ТЦК с полицией,1
Слободка. Стоят на против ворот в церковь. Христос Воскресе.,1
3 фонтанка-менты нюхают на хлопок,1
Киевская возле заправки брсм нюхачи в обе стороны.,1
Парковка Таврия Маршал 06:17 человек 15-20 зеленых общаются в кругу. Тцк или просто военные не известно,1
"На 7-ой Пересыпьской Б.П. из ЗЕпидоров, как ехать в город.",1
7-я Пересыпьская сейчас,1
"Объездная дорога, возле заправки. Полиция и пазик с оливками",1
"Объездная дорога, заправка Okko,БП",1
"Объездная дорога под сторону куяльника, возле окна стоят полиция и военный, останавливают выборочно",1
"Много оборотней катаются  ленпаселок,  Застава 1,2. Но в основном по гражданке . Кстати заметил что многие машины  сменили номера с чёрных на гражданские.",1
"Добрый вечер. За пересыпский мостом, в сторону города готовяться поставить блок пост. Человек 15 военных и с ними мусора. Актуально на 19:26, будьте внимательны",1
"Генерала Петрова, АТБ Т4 серый, дастетер и копы возле входа щемили парня",1
Черёмушки Мир обоев полиция с гражданскими шастают по квартирам,1
Объездная поворот на Корсунцы:,1
Староконка 4 ухилянта* зашли,1
10-21 Толбухина-Краснова напротив мака полицаи и зелёные шакалы тормозят маршрутки!!!,1
2601 стоит на остановке экспострой в сторону города.,1
В городе Теплодар бусик с ТЦК и полиции во дворе пакует двоих парней,1
"Пересыпский мост в сторону поселка на остановке два мента и куча оливок, пьют кофе пока, 6:20",1
За Пересыпьским мостом в сторону посёлка блокпост. Тормозят маршрутки,1
Возле Ильичёвского ЖБИ куча военных и ТЦК. Ужасные пробки в сторону Иличёвского переезда,1
Заправка БРСм Сухий Лиман,1
"Пересыпский мост как ехать на поскот стоят человек 20,если не больше..перекрыли 3 полосы,тормозят все маршрутки и выборочно машины!!!",1
В городе Теплодар возле заправки ТЦК заталкали насильно парня в бус,1
На Староконном рынке тцк 6 чел.+ Менты на сейчас,1
Староконка рейд две группы из 4 у**ков пошли по рядам,1
Город Теплодар 15 мин назад ТЦК возле церкви двоих парней грузили в бус.,1
"18:30 за Пересыпьским мостом напротив СТО Автогаз 6-8 гиен высаживаются из авто, готовятся работать",1
Район 125 школы ул. Академика Панкратовой частный сектор человек 15,1
"Маршал. Чёрная Таврия, на парковке человек 6 оливок. Фото не успела",1
Вн 481g едет в сторону посёлка Котовского с вояками внутри движение в сторону куяльника по объездной дороге,1
"Ашан-ривьера,стоят 2 гоблинк с мусорами тормозят выборочно...",1
"Ашан-ривьера,стоят 2 гоблина с мусорами тормозят выборочно...",1
7км 17 ворота (новая почта базовая) и елочки,1
Заболотного- Днепропетровская дорога. Два пикселя и мент. Машина на Львовских номерах. Актуально на 8:04,1
Доброе утро. Возле Таврии Маршал Блокпост стоят куча вояк и ментов,1
"Доброе утро, город Теплодар ухылянты ходят по предприятиям",1
На Маршале и на выезде с парковки,1
Таврия Маршал около 15 зелёных на остановке.,1
Внимание! ТЦК оформляет документы въезда в Одесский порт.,1
"Добрый день, замок Гари Потера, весь склон, Таврия, отлавливают работников, которые устраняют последствия прилета. На моих глазах парня силой закинули в авто((( Будьте осторожны, прячутся в паркинге и возле моря.",1
"Жолио-Кюри,≈ 5 людоедов и 2 мусора,напротив копейки,ждут людей с электрички.",1
"Много уродов на Ланжероне, бус поставили возле полиции. Вчера тоже искали жертвы",1
На Ланжероне,1
Одинокая оливка пасёт конечную 191 под Пересыпьским мостом,1
"Таврия маршал,3 пошли с листиками,в сторону кладбища",1
Таврия МАРШАЛ. Белый Ниссан наваро на черных номерах. Со старлинком на крыше.,1
"Теплодар, магазин 24 ТЦК",1
Маякская трасса поворот на теплодар маслины оливки.,1
"Латовка ( возле заправки БРСМ) стоят наглые мусора и при возможности ставят всех подряд и начинают докапываться, сильно хотят денег",1
"Траса Маяки, поворот на Теплодар мусора и тцк",1
Возле Теплодаровского кладбища тцк с ментами,1
"По Ланжерону шарятся 3 нациста и 3 полицая, присматриваются",1
"7км эпицентр,спуск на базовую..менты,проверка документов..",1
Чупачупси БРСМ СУХИЙ ЛИМАН.,1
Лески(одесса-южный) блокпост 7.40,1
Поворот на теплодар трасса Одесса-Рени стоять гоблины и оливки,1
Слева от входа в Таврию Аэропортовскую на Гастелло стоят трое пасут.,1
"Ренийская трасса поворот на Теплодар двое оливок и один черный на двух легковых авто, одна из них полицейская. На 15;30",1
Ильичёвск-черноморск по Данченко катается красный фольц на чёрных номерах будьте осторожны,1
"Т4 ездит по Генерала Петрова,высматривает",1
Доброе елси доброе утро. 2 автобуса-Зепидоров и 2 машины чёрных стоят на сервисном центре МВС На Инглези-15. Всем внимательно Осторожно. Берегите себя.,1
Базовая вдоль забора Эпицентра выскочили из полицейской машины и окружили парня 2 черных и 2 пятнистых,1
Эпицентр возле 7 км на парковке возле входа зеленый бус с двумя военными сидят внутри.,1
Радужный. Скорая с демонами,1
"Остановка Ваз,ленпоселок",1
"Окружная Корсунцы возле мойки полиция, останавливают выборочно",1
"Объездная дорога как выезжать с поселка Котовского, стоят менты, ловят (9:55 )",1
Радужный 23 дом во дворе,1
"Окружная за мойкой нюхачи, будьте осторожны.",1
"Доброе утро! Посёлок Котовского Объездная дорога заправка Окко: стоят 3 мента, тормозят машины.",1
"Филатова-Гайдара,возле стомат-поликлиники,на остановке,потеряшка.Пасет маршрутки,заглядывает и отправляет смс.Будьте аккуратны!Берегите себя!",1
Александровка (возле Ильичёвска) две машины полицаев военных пока нет возле поликлиники,1
Напротив Маршал Сити в белом т5 сидят гнусные рожи тцкунов,1
Дерибасовская-Преображеская,1
"На Ланжероне два полицейских, тцк не видно, на самом пляже, людей немало, загораются,мужчины тоже",1
Есть вероятность что с завтрашнего дня в городе Теплодар будет олов тцк с Винницы и Киева пока слухи за выходные как дальше не известно,1
Район Черемушки опасно,1
Объездная за красноселкой мусора тормозят всех. 7.15,1
"Ленпоселок ВАЗ, катаются по дворам Фесенка полицаи",1
Зя фонтанка-выгрузка с краза демонов на против базарчика,1
"Объездная дорога, за поворотом на Корсунцы возле мойки уполномоченные оновители на приусе.",1
Зерновой-черти радостно встречают маршрутки,1
Архитекорская-Ильфа во дворы заезжала патрулька на 9.50,1
Теплодар возле Рады актуально 12:30,1
Маяки Таврия осторожно!,1
Бус напротив кладбища Таирово Маршала,1
Белый автобус с чёрными номерами за Спасо-Преображенским собором.,1
Окружная/ Корсунцы (в районе кладбища) пост полицаев несколько машин 7:15,1
Окружная с поселка при выезде полиция тормозит всех.,1
"Заправка Мотто Головатого, в сторону Пересыпьского моста полиция с радаром",1
"Софиевская-некрасова непонятный движ. Две машины ментов, белый бус, один вояка много странных людей в штатском, два инкассатора.",1
"Маяки Таврия, 3 оливки 1 мусор не далеко от входа. Фото не сделаю рядом еще блок пост, много военных",1
Сразу за Пересыпьским мостом,1
Пересыпьский мост на выезд из города пост зелёных,1
"Пересыпьский мост, в сторону поскота тоже поставили стоп и тормозят маршрутки",1
Доброе утро. 7 км район эпицентра блок пост в обе стороны актуально на 8:45,1
Ситицентр все еще опасно ‼,1
Рынок 7 км 2 типа по форме ходят у одного папка,1
"Великомихайловка Розделянский р-он. полицейская и 2 тцк с папками автостанция, актуально 10.15",1
Генерала петрова напротив школы пробивают номера припаркованых машин по планшету на улице и во двотах,1
"Радужный возле Атб полицейская машина, до этого ездила по всему радужному. В машине никого",1
"Оливки на море, 14 станция",1
"1-й заливной,тормозят маршрутки тцкшник, актуально на 16-48",1
Окружная заправка ОККО блокпост. Берегите себя,1
"Доброе утро. Окружная дорога заправка ""Окко"" посёлок Котовского - человек 10 тцк тормозят машины.",1
"Окружная, со стороны поселка окко, блок пост",1
"вулиця Прохоровська, 39, (Таврия В) стоит 2 душегуба оппёршись об машину высматривают цель. (рассмотреть машину не успел, но вроде жигуль неприметный)",1
Гиены Окружная с поселка ОККО блок пост будьте аккуратнее,1
Радужный 24 дом высадились с Рэношки 4 оливки,1
Окружная дорога ОККО блок-пост нацистских гиен,1
Облава на данный момент на стрекозе базар северный!,1
Тцк окружная возле окко на везде пос котовского,1
Китайский рынок строительный жосткая облава,1
Доброе утро. Хлебодарск таврия стоят мусора и тцк. 09:30,1
"Ленпосёлок базпрчик возле переезда три чёрных три зелёных,возле наливайкм кошмарили пацана",1
"Рынок пустой как при эпидемии чумы, одни женщины и пенсионеры",1
На 7-ой пересыпьской в сторону поселка готовят блок пост. Упыри на месте их друзья полиция только подъехали.,1
7я пересыпь людоловы. Маршрутки обыскивают. Снимают мужиков,1
Великомихайловка Разделянский р-он. Автостанция 2 пикселя с автоматами сидят кофе в одно ебло заливают.,1
"Ярмарочная-блок пост,оливы и маслины,тормозят маршрутки в сторону города.тормознули уже две маршрутки,стоят трусят их.",1
7-я пересыпская блок пост как ехать в город! много военных+ТЦК,1
"Черёмушки напротив АТБ полиция,пьют кофе и высматривают.",1
"Белый бус заехал на причал отрада, Совиньен, внутри в масках",1
На островах- зелёный мыс оранжевый бусик,1
ЖК Радужный ходят ТЦК,1
Доброе утро! 7-я Пересыпская в сторону города....,1
"Окружная выезд с поселка, заправка OKKO стояет хуесосы синие и хуесосы зеленые тормозят машины",1
"Здравствуйте, напротив автоваза (ленпаселок)стоит бусик с ТЦК. Будьте аккуратнее",1
"Окружная, как ехать с посёлка, после поворота на Красноселку, возле кладбища стоят менты и ТЦК",1
Окружная заправка око полиция и куча душегубов 11:53 осторожно,1
"Информация о ТЦК на выезде с поселка в сторону Куяльника актуальна на 12:15. Рено Дастер на въезде на Окко,и человек 8 военных с чупачупсом намеревались тормознуть,чудом удалось избежать этого",1
Генерала Петрова 61 одинокий пиксель с синей папкой пошёл в сторону Сильпо.,1
"Добрый день! 16-30, дорога на поселок Котовского, остановка 7-я Пересыпьская,, чуть не доезжая, блок-пост, военные, полиция, машина ДПС. Берегите себя!",1
7-я Пересыпская автобусная остановка на посёлок. Под деревом человек 10.,1
Мусорочки на двух мотоциклах 650 кубовых заезд на кадорр 40/41 возле автосервиса.,1
Окружная заправка ОККО гайцы с леденцом,1
"За таврией маршал где мойка синий бус вольксваген, и ещё один, стоят в засаде, выскакивают если видят цель",1
"Генерала Петрова 40, стоят во дворе за Сильпо",1
"Таврия В смт Таїрове, и маслины и оливки",1
"Заболотного-27. За зубной скорой помощи, возле дет.сад, военный джип 3 Пикс. В машине сидят чего то или кого-то. Ждут... Акуратно.",1
Скорая на черных номерах поехала к Ланжерону.,1
"Киевская трасса,перед БРСМ в сторону города стоит 4 патрульных машины ловят на радар и бьют по планшету",1
"13:23 Ленпоселок, район ул.Сосюры, желтая скорая на черн.номерах 6503н5",1
Пересыпь остановка 7го травмая как ехать в город,1
"Копы, 3 Пересыпская 1, один стоит с леденцом второй сидит в машине.",1
"Новая слободка, по частному сектору катаются!",1
"здравствуйте, на ланжероне мусора пристают к людям, ходят что-то проверяют",1
"Маякская трасса возле поворота на Теплодар стоят тыловые крысы и с ними жабы кошмарят фуры, вчера вечером эти же стояли возле Переселенца писали местным трактористам, будьте внимательны там зачастили рейды Беляевских крысенышей!!!",1
"‼Лазарева, банк Украина, остановили парня, он им что-то показывал по документам и телефону. Лучше там не шастать - очень много их.",1
"На пляже Ланжерона раздают,, путевки,,",1
Козачества БРСМ: маршрутки/ фуры. Знака «стоп контроль» не видел.,1
Староконка ходят по рынку,1
"На ланжероне сидят на лавке 4-ро гиен будьте бдительны,",1
1-й Заливной в сторону поселка,1
"Дорога Южный-Одесса возле ТИСА где самолёт стоит полиция рядом джип на чёрных номерах, останавливают выборочно",1
У Пересыпьского моста высадилась куча пятнистых на остановке в город. Сразу стали приставать к мужчинам!!!,1
Здравствуйте.Пересыпьский мост.скорая и тцк немного дальше стоят чем остановка на поскот.,1
Эпицентр 7км стоит пятнистый бус,1
"Радужный 20, ментовская машина подъезжает к прохожим и мужчин трусят по документам",1
Автостанция Старостеная двое с планшетами,1
Степная ул. (застава 1) гоняют ментовские машины.,1
Черная Таврия бус пакуют. Внимание,1
На Генерала Петрова осторожно,1
Жёлтая маршрутка надпись эпицентр второй номер полная военных сегодня днём в центре города забрали человека за 5 мин прошел влк сейчас везут в учебку,1
Чёрная Таврия задний вход ментовский бусик один снаружи три мусора внутри - что-то высматривают.,1
Поворот на Теплодар. Патруль + тцк,1
Братья. Ильичёвск- ул. Пляжная у Метрополиса снизу у моря- стоит внедорожник цвета хаки. Или пасут мужиков или пожрать приехали. Берегите себя,1
"Какой -то непонятный движ в начале улицы Бунина-зашли во двор четыре мента (пешим ходом,без авто)с планшетом.",1
"Скорая желтая, возле укр почты днепродорога-высоцкого. И катает по дворам внедорожник зеленый на зеленых номерах.",1
Киевская трасса на въезде в город перед БРСМ радар,1
Окружная. На повороте на Красноселку полиция дальше возле кладбища,1
"Королева-Левитана, стоит полиция тормозит машины, проверяют документи. Всем хорошего дня",1
"Объездная, как выезжать с посёлка. Полиция останавливает машины, пробивают по планшету. 8:17",1
"8:55 Радужный, 16/4! Черный бус и шесть тцк-шника! Будьте осторожны!",1
"Окружная с Поскота, едет старый пазик белого цвета.В нём несколько вояк",1
"Внимание!С другой стороны ТЦ"" Эпицентр""(улица ведущая от АЗС ""Сокар"" мимо 7км к гоночной трассе)припарковался белый микроавтобус на черных номерах 1173 из которого вышли два ""людоеда"" Зеленского.Берегите себя.",1
Привет всем! По поводу ЖК Апельсин! Актуально! Еххал мимо 10 мин. назад и видел как паковали хлопца. Будьте внимательны!,1
"Филатова-Гайлара,16-я поликлиника,один черт глючит пацана,ещё 5,возле входа",1
"Поселок Котовского,днепродорога-бочарова на парковке АТБ. Шавка и Бобик тухлого президента, ловят на полосу городского транспорта.",1
Пушкинская-Малая Арнаутовская 13:55,1
"По маякской трассе сразу за поворотом на теплодар,в сторону маяк полиция с оливками. Тормозят машины и фуры",1
Одесса-Поездная 1 коп и 3-4 пикселя + белый бус Мерседес. Проверяют и пакуют,1
"Перед кладбищем, объездная мусора. Тормозят. На 7.20",1
Поворот на Красноселку окружная на перегар,1
Ольгиевская-Софиевская( чуть ниже главного корпуса МЕД.УНИВЕОСИТЕТА) --БЛОКПОСТ. Останавливают весь транспорт: авто...смотрят в салон,1
"Александровка,которая возле Ильичёвска, БП, останавливают даже легковые возле поликлиники",1
Бочарова-Добровольского возле Мой Дом прошли в сторону трамвайной остановки!,1
"Китайский рынок, ОККО-ТЦК",1
Ленпоселок 11:20,1
"Ренийская трасса поворот на Теплодар стоит белый дустер с жабами в нутри, сидят пока в машине, наверное ждут крысенышей.",1
Доброе утро. Б. Хмельницкого напротив 11 дома белый бус Рено. 2 полицая и 3 пикселя. Берегите себя.,1
Ушлёпанные 10 линия,1
"Поворот на Теплодар,Маяцкая трасса,из города стоят пока двое зелёных на белой легковушке с автоматом.Ментов пока нет.8.50",1
"Переписывался с кем-то по имени ""Анюта"" (случайно увидела)",1
"Нати,базар",1
"На 14.50 эпицентр таирово, вход сантехника слева стоит скорая на черных номерах в ней 2 гиены по гражданке",1
"Только что актуально на 17.00, 7 оливок, все как на подбор, остановили 250 маршрутку, по дороге на поскот, остановка после пересыпьского моста., проверяли мужчин, слава богу никого по возрасту не нашли.",1
Таврия Маршал пакуют! Два бусика в подарок!,1
Жд привокзальная остановили троллейбус и сняли всех мужчин,1
"Генерала Петрова, сельпо остановили мужика,проверяют доки",1
Таврия Маршал. Останавливают и проверяют по планшету,1
"Возле эпицентра,как ехать на мылку 7 км блок пост",1
Сегодня когда точно не знаю но инфа 100% и судя по всему недавно ходили гоблины и менты по подъездам по адресу 25-й Чап. Дивизии 2/1!!! Куда дальше поперлись неизвестно!!!,1
"Выезд с мылки и большой стоянки, посередине Эпицентра, полиция и военные перекрыли дорогу, всех проверяют, кто идёт по тротуару останавливают.",1
Киевская трасса как ехать в город возле БРСМ ловят на радар,1
"Маршал сити, прогуливаются",1
"29.05.24 утром в Днепропетровской области начальник полиции области Ганжа собрал всех начальников полиции городских и районных отделений Днепропетровщины, где дал указание выделить 10% от личного состава всех отделений полиции в штурмовой батальон, возраст мужчин от 25 до 60 лет.",1
Дача Коволевсаого Таврия стоит бус с дятлами),1
"Как всегда на ступенькам лаборатории "" Синева"" в тенечке сидят гоблины 5 гоблинов. Слободка- Базарчик.",1
На входе в Сильпо стоит один!,1
"Рынок 7км, очень опасно.",1
Аркадія Алєя пішли ТЦК чоловік 10 воєних,1
"Поселок Котовского, объездная дорога поворот на Красноселку стоят нюхачи",1
Авангард (Ленпоселок ) ходят по домам! Будьте аккуратны!!!!!,1
"Доброе утро.Выезд с города по Киевской трассе, как поворачивать на Орион. Стоят два сопливых бобика, ловят феном на скорость.",1
Усатово-Баня стоят менты,1
"Объездная с поселка, возле кладбища ( мойка ), стоят нюхачи с леденцами",1
"Стоит бус с тцк напротив магазина Ствол,( где был раньше компот ) актуально 08.50",1
Блокпост Нерубайское/ Объездная дорога. Тормозят выборочно. 09:10,1
"‼Канатная, ТЦК",1
Ільфа та Петрова 47. Небезпечно. ТЦК(?) полюють за чоловіками.,1
"Б. Хмельницкого ездит легковой, белый фольксваген, там два животных, укро-нациста высматривают по сторонам. Номер авто не успели увидеть. Будьте осторожны. Одесса будет освобождена от укро-нацистской оккупации!!!",1
32 школа / Черёмушки. Менты Приехали и сразу к водителю соседнего авто пристали,1
Радар по Киевской на въезде вгород на БРСМ,1
"Ж Д станция Одесса-Поездная. Экипаж позиции, демонов пока нет.",1
Юго-западный масив мусорки бродят,1
Белый бус Таврия маршал пакуют,1
"Сити-центр Поскот, на парковке ТЦК человек 20. Ловят. ОПАСНО",1
"Набережная, возле Кораблика",1
Шевченко-шампанский на углу 3 бойца ищут жертву,1
Проехал еше новый бус.шампанский номера 4305.тот уже уехал,1
Преображенська/буніна,1
На Левітана біля єви стоїть пікап з будкою камуфльований,1
"7-я Степная остановка два экипажа полиции. Тормозят машины, выборочно. Актуально на 6.45",1
Доброе утро. Трасса Беляевка Теплодар возле главной вади 4машины полицаев тормозят всех тцк не видел. В 7.00,1
Поворот на Теплодар по маякской трассе остановили фуру,1
Таврия Маршал парковка тормозят парней.,1
Таврия Маршал выгрузилось человек 10,1
"Возле Таврии маршал на парковке два буса пидоров, в каждом по 6 рыл, выскакивают на людей, не ходите туда",1
"Таврия Маршал, ухылянты тормозят маршрутки",1
"По Объездной, кладбище, пгт Шевченко: копы перед Куяльником",1
"Два буса тцктварей китайский рынок, скорее всего облава",1
Китайский рынок шмон,1
"Поворот на Теплодар, трасса на Маяки стоят ТЦК",1
Привоз-шляется штук 7-8 пассивных геев в зелёном.,1
БугаевскаяСредняя где офис центры Троя в форме и один без,1
"Ленпоселок, гуляют по улицам с папками, человек 5-6, стучат во дворы, будь аккуратны!!!",1
"Возле отделения полиции возле Жёлтого камня за Ланжероном человек 12 крепких полицейских с палками, как будто к чему то готовятся.Анонимно.",1
"Бусик пиксельный на парковке Сильпо, Таирова, кадоры. Только заехал, стоят выжидают.",1
Доброе утро рынок початок два буса заехал сидят в машине..... Один из всех все за одного,1
"Сити-центр Таирова. Какая-то масштабная облава продолжается. Три буса, толпа гоблинов. Не ходите туда!",1
Новая Слободка черный форд номера 9140 обычные номера не чорные двое военных и один полицай катаются проверяют документы,1
Актуально на сейчас -БП на Гагарина-ближе к проспекту Шевченко!!! Будьте внимательны!,1
"Шестая станция,скверик возле бювета,за шаумои у,,Азата,,сидят возле турниров и вычисляют",1
7-я Пересыпская возле копейки ходит полиция 2человека (М/Ж) с планшетом. Машина припаркована за переездом возле аптек,1
С военкомата с папочкой третья группа пошла в центр,1
"Филатова-Гайдара ДТП вызывают мусоров, светофор не работает",1
На поселке Таврия В тцк + мент стоят у входа охраняют,1
"На генерала Петрова возле завернули, ходит одинокий бродяга вояка и что-то высматривает",1
"Теплодар, выезд на Беляевку или широкую балку, менты",1
В.Дальник-Кишиневская траса -нюхачи,1
"Новая почта номер 17, 7 оливок и несколько ментов, будьте осторожны!",1
Таврия Маршал стоят менты. Осторожно,1
Беляевка центр 6 пекимомонов и автостанция 8 штурмуют,1
"7 км, Эпицентр, светофор, 2 мента и 2 типа военных, кошмарят мопед с 2 мужиками!",1
Березовка автостанция возле точки 3 ТЦК 1 пол.,1
Рынок «Солнечный» возле супермаркета Гурман стоит бусик и много ТЦК - магазинов же принимают мужчину,1
Солнечная рынок,1
"К посту выше, этот автобус с голубой полоской выезжает на охоту и в комендантский. Потом ребят привозят, в военкомат. Будь осторожны.",1
"Генерала Петрова Сильпо, стоит высматривает",1
"Пересыпь, две машины полиции и тцк, останавливают машины",1
1. Пересыпь: менты с радаром - где именно?,1
По маяцкой трассе на повороте на Теплодар 10 ливок 5 ментов,1
на Б.Хмельницкого ТЦК два человека у парня документы проверяют 8:00,1
По Маякской дороге как заворачивать на Теплодар стоят вояки и менты Обелечивают будьте аккуратнее!,1
"Поворот на Теплодар, Маякская трасса блок пост, очень много их",1
Поворот на Корсунцы окружная,1
"1-й Заливной напротив полиции блок-пост, тормозят маршрутки в сторону Посёлка. И машины",1
Б.хмельницкого 64 зашли во двор 2 военных и 1 по гражданке в синей желетке.,1
"Маяцкая трасса. Поворот на теплодар, менты и тцк. Останавливают всех. Маршрутки, автобусы, маленькие машины и грузовики. Никто без внимания не остаётся",1
"Дополнение по Б хмельницкого, эти животные ездят на сером LEXUS номера 0хFFFF",1
"Поворот на Теплодар в сторону Маяк, лучше не ехать, очень сильный дождь.",1
"Оливки на Маяцкой трассе, поворот на Теплодар, 9:42",1
Березовка автостанция ТЦК снимает с маршруток,1
"Пересыпь, в сторону поселка на против отделения полиции стоят тцк и полиция и бусы. Останавливают маршрутки",1
Перекрёсток Теплодар,1
"Киевский Башар вход возле химчистки Кимс, трое стоят на время 10:26",1
Маякская дорога поворот на теплодар стоят менты и тцк 10.40,1
Авто рынок яма втрой въезд на парковке с права два пикселя на белой машине с будкой караулят,1
На выезде с Теплодаре,1
"Слободка, зелёные уже час катается с зелеными",1
"Так же к объявлению выше спуск в порт Григорьевка остановили маршрутку Южный-Одесса,высадили людей.Видать ждут рабочие автобусы ОПЗ,ТИС.Кто едет на смену/со смены лучше переждать.",1
Выезды и базар.,1
Одесса -малая какая-то шмара по гражданке встречает электрички.Что-то пишет в телефоне.кто это х/з,1
Пересыпьский мост. Высадились 8 оливок. Куда пошли не видел.,1
"Объездная, поворот на Корсунцы. Полиция и ТЦК",1
Г.березовка базар разогнали полностью тцк,1
"Радужный, 8 дом рядом с мусоркой, белая брЫчка на чëрных номерах. До этого на этом месте стоял камуфлированный джип, также на чëрных номерах. Берегите себя!",1
"Ситицентр - осторожнее, ухилянты подъехали",1
"7-я Пересыпьская, стоят 2 машины. Полиция+ТЦК, готовят блок пост. Актуально на 5:50",1
7-я Пересыпьская: блок-пост в сторону города. Гиены гестапо с полицаями,1
Доброе утро.  7-я Пересыпьская тормозят маршрутки все подряд в сторону города,1
"7-я Пересыпьская, в сторону города, на остановке БП, дальше на АЗС Мotto полиция с радаром.",1
Внимание Одесса ильичёвск-черноморск шестнадцатого числа будет больше облав будьте внимательны будут облавы по квартирам по возможности выходить и реже,1
Блок пост на ленпасе в сторону города не доезжая биопарка,1
"Не доброе утро, будьте осторожны, дорога с Беляевки поворот на Теплодар маслины с оливками тормозят всех.",1
На станции Одесса-Пересыпь 2 мрази по гражданке и 5 в пикселе встречают электрички.,1
"Чертики 7-я Пересыпьская в сторону города,и на остановке стоят всех проверяет кто пешком",1
На Ленпасе жёстко проверяют документы,1
Черёмушки! Внимание! Очень много нацистов в чёрном с закрытыми лицами! Очевидно готовятся к сафари на людей!,1
На 7-ой Пересыпьской до сих пор стоят пидоры с мусора и за остановкой в сторону города,1
7-я Пересыпьская - всё так же,1
Ленпоселок. Не доезжая до Биопарка в сторону города блок-пост.,1
"Радужный,под мини копейкой джип на черных 3436 е6,внутри пусто....",1
Фонтансквя дорога 58,1
"Доброе утро, дорога на Волна-Черноморск заправка Мустанг, стоит полиция. Актуально на 10.13.",1
Белый хайс нарезает круги по Генерала Петрова. Внутри людоловы,1
"Как ехать на таирово не доезжая 1 брсм заправки стоят полицаи без тцк, останавливают и проверяют по планшету",1
"Радужный, между 25 и 26 домом, перед детской площадкой, стоит белый бус на черных номерах, внутри никого нет. До этого рядом с ним стоял такой же на гражданских номерах, за Рулем был один человек, и тот бус просто уехал",1
"Порт, ТИС, раздача водителям большегрузов!",1
"Перекрестие Александровский-Успенская, стоят 5 человек и белый бус, без полицейских! 17:51",1
"На выезде с Поскота, Окружная - стоят с леденцами",1
"8:20 Шклярука -Лунина белый спринтер 5814 с открытой боковой дверью внутри людоловы высматривают, берегите себя",1
Менты Объездная После поворота на Красноселку,1
"Улица Гарманная, Черноморка-2, замечены 2 буса и полиция, катаются по улице, останавливаются на перекрестках, высматривают. 8:30",1
М. Арнаутская возле Антошки менты и тцк шмонают плотно. Пробка и лучше обьехать этот участок.,1
"ТЦК с папками Днепропетровская дорога 83, снаружи на углу при входе Центр первичной медико-санитарной помощи №5. Амбулатория семейных врачей №1",1
!!! Только что Балковская-Бабеля жёстко загребли мужчину у ворот дома!,1
Одного парня взяли пошли в сторону сильпо!,1
"Слободка.Гордиенко,ходят по улице,стучат и звонят в дома",1
Пересыпь! Конечная 191 маршрута! 2 копа пробивали типа,1
"Таврия Маршал, стоит на входе курит. Может просто вояка но глазами сканирует всех парней, которые заходят и выходят из магазина.",1
Есть информация что завтра 12.06.24 Теплодар будет опасно!,1
"К посту выше про Киевский ТЦК-они незаконно удерживают карету скорой помощи.Врач пошел в свой выходной обновить данные и его решили не отпускать-ему стало плохо -приехала скорая за ним и ее решили не выпускать и поэтому в знак протеста приехало много скорых.Что творится,капец!",1
От Дельфинария в сторону собачьего пляжа ходят в форме с повестками.,1
"Копейка Паустовского-Добровольского, на стоянке оливковый бус.",1
"Леонтович-малая арнаутская,белый спринтер.пресуют и полицаи",1
"Сильпо на генерала Петрова стоит патруль и бьют по планшету, будьте осторожно",1
ТЦК Киевского р-на (космонавтов-филатова) и врачи скорой помощи сошлись в бою из-за похищения их коллег -врача и фельдшера. Видео есть на канале salo yronili,1
Друзья они стоят от Маяк по всей трассе и Б.Дальнике и в Петродолинском и едут на машинах в сторону старой таможни в Маяках!!!19.05!,1
"Завтра в Теплодар может быть заезд ТЦК. Пока на уровне слухов, но будьте аккуратны.",1
Таврия маршал. Парковка принималово. Т5 хундай и третий бус. Черные и зелёные. Балаклавы.,1
Ленпоселок возле биопарка. БП в сторону города. Толпа гестапо кошмарит людей и транспорт,1
Генерала Петрова 41 на стадионе ходят три зелёные мрази.,1
Объездная дорога поворот на Красноселку стоят менты!,1
"Доброе утро, Ленпоселок напротив биопарка блок-пост в сторону города",1
Поворот на корсунцы объездная дорога патруль останавливают выборочно.,1
Море вилл отрада,1
По черноморского-козачевства напротив пюре готовятся ловить на радар,1
"Теплодар,  за Сильпо, 16:55",1
"Объездная дорога, между заправок стоит полиция и в их сторону ехали тцк",1
Черная таврия Маршалл и 14ая ст Люсторфской. Стоят менты,1
Маршал Таврия пост проверка документов,1
Маршал Таврия,1
"Маршал, за остановкой в сторону Ильичёвска стоят менты.",1
"🆘 Перекресток Гайдара-Терешковой 2 мусора +1тцк тянут куда-то пацана, на сейчас",1
"Гейпарад Александровка которая возле Ильичёвска, поликлиника.",1
"Кадорры на Таирова, был поквартирный обход с утра",1
В сторону Эпицентра,1
Сити-центр в сторону Таирова на 10:30 стоят блок пост на маршрутке,1
"Пироговская-Среднефонтанская. 10:30. Тормозят маршрутки и легковые авто, где водитель мужчина",1
Только что чмошники отъехали с ситицентра в сторону радужного,1
"добрый день, китайский рынок, заехало 2 буса",1
"М. Арнаутская 119, возле Новой почты стоят несколько экипажей полицаев. Похоже блок пост готовят",1
"Здравствуйте,товарищи! Парк Шевченко-катаются мусора по аллеям,аккуратней. А с тцк разберёмся после войны-когда их спишут и никому не нужные они останутся один на один с НАРОДОМ! Терпения всем!",1
Академика Филатова-Гайдара маслины,1
Китайский рынок. Машина копов и белый хюндай ТЦК.,1
Таирово Китайский рынок 17:47 тцк +копы,1
"Маяцкая трасса, поворот на Теплодар, зеленые и чёрные стоят, остановили фуру",1
Киевская трасса направление в город за заправкой БРСМ стоят ловят на радар!,1
7-я Пересыпская свиньи Наркомана трусят маршрутки жёстко,1
Проезжая китайский рынок видел стоит патрульная машина тцк. Остановили джип гавно в военной форме вел беседу с водителем. Будет аккуратны походу тормозят выборочно.,1
"7-я пересыпская, в сторону поскота шламбаум Черти ТЦК, останавливают маршрутки машины",1
Стоят пидоры. В сторону эпицентра,1
"Поворот на Теплодар, полиция и тцк. На 18:55",1
На повороте на Теплодар стоят в сторону Маяк,1
Биопарк(ленпосёлок) проверят в обе стороны,1
Теплодар перекрёсток Маяцкая трасса Полиция + ТЦК стоят на перекуре.,1
Перекресток ул.Агрономическая- ул. Мастерская. Поехал вниз к ставку. Легендарный т5 бус. С утырками,1
7-я Пересыпская в сторону Посёлка на остановке менты и тцк.,1
"21:45. 7-я Пересыпская. Стоят вояки, ментов не видно.",1
Бугаевская- пидоргский блокпост. Шмонают маршрутки,1
"Григорьевка (область), маяк на повороте - Блок пост.",1
"Внимание Теплодар.работают ""недовоенные"" ищут жертву.Т-перекресток пром-Теплодар-сады.",1
"Орион, блок пост!!",1
пл. Толбухино-Краснова до сих пор актуально,1
Б.Хмельницкого на остановке зеленые человек 10 и менты шмонают маршрутку,1
"13;30- Ильичёвск- за очистными 2 пидора на электросамокатах. Один комуфлированный с рюкзаком,второй по гражданке в панаме тоже пидор но в гражданке.",1
"Во дворе на генерала Петрова 37/43 стоит мерседес вито салатового цвета внутри сидит странный тип по гражданке, но в машине висит камуфляжная куртка, не понятно что он хочет, но будте предельно осторожны",1
На остановке промсвязь как ехать в сторону ситицентра тормозят выборочно маршрутки,1
"Здравствуйте, поворот на Теплодар с стороны Беляевки, стоят мусора и тцк",1
"Б. Хмельницкого 27, перекресток дтп, авто полиции",1
Шевченко-Гагарина,1
"За Пересыпьским мостом, напротив отделения полици, сборище сатанистов: Пятнистые Тедарасы 30 ШТ.+ 10шт. полиция, установили блок пост. Пока не останавливают авто, но маршрутки останавливают. Полиция на блокпосту с ""чупачупсом"". Будьте бдительны!",1
5-фонтана возле новой почты 69,1
Бус 7889 серый vw t5 едет по Маршала возле радужного!,1
"Пересыпь. Полицаи прессуют 2 мужчин, проверяют документы.",1
"Возле МСЭКа пересыпь сколько чертей человек 30 и зелёных,и ментов,тормозят всех подряд",1
М.Арнаутская-Канатная на выбор тормозят,1
Теплодаровский перекрёсток со стороны трофейки Майор ТЦК+Полиция,1
"Теплодар, поворот на дамбу - опасно",1
Одесса -малая штук 5 чертей. проверяют мужиков,1
"7:52 шмонают по трамваем. Антошка,М Арнаутская. Стоят с двух сторон. Берегите себя",1
"По дороге Ильичёвск-Одесса т-образный перекресток БП менты и военны, останавливают выборочно",1
7-я пересыпьская много туч + полиция. Актуально на 8:23,1
"Ришельевская-троицкая 2-ое вояк с папкой, курят и пасут жертву.",1
"7 км остановка за остановкой Эпицентр полиция, ТЦК, останавливают машины",1
Дельфинарий. Трое пошли к морю,1
"Дельфинарий верх, эта стоит и ещё камуфло пикап поехало вниз",1
"METRO, 6 км",1
"Маршал сити на стоянке АТБ стоит военный джип, при дороге белый бус.",1
"Генуезкая(возде ля сильпо) стоят менты,останавливают всех!",1
Шестой километр metro чисто,1
Космонавтов-Генерала Петрова,1
6 км объездная тюТЦК,1
"Ул. Пестеля, номер дома примерно 71-75, смотрели издали.",1
"Есть информация, что завтра в городе Березовка в одесской области будет облава тцк с раннего утра на большом базаре, а также по всему городу здравомыслящих адекватных мужчин просим не идти и не ехать завтра на большой базар, да и вообще сидите дома и берегите себя",1
"Березовка. Большой базар, ТЦК. Уже одного взяли",1
Окко окружная пос. Шевченко блок пост,1
Заправка ОККО окружная тцк с леденцом,1
В теплодаре тцк + мусора вышневый сад и мерия,1
"Возле ул Филатого 76 возле мг ""таврия"" стоит бус зелёный с двумя мордоворотами. Ребята окуратно будте.",1
Трасса Южный-Одесса с. Вороновка полиция ост. выборочно.,1
"Заправка МОТО (Пересыпь), копы останавливают машины",1
Объездная с Поселка за поворотом на Красноселку мойка полиция на 05:55.,1
Стоят в обе стороны не доезжая паромную переправу Ильичёвска.,1
Возле паромной переправы возле брсм блокпост в две стороны,1
Одесса-поездная в сторону жд на станции белый бусик с оливками,1
"Стоят напротив сокара два экипажа как ехать на поскот,перед 7-ой Пересыпью",1
"Теплодар, на рынке запаковали, 9:10",1
Слободка возле базарчика катается т5 на сорных номерах и заними легковушка берегите себя,1
"Добрый день, сегодня с 7:20 до 10:00 в Теплодаре (на дамбе) стояли ТЦК + полиция, сняли 6 парней с нашего города, отобрали телефоны, не дали возможности позвонить. Несколько ребят, в шоковом состоянии дали паспорта ТЦКашникам, благодаря чему, успешно прошли ВЛК.",1
"Киевский симфонический оркестр получил убежище в Германии. Оркестр, в составе которого две трети составляют мужчины мобилизационного возраста, выехал для участия в фестивале, но не вернулся.",1
Черти готовятся к охоте будте осторожны Киевский район,1
"Объездная, выезд с поскота,,перед кладбищем затаились полиция и два буса,,что-то намечается",1
Марсельская-Добровольського ухилянты,1
Выезд с Ильичёвска на против Амик Police,1
"Заболотного-Днепро д. В сторону города, 30м от остановки 4+ УХИЛЯНТА и один полицай...",1
"Объездная дорога, после поворота на Нерубайское, заправка МОТО актуально пост полиции.",1
"Здравствуйте,товарищи! Привоз-у нового мясного группа пассивных геев,а там,где валютчики,толпа каких-то чёрных чепушил.",1
"По поводу блок поста на Шевченко, объездная дорога, где конкретно возле какой АЗС?",1
"Рынок Черёмушки, между 15 и 17 домом белый трафик. Полный козлов",1
Теплодар аккуратно!! Были замечены черные пидоры на рынке!!!,1
"Перед БРСМ заправка Сухий Лиман стояти менти,остонавливают машини.Будьте акуратний",1
"На Среднефонт., остались только менты.",1
ТЦК на станции Одесса Пересыпь,1
Доброе утро. На ст Одесса-Пересыпь стоит тцк. Будьте осторожны,1
На ланжероне замечен автобус мусоров,1
"Старопортофранковская-Малая Арнаутская блок-пост ублюдков с ментом. Остановили маршрутку на задержание. Один мужик отмахался. Женщины покричали, поругались, но без толку",1
Перед паромкой в сторону ильичёвска в обе стороны тормозят чел 20-30 с ментами,1
"‼На Шклярука, напротив больницы Железнодорожников бусик ТЦК",1
Белгород-Днестровский(порт) блок пост!,1
"Уважаемые читатели, убедительная просьба писать, какая именно Копейка (район, улица и т.д) Их очень много по городу. Всем хорошего дня и берегите себя!",1
"Пересыпь, конечная 191 маршрутки, двое, проверяли парня",1
1-й заливной. Оливы и маслины. Штормят общественный и личный транспорт. 3-и полосы.,1
На Проспекте Шевченко возле Политехнический БП в обе стороны. Тормозят авто,1
"Пересыпьский мост,конечная 191 маршрутки...бусс пакуют",1
"На выезде с Ильичёвска, заправка ТАТОил стоят и менты и пиксели. Аккуратно!!!!",1
Теплодар!! Черти на повороте дамба,1
"ТЦК Теплодар,перекрёсток дамба пром город",1
"Поворот на красноселку, объездная, выезд с поселка, полиция! Останавливает выборочно.",1
Пантелеймоновская-Ришельевская-оливы и рядом белый бус-останавливают,1
"Доброе утро. Шестой километр metro штук 10 упырей, стояли щемили маршрутку актуально 7:35",1
За проходной порт а стоит два патруля полиции и тцэкашники тормозят маршрутки и машины,1
"Теплодар,на дамбе тцк стоят",1
"Преображенская-Малая Арнаутская ( Антошка ) Перекрёсток полностью оккупирован, останавливают всех - от общественного транспорта до пешеходов мимо проходящих, не суваться сука!!",1
Metro шестой километр в сторону города два буса ТСК и полиция всем хорошего дня,1
Двв столба в сторону маяк тцк кошмарят маршрутки на блок посту возле хлебодарского менты ставят фуры,1
"Маршал Сити,возле АТБ на остановке,белый бус на мусорскиж номерах и военный у машины курит.",1
Выезд с Теплодара на Беляевку ТЦК и участковый тормозят всех.,1
"Преображенсеая17,крепят мужиков,не блокпост. Пошли во двор,двери не открываем.",1
"Теплодар, стоят на дамбе ТЦК",1
Ришельевкая 66. Стоят ребята и останавливают прохожих,1
По соборе мимо Воронцова прошли трое в сторону Гала преображение. Аккуратно,1
"Альтаир-1 со стороны автосалона Masda. Двое полицейских беседуют с парнем и пробивает по планшету. Оливок не видно, но будьте внимательны!",1
Полицаи на остановке пересыпь мост на поселок. Общаются с парнем,1
Зирка отель? Или звездочка на генерала Петрова?,1
М. Арнаутская угол Ал. Проспекта крепят мужиков,1
Беляевка. ул Киевская угол. Петровского. ТЦК+Полиция,1
"Генерала Петрова АТБ, подъехал белый бус (затонированый) без номеров",1
"Ленпаселок потрулируют мусара, будьте акуратны.",1
Теплодар в сторону центра поехало тцк форд транзит серый и полиция дастер,1
Жк Апельсин со стороны Среднефонтанского переулка,1
"Теплодар, Дамба Тцк",1
По ст. Пересыпь на перроне гиены рыщут,1
Теплодар на дамбе людоеды стоят (тцк) будьте аккуратны,1
Перекрёсток на Теплодар со стороны Беляевки,1
"На счет теплодара, уточняйте про дамбу, сама дамба или поворот на дамбу",1
Старая ильичёвская трасса перед переездом стоят прессуют мужика за переездом тоже стоит полиция и проверяют документы,1
В теплодаре со стороны кладбища стоят ещё,1
"7 км, сзади эпицентра, белый бус хюндай, 5 людоедов пресовали мужика!!!",1
На Теплодаровском перекрестке стоят ТЦК с ментами,1
За черноморкой возле АЗС мото гайцы,1
И Эпицентров тоже несколько,1
Базовая. По алее к эпицентру ТЦК человек 5. Общаются с парнями. Рядом бус с открытыми дверьками,1
Патрулька «дастер» гнид режима - кошмары и двух роботяг строителей у выезда с Ля’сильпо11:25,1
как ехать в сторону эпицентра на углу стоят менты где светофор,1
"Здравствуйте, прошу уточнения, какой из эпицентров?",1
Эпицентр на 7 км на остановке зелёные,1
"Блок пост Латовка, перед поворотом на Гидро порт! Трасса Латовка, протопоповка, августовка",1
Серый хюндай BH8349TH с военными заезжает выезжает в Киевский тцк..,1
Генерала Петрова 14 возле хлебзавода одес каравай,1
"Возле АТБ Бочарова-Днепро стоят военные, непонятно что делают, стоят возле остановки.",1
"До сих пор возле Сильпо Гег.Петрова стоят люди в чёрном, по планшету пробивают всё что с номерами движется",1
7.46 Радужный! Мимо Густо в сторону нового радужного проехал камуфляж кореец бусик.,1
"Дорога Черноморск-Одесса,стоят полицаи по обочинам,останавливают выборочно машины,проверка документов видимо,машин 6 уже",1
"Возле мойки,поворот на Корсунцы,объездная дорога",1
"Застава / ул Партизанская-столбовая, за поворотом от скорой в сторону города",1
"9.30 - ТЦ пятый элемент, 3 ТЦК + полиция, останавливают маршрутки и троллейбусы",1
"Блокпост 5я-фонтана, в сторону центра",1
"Знакомые сказали, что на староконном рынке много тцк",1
Рынок восход заехали. Белый хайс,1
"Аркадиевский переулок,магазин ""Базар""9/1",1
Окко объездная стоит бус с зелеными за фурой,1
""" Копейка"" две маслины с машиной неясно пока за покупками или нет. Будте осторожны.",1
"Метров через 20 после Таырри В,бывший Фрунзенский, в сторону Дюковского,между магазинами,8-9 полицейских с машиной",1
"Березовка, одесская область облавы тцк, большой городской базар мужики обходите стороной а вообще лучше не попадайтесь могилизаторам",1
"ПГТ Александровка, возле г. Ильичёвска???",1
ОПАСНО ‼3 кв НОВАЯ ПОЧТА ТАВЕРНА ЧЕЛ 10 ПАКУЮТ ВСЕХ,1
Генерала Петрова белый бус без номеров медленно катается в р-не 53 школы,1
"Блок пост 7км в сторону города, стоят тцк останавливают маршрутки, сейчас остановили маршрутку Одесса- Теплодар.",1
Сильпо Франц бульвар полиция с планшетом + патрульная машина,1
Двое полицейских и вояки рыщут на Ланжероне аккуратнее там,1
"Горпляж, в сторону Ланжерона идут 4 полицая.",1
Сильпо которое на Франц.бульваре!,1
Полиция на Ланжероне перегородила выезд,1
Грушевского-Паркоаая-блокпост.Оливы и мусора-маршрутки и троллейбусы тормозят и выборочно авто.,1
Посёлок Шевченко маслины в сторону куяльника,1
Теплодаровський Перекресток в сторону Беляевки. копы+тцк,1
"Авангард, высадилось много десанта, будет раздача скорее всего + ленпоселок тазе ситуация. Будем вместе, будет все ок!",1
"Ленпоселок, сегодня как не когда дивжуха, что-то замысляют, будь аккуратны братцы, я еле ноги унес!",1
"Эпицентр 7 км, стоят крутят пацана на Светлофоре",1
"Эпицентр 7 км, на остановке черти",1
Доброго дня всем. Остановка Эпицентра 2 буса нелюдей. Будьте осторожны.,1
"Столбовая-Боженко блокпост и много зеленых,плюс полицаи.Актуально на сейчас",1
Рынок Нефтянниклвн,1
"Станция Пересыпь, на перроне встречают ухылянты",1
"Гиены дрявые,стояли на ж/д пересыпь,как электричка пришла 7.48",1
Александровка возле Ильичёвска. Мусора и ухылянты,1
"Радужный, остановка возле 1 дома..",1
"Таврия Маршал, заехал т5 тёмно серый",1
Белый бус Киевский тцк,1
"Генерала Петрова возле Сильпо, Белый бус полиции и два в военной форме",1
"На против магазина Ствол,возле аптеки белый бус ТЦК и мент актуально 07.40",1
Черемушки аларма,1
"Среднефонтанская-Приговская, менты и ТЦК, актуально на 08:10",1
Как ехать с Беляевке поворот на Теплодар 2 машины полиции и бус с ТЦК,1
белый Хайс остановился в районе 10 квартала Черёмушки вышли маслины и парень на полусогнутых и упал под дерево,1
Молочный корпус тцк,1
10:05 Радужный второй выезд остановка,1
"При выезде из Ильичёвска на Одессу, после кольца, перед мостом блок пости полиция тормозят всех подряд!!! Очень аккуратно!!!",1
5 минут назад 3-4 оливки с папками зашли на рынок Черёмушки (вход где пекарня кунжут ),1
Осторожно возле староконного рынка на кутазакия стоит бус Рено трафик 9108 в нем военные и полиция пока никого не трогают.,1
Теплодар перекресток с Беляевка менты,1
Генерала Петрова 29 во дворах. 2 ТЦКуна и маслина. Рядом Т5,1
Скай сити копейка оливки,1
"Генерала Петрова 70 во дворе стоит 5-6 человек,возможно будут ходить по дворам,квартирам.Будьте осторожны. Берегите себя.",1
"Доброе утро, БП дорога Волна-Черноморск",1
Срочно тцк слободка детская больница у центрального входа,1
"Днепропетровская 84/2 у первой парадной возле садика стоит мусоровозка, кто рядом не видел, ушел в другую сторону.",1
Балковская-Бугаевская. Радар,1
"Телескопа,,,Черёмушки 28 двор стоят гиены",1
"ЖД станция Одесса -пересыпь,ждут электричку,",1
Пересыпь возле моста штук 8 гиен,1
Стоят гиены на мосту ЖД Одесса пересыпь сокар внимание.,1
Слободка жд менты и тцк,1
Слободка ж/д менты и тцк,1
"ТЦК на Базовой, по стороны Эпицентра, белый бусик, покопались к прохожему 7.55",1
Объездная за поворотом на корсунцы...,1
Доброе утро Генерала Петрова 68 во дворе стоит подозрительный бус без номеров,1
"Возле лесенки, ж-д.Пересыпь, 5 ухылянтов, под деревом затаились",1
Ильичёвск-черноморск по Данченко катается по дворам чёрный джип 1449 будьте внимательны,1
"Левитана-Королёва возле Сильпо 2 оливки,медленно топают в сторону Обл.Гаи",1
Пересыпская в сторону Поскота перед БРСМ блокпост,1
Проспект Шевченко-Гагарина напротив облсовета... бп в обе стороны человек 30 и менты.. актуально 9.00... будьте аккуратны.....,1
"Серый т 5 крепили мужика во дворах 100 й школы поехали в сторону генерала Петрова, актуально на сейчас будьте внимательнее когда ходите по дворам на черёмушках!!!",1
Трасса Беляевка- Теплодар (поворот на Повстанское) сооружают блок пост! Актуально на сейчас ‼,1
"Ля Сильпо стоянка,всем известный белый бус 2601,боковая дверь открыта,внутри зелёное дерьмо,один в черном на улице крутится15:40",1
"Дорога с Беляевки, поворот на Теплодар БП",1
Здравствуйте. Адвдеева-Черноморского катается серебристый микроавтобус. Выскочили только что к парню,1
"Усатово-баня,авария,менты, затруднённое движение",1
М. Арнаутская/Книжный пер. Актуально на 9:29. Останавливают троллейбус и машины. Их оч много. Берегите себя,1
"Окружная, за поворотом на Красноселку стоит полиция с планшетом",1
Возле бц Черёмушки стойт патрулька,1
Теплодар поворот на дамбу. 3 в машине. Маршрутку не остановили. Актуально на 13.00,1
"Ля Сильпо стоянка,мразей рядом не видно,14:59,но на всякий случай,берегите себя",1
Черная Таврия сбоку бус двое прессуют мужика,1
Только что 2 буса зеленных уехали с эпицентра 7 км в сторону города,1
"Доброй ночи жители Бессарабии. Все те кто завтра собираются ехать на море в Расейку или Катранку там сегодня вечером было опасно,ловили отдыхающих которые ехали с моря... Думаю что и завтра будет тоже самое.",1
Радужный между 18 и 13 домом наряд. Останавливают мужиков проверяют доки. И два по гражданке,1
мусора заехали на Радужный 22-10 на выключенных мигалках.,1
Столовая БП возле скорой помощи,1
Заправка Мотто в сторону Пересыпьского моста - радар,1
"Доброе утро, Пересыпьский мост в сторону поселка, сразу за остановкой три оливки пьют кофе! Будьте осторожны! Хорошего дня!",1
"Пересыпьский мост, в сторону Посёлка БП",1
"Остановка сразу за пересыпьским мостом в сторону посёлка, блок пост. Останавливают маршрутки, полиция штук 5 с леденцами и оливки штук 10.",1
"Полиция, окружная, возле кладбища. Включайте свет",1
"Мост Пересыпь в сторону Посёлка, вся нечисть, вроде только маршрутки. Прямо на остановке",1
Много ухилянтов М. Арнаутская/Книжный пер. Нас в маршрутке не остановили. Берегите себя. Актуально на 8/15,1
"8.20 - Блок пост М. Арнаутская 119 ( на против отделения Новой Почты с двух сторон и их бус стоит в Книжном переулке ), человек 30 + мусора, тормозят всех и общественный транспорт и личный, так же проверяют прохожих.",1
"Блокпост пересыпский мост, тормозят маршрутки и выборочно машины.",1
"Актуально, мост Пересыпь на остановке, кошмарят маршрутки, чуть дальше возле шаурмы ещё 7 шт оливок сидит прохлаждается!!!",1
"Пересыпский мост (как ехать на поселок),стоят оливковые гоблины с черными дегроидами, трусят маршрутки.",1
Пересыпский мост в сторону поселка пробивают по маршруткам. Актуально на 9.40,1
"ул.Степная 22 застава1 стоит полюция,чё то пасут или просто стоят. Хз",1
Теплодар облава много гостей!!!,1
Окружная После поворота на Красноселку Пост полиции,1
"Стоят менты послы поворота на красноселку там рядом мойка,сто в сторону куяльника",1
Черти разворачивают блокпост Балковская-Бугаёвская под мостом,1
Добрый день. Недовоины выгрузились со скорой на Староконном. Будьте осторожны.,1
"Здравствуйте, уточните более точно где на 7км стоят, базовая, круг 7, там где маршрутки, эпицентр?",1
"Теплодар, напротив Доброжанова, гости нацистские",1
В обе стороны ТЦК у спуска на море,1
Здравствуйте Генерала Петрова 52 за магазинчиком стоят 2 пидора,1
"Почти в конце Маяк,напротив мойки,на город,спрятались между фурами менты на машинке.19.20.На всякий случай,может просто контролируют фуры.",1
"Проходила через жд слободка, сидят в машине ухилянты",1
"Генерала Петрова 7/3, внутри никого",1
"Доброе утро. Менты с леденцами на Маяке, как ехать в рыбный порт.",1
"7-я Пересыпская в сторону поскота, менты и 15 зелёных! Один с жезлом готовится останавливать",1
"Бородинская, Ленпоселок",1
"Поворот на Теплодар с Маякской трассы, стоят военные и полиция( проехали не тормозили,) но лучше объезжать",1
"Во дворах маршал сити в сторону жемчужин, группа оливок из 5-6 человек ищут жертв",1
"Кадор Таирова возле Сильпо,остановили, пробивают мужика по планшету",1
"Круг 7-люстдорфской, два экипаже ментов тормозят машины",1
"Авария как ехать на 7км, возле БРСМ, пробка!!!!!",1
"Объездная Хаджибеевский лиман менты по обе стороны,тормозят на выбор!",1
Нечисть на Заболотного-Добровольского.,1
"Стоит бус Фольксваген синий с тцкшниками во дворах 1я станция/Юго-западной. Пока курят, присматриваются.",1
"Ваз ( Ленпаселок) задниприводные зелёные и синие, лазят за белым магазином.",1
"2 оливы с ментом направились в сторону вулиця Інглезі, 10 магазин: Обжора пока не кого не трогают пробивают обстановку",1
С десяток военных пошли на Дерибасовскую со стороны Гаванной,1
Доброе утро. Демоны стоят на ЖД платформе Слободка. Будьте осторожны.,1
"Теплодар поворот на дамбе, стоят менты с ТЦК",1
"С Беляевки в сторону широкой балки, поворот на теплодар много Оливок и полиция,стоит бус.8:00",1
Со стороны маяк в беляевку возле заправки стоит ТТК кошмарит,1
"1-й заливной в сторону Поскота очень много швали наркоманской и одной и второй, трусят маршрутки, пытаются тормозить и легковушки",1
"1-й заливной,зепитухи высадили мужчину с маршрутки 242...для обновления даных...время 16:18",1
В Ильичёвске сегодня утром выловили тело в военной форме. Говорят вчера вечером ТЦКашники что-то отмечали активно на пляже,1
Привіт мотопатруль щимить пішохода перехрестя Левітана Корольова біля Аврори,1
"Теплодар -развилка на Беляевку,ооочень опасно",1
"Стоят зелёные с ментами, поворот на Теплодар со стороны Беляевки",1
Ленпоселок напротив Анжелика в сторону города блокпост тормозят всех,1
Кто владеет информацией на счёт объездной дороги в сторону Куяльника.,1
"Добрый день, черный микроавтобус БМВ,с надписью ""ритуальные услуги""!!!Во дворах,в частности Генерала Петрова 48,кружат,что то ищут, внутри полиция, может ещё кто то,затемнен,не видно",1
Дальницкая-бугаевка менты проверяют мотоцеклиста,1
Окружная выезд с посёлка возле кладбища шевченского стоят 2 чёрных и тормозят машины актуально 9.44,1
6 станция за Сильпо стоит во дворах где заезд товара в Сильпо камуфляжный пирожок с крестом,1
"На среднефонтаеской напротив Апельсина полицейский патруль тормознули самокатчика, проверяли документы. Актуально на сейчас",1
Окружная Хаджибеевский лиман нюхачи возле труби.,1
Авдеева/шклярука серый т5 прес,1
Таврия Маршал серый т5 кошмары пацанов,1
Софиевская-Ольгиевская перед спуском,1
"Генерала Петрова 1 спрятались во дворе, скорей всего готовят блок пост",1
"Поворот на Теплодар (Кишеневская трасса) - останавливают весь транспорт, менты и тцк, на обочине серый бус",1
"Базовая (7км) возле Эпицентра, мусора с леденцами стопают",1
"В начале Шевченковского кладбища стоят полицаи объездная дорога,машину свою спрятали, будьте осторожны.",1
Теплодар поворот на дамбу тцк гиены и менты,1
Теплодар поворот на Мирнянскую дамбу возле кнски демоны и бесов чел шесть,1
ДТП серьёзное 10 линия в сторону города!,1
"Одинокий леденец в конце маяк,за заправкой WOG,из города.Светящаяся люстра с другой стороны,на город.Возможно по фурам...ХЗ...",1
7:05 за Пересыпьским мостом на остановке напротив ''Авроры',1
"Александровка-Фонтанка какой комплекс, уточните!!!",1
Алексадровка-Фонтанка напротив фермы стоит пост тварей!!!,1
Поехал в сторону города по Б. Хмельницкого,1
"Рынок ""Черёмушки"" облава.",1
Срочно уходите из района жёлтого камня (отрада),1
"Маяцкая трасса,поворот на Теплодар ТЦК,3 штуки,из города,белая машинка.БЕЗ МЕНТОВ!Один сам леденцом остановил фуру,другой одел жилетку,ту что носят менты.17.15",1
"В конце Маяк,где обычно,там где фуры,патрулька, один мент с леденцом разговаривает по телефону,из города.17.20",1
Маякская трасса.поворот на теплодар двое оливок.тормозят выборочно,1
Возле ЖК Радужный белый бус с зелёными еле ушол,1
Три военных и бусик возле Таврия докапывается к выходящим покупателем,1
Темный бус Фольксваген во дворах на Юго-западном возле Сильпо. Катаются уже регулярно по утрам.,1
Одесса-Малая под деревом на повороте трамвая уже высадка слуг Америки тцк. Идут на блокпост к трассе.,1
Остановка Плыгуна в сторону поселка 1-й Заливной пер. тормозят маршрутки,1
1-й заливной в сторону посёлка блок пост,1
"Суворовский ЦНаП очень много, будет аккуратнее",1
Цнап суворовский,1
Цнап суворовский.на 13.30.Вот так вот обновлять данные..Упыри зелёные,1
суворовский ЦНАП забрали парня когда вышел.,1
"Только что на Генерала Петрова(возле 33 школы) остановили парня, благо отпустили",1
Теплодар поворот на дамбу -стоят держиморды.,1
Поворот на Теплодар полиция и тцк стоят,1
В Теплодаре на повороте на Дамбу ТЦК.,1
Стоят Людоловы поворот на Теплодар со стороны Беляевки,1
Перекресток теплодар Беляевка стоят зелёные пидоры и один синий поц,1
"Автобус с вояками (надпись ""Эпицентр), бус с вояками.",1
Лазят в дворах возле 51 школы (район 2 станция. Люстдсторфской - Инто-сана),1
Среднефонтанскаяфоннтанская дорога блок пост,1
"Радужный густо, человек 6 пошли в сторону евы",1
Окружная выезд с посёлка стоят мусора с леденцом выблрочно сразу за укр нафто где поворот на красноселку,1
Окружная с посёлка два мусора сразу за укрнафтой за поворот на красноселку,1
"Объездная дорога возле Генри Форда стоят менты, останавливают на две стороны.",1
Радужный 20 белый бусик 9153 поехал в сторону клиники где проходят узд. За рулем человек в военной форме,1
"Спутниковые антенны, оливки",1
"Сельпо Генерала Петрова подъехала патрульная, вышли и пошли ко входу. Общались с одним мужчиной",1
Ублюдки на генерала Петрова 70 тормознули типа во дворе требуют документы,1
Пересыпь за мостом в сторону поскота бп,1
"Окружная Генри Форд. Менты стоят, выборочно тормозят на обе стороны.",1
"Пересыпский мост, в сторону посёлка проверяют маршрутки",1
Теплодар поворот на дамбу стоят,1
За Пересыпьским мостом блок-пост в сторону Посёлка,1
"В Теплодаре сегодня полный шмон тцк по всему городу, осторожно!",1
Теплодар поворот на дамбу тцк и полиция человек 10 анонимно,1
"Маслины на выезде с Беляевки в сторону Теплодара, не заметил есть ли оливки",1
Теплодар на повороте на Дамбу со стороны дач ТЦК,1
Дамба окружная мусара,1
"Пересыпь, остановка мост в сторону поселка Котовского блок пост. Будьте осторожны! Берегите себя!",1
На выезде с Беляевки в сторону Теплодара маслины оливок не заметил,1
"Народ, отпишитесь пожалуйста - Теплодар поворот на дамбу стоят ещё?",1
Возле Киевского ТЦК стоит автобус с ДТЕК там не работники а сотрудники Военкомата аккуратно ходим в районе Черёмушки,1
В Теплодаре полный шмон тцк по всему городу осторожно,1
Гайдара-Генерала Петрова патрулька остановила машину и присутствовали военные. Чем закончилось не знаю,1
"Объездная трасса с города, мусора остановили машину, рядом бус красный, вышли вояки и мужик бросил машину убежал в посадку.. Мусоров куча по трассе.",1
Ришельёвскся стоит бусик.,1
М.Арнаутская-Канатная!стоит патруль по левой стороне!,1
"Котовск, Черёмушки копейка, около 17:10 к магазину припарковался бусик ТЦКунов",1
На радужный только что зашли двое тцк!!!,1
"Доброе утро,заправка ОККО,мост Пересыпь,трамвайная остановка, подъехал бус фольц светло серого света,ВН5120СК,вышло человек 6 в зелёной форме, прессуют парня.Будте осторожны",1
Доброе утро! На сейчас возле Пересыпьского моста стоит белый бусик с оливками. Пресуют мужчину,1
Ул.Базовая 7км.напротив эпицентра стоит один экипаж полиции.,1
Пересыпь в сторону посёлка собралась шобла. Пока не тормозят,1
"Доброе утро! Пересыпьский мост, возле Ощадбанка стоят две зелёные гиены и один полицейский. Высматривают, будьте аккуратны",1
Пересыпь мост штопмят трамваи в город! Берегите себя! Одесса русский город,1
Пересыпский мост в сторону посёлка и на город останавливают маршрутки,1
7-я Пересыпьпская ТЦК с полицией возле базарчика,1
"Три минуты назад был белый хюндай на Генерала Петрова 5А.Парень вышел из парадной,подбежали два военных и один полицейский,третий военный в машине за рулём",1
"За садами выезд из Теплодара, стоят менты и тцк. Останавливают все машины",1
"Пересыпь, куча вурдалаков с полицаями пошли в сторону дороги на поскот",1
"Пересыпь трамвайная остановка оливки с маслинами штормят всех, и машины и пешеходов. Берегите себя",1
"На староконном рынке военные. Пропала связь, не могли понять, что происходит. Пытался сразу написать - не получилось. Как только отьехал от рынка, сразу появилась связь. Они судя по всему используют глушилки. Будьте осторожнее",1
"Пересыпь, около деливери, 2 экипажа полицаев. Тормозят выборочно",1
Радужный новый вьезд ТЦК,1
"Добрый день, 10 минут назад шклярука пограничников возле магазина семерочка тцк приставали к парням, берегите себя.",1
"Внимание, за Пересыпьским мостом, в сторону Поселка Котовского, блок пост обсцыкашников элбэгетешных тварей, сейчас!!!!!",1
Выезд из Беляевки Где бывший блокпост на Теплодар что-то намечается мусора уже стоят в тенёчку захавали свои бусы,1
"Между Соборуой и Дерибасом, по стороне Дерибаса, толпа мусоров с автоматами щимят толпу пацанов, рядом патрулька, не идите туда",1
Стойт бусик на выезде с теплодар на поворот Беляевка тормозят всех,1
"12;34-Ильичёвск УАЗ (хаки) Парковая- нарезает круги. Внутри хз кто, но полна коробочка.",1
"Китайский рынок, заправка, ходят пидорги",1
Черти катаются по Юхима Фесенко (ленпас),1
Ильичёвск- замечен ещё один фашистской выблядок. Тёмный деу - гражданские номера ВМ2144ЕВ на заднем стекле белый крест. Ходит в пиздоватой панаме цвета ( песочка),1
"Софиевская_Ольгиевская,готовят блокпост, берегите себя",1
Напротив аквапарка в сторону Авангарда и на кругу(на островке) в сторону круга тоже стоят мусора,1
БандераМобиль проспект-семинарская,1
Преображенська,1
"Котовск Черёмушки, бусик с двумя коллаборантами закрашенными окнами ""МАРМУР"" припарковался у магазина",1
"Ленпас, профилакторий, заправка WOG, люди в форме и автоматами, берегите себя",1
"Пр.Шевчкнко-Гагарина блок.пост,останавливают легковые автомобили.Берегите себя.",1
Теплодар! Дамба душегубы.,1
Теплодар стоят на дамбе как обычно,1
"Всем доброе утро. 7-ая Пересыпьская, как выезжать на ""пьяную дорогу"", за переездом, Бус, нацгвардия, менты, тцк, двое тормознули парня. Ребята, берегите себя",1
Вврненская генерала Петрова Белый хундай бус ездит по дворам актуально на сейчас,1
Едит белый хюндай 3558 возле маршала,1
"Блокпост Гагарина-Шевченко. Вот интересно, что эти падальщики пьют желтого цвета из бутылки Кривоозерской воды. Мочу друг друга? Близлежащим кафешкам просьба - не пускайте этих гиен в туалет, пусть мучаются.",1
"Добровольского-Марсельская стоит зелёный бус с крестом, вокруг вроде никого не видно",1
Блокпост Шевченко-Гагарина. Главные ухылянты Зеленого наркомана ловят мужиков.,1
"Копы стоят на стоянке эпицентра, 7 км, время 13.27",1
"Болгарская-Алексеевская площадь у магазина Точка, полицаи парня проверяют",1
Менты на заправке возле аэропортовского таврии. Просто стоят (не заправляются),1
Александровка перед Ильичёвском,1
"Строительный рынок,подъехали чел 4 на бусе,трутся,будьте окуратно,не известно какого они там стали!",1
Радужный возле густо идут 3 человека,1
Радужный Таирова мойка возле густо тцк грузили пацана 12:35 микроавтобус,1
Ильичёвск- наберажная ходят 2 уёбка по гражданке( в шортах) один с бородой с огромной цепью и крестом на шее. 10000000% ВЫСМАТРИВАЮТ.,1
Киевская дорога возле заправки брсм в сторону города мусора дармаеды с труканом и леденцом,1
Новая слободка ездят по улицам на молом ходу! Высматривают,1
Ориентировочно Новая почта #20,1
Возле Эпицентра Таирово стоит скорая с оливками внутри,1
"Напротив хмельницкого райотдела белый бус возле него несколько пятнистых пидорасов готовятся выезжать, экипируются так, прямо сейчас на ноль пойдут. Уебаны",1
"Пюре, 7я Пересыпь миллион на стоянке стоит тцк с полицией",1
Базовая возле Эпицентра синий бус с ряжеными,1
Одесса-Пересыпь на станции встречают электрички,1
"Между сокаром,""Новый город' и Эпицентром в повороте на мылку как ити на базовую стоят тцк без ментов 8:00",1
Орион под Ивановским два автобуса их много уже кого-то прессуют на остановке,1
",,,Орион,,. Стоит толпа зелёных и чёрных,уже крепят парня. Объезжайте проскочить не получится. Берегите свои жизни,за нас это никто не сделает.",1
Доброе утро на повороте к Теплодару стоят тцк без полиции. Будьте акуратны,1
"Всем доброе утро. Чуть дальше остановки 7-ая Пересыпьская, если ехать в город, вдоль дороги, куча их. Берегите себя.",1
"2 штуки, одна штука небритая и в панамке в татухах из пака ""азовский долбаёб с 2 классами образования""; вторая штука обычная",1
Крымская-Десантный! Штормят мужчин! Менты и ТЦК,1
Крымская-Десантный! К посту выше,1
"Каролино- Бугаз, Студенческая, отель Чёрное Море, стоят утилизаторы",1
"14 станции на море 4 полиции пошли в сторону икры,не спеша",1
"Сильпо Генерала Петрова. Стоят синенькие в тенечке, смотрят в сторону входа.",1
"Таврия на 10 станции, прям напротив выхода",1
"К посту выше,вот так же шёл по двору,3 опера по гражданке,остановили,завезли в Киевский военкомат,оттуда на зиньковецкую,держали сутки,и пофиг что я не в розыске и данные были обновлены,влупили штраф в 42500 но отпустили,говорит подавайте в суд на штраф,именно негодяи!!!!!(",1
"Катаются по дачам. Веселая, Лесная...",1
"Может жлобовійсько, а может просто выгружают товары на рынок, хз, уехал оттуда",1
"Жк радужный, атб стоит бмв на Нико номерах с крестом, у входа в атб 2 оливки",1
"ПаустовскогоДнипроМ, человек 6 тцк,пешеходный переход в сторону трамвайных путей. Разошлись на охоту",1
Стоят на повороте на Теплодар мент и Тцк,1
"На Теплодар. На каком именно повороте? А то пишут стоят, не уточнив, на каком именно. Пока выяснишь, уже и запаковать смогут. Спасибо",1
Смартлаб Слободка зашли 2 оливки 10:26,1
В группе состоит более 137 тысяч человек. Это минимум четвертая часть активного населения всего города!,1
"Таврия маршал,напротив мойки шипшина пидоргский бус зелёный, я уж лучше обойду,что и вам советую.",1
"1-й Заливной, бп убрали, но стоят под домом на готове…. бдите",1
На Ланжероне при спуске после шлагбаума Тцк,1
К посту с непонятным движем на Ланжероне.,1
Среднефонтанская-Пироговская блокпост в обе стороны,1
Торговая-Пастера(возле стомат клиники),1
Александровка у Ильичёвска- по стороне озера 3 в форме пидора катается шестёрка или семёрка светлая с багажником на крыше.,1
"Серый бус Пежо на гражданских номерах, поехал в сторону 25-й медленно высматривая жертв",1
Дальницкая-Бугаевская опасно,1
"Пересыпь, здобушка возле остановки на посёлок готовят блок- пост",1
Пересыпский мост на остановке в сторону посёлка тцк и полиция проверяют маршрутки,1
Пересыпский мост в сторону города и в сторону поселка штук 30 тцк с мусорами,1
ОККО окружная с Посёлка штук+100500 людоедов и блок-пост,1
Пересыпский мост в сторону города и в сторону Посёлка штук 30 гоблинов и,1
Мост пересыпь бывший ЗАГС ходят много,1
Пересыпьский мост в сторону Посёлка блок пост трусят всех маршрутки машины и пешеходов,1
Балковская-Краснослободская в сторону города оливки и полиция дохренище.Актуально на 8.35. Берегите себя,1
Вокруг староконного катается спринтер полный тцк,1
ОККО окружная с поселка человек+100500 людоедов и блок пост,1
Столбовая-Боженко блок пост 11:00,1
"Заправка ОККО, Объездная дорога, пос. Котовского - куча ТЦКашных мразей. Актуально на 11:27",1
"Маршал сити 2 баклана с папками ходят,докопались до мужика",1
Ю-з массив между первой л.д и сильпо внутри патрулька оливок,1
"Радужный Густо 3 поца, один из них с папкой, пошли в сторону виноградников.",1
"1-й Заливной, крутятся зелёные гоблины и мусора, напротив мусарни, осторожно",1
Киевская дорога за заправкой БРСМ в сторону города экипаж мусорских тварей ловят на трукам,1
"Маяцкая трасса,поворот на Теплодар,из города 2 какие то военные (не поняла, кто это)остановили фуру.Без ментов,один с автоматом,другой с леденцом.17.11",1
Поворот на ТЕПЛОДАР по Маякской трассе стоят вояки с леденцами без ментов,1
"7:10 Готовится блок пост Эпицентр ( в сторону мылки, 7км ).",1
Пересыпьский мост конечная 10 троллейбуса стоит бус большой разрисован пикселями без окон...весь. просто стоит.Ребята аккуратнее берегите себя,1
"Объездная, Латовка, стоят менты с двух сторон возле Форда. Актуально на 9:15",1
Столбовая- Боженка Блок Пост.,1
Слободка онко потом мимо кладбища поехали военные,1
"На въезде в Хлебодарское со стороны Маяк, на горе справа, черные с радаром.",1
От промсвязи в сторону ситицентра,1
Здравствуйте возле сильпо маршала Жукова номер машины 68-02 черная машина подъехали две женщины ТЦК,1
Киевская дорога как обычно в город за заправкой БРСМ дормоеды ловят на скорость вышли на хлебушек с маслом заработать,1
"1-й Заливной гоблины и негры наркоманские останавливают и машины выборочно, очень наглые, борзые и угражаю...осторожно, лучше не ехать и пора уже этих гомосеков гнать",1
"Сбоку (слева как смотреть на сильпо, там где приёмка товара) - микроавтобус с крестом и угрюмый лох в панамке курит.",1
В сторону эпицентра одна патрулька.,1
"Китайский рынок, на парковке стоит патрулька, в машине маслина",1
Важный момент: ранее они были только на островке безопасности и останавливали транспорт.,1
"Радужный, конечная 145 маршрутки. Леденцы",1
Пионерская 5 Б во дворе стоит бусик ТЦК осторожно.,1
Черная Таврия на парковке белый бус на военных номерах,1
"За копейкой рынок Восход заехала патрулька постояла во дворе, возможно будут гости.Будьте аккуратны и берегите себя.",1
"Опять патрулька копейка рынок Восход,поехали по кругу вроде как",1
Кордонная-Ивановский мост на углу машина полиции,1
в сторону ланжерона поехал бус тойота внутри минимум 3ое дцпешника,1
Едет в сторону ланжерона,1
Доброе утро. Маршал Сити (Ч.Хутор) бус ПОЛИЦИИ с оливками погнали в АТБ,1
"7-я Пересыпьская!!! Трамвайная остановка, толпа гоблинов",1
7-я пересыпская стоят в сторону города за остановкой возле заправки мусор и оливки тормозят выборочно 09: 29,1
7-я пересыпская блокпост в сторону города,1
"7-я пересыпьская блок пост, томозят маршрутки и частный транспорт.",1
7-я Пересыпьская. Пока не контрнахрюкивают. Выборочно останавливают легковые и автобусы в сторону города,1
Дальник со стороны Маяк с горочки на Скорость стоят!,1
"Пироговская_Среднефонтанская Бп,только выставили берегите себя",1
Жм Радужный АТБ опасно,1
"Радужный АТБ снялись были 5 мин, знакомого хапнули(забрали) возле копейки окуратнее могут кататься",1
"Новая почта отделение 103 прям напротив 4 упыря, серый бус, актуально сейчас",1
"Добровольского-Заболотного, зелёный с синей папкой перешёл дорогу к базарчику в сторону обл. поликлиники.",1
ТЦК поворот на Теплодар,1
Между Беляевкой и Ш.балкой поворот на Теплодар стоят менты и ТЦК тормозят выборочно. Актуально 08:40,1
Старокиевское шоссе выезд с пос.кота в сторону эпицентра БЛОК ПОСТ,1
Радужный (принималово),1
Радужный густо забрали троих,1
"По поводу (Радужный) белый т4,чёрный Vito.100% И серый бус,серый бус это из поста выше+ скорая тоже из поста выше. Как минимум 4 буса (сидим дома!!!!!!!)",1
Частные сектора Кишеневская / 10 линия ближе к мосту. Ходят заднеприводные,1
"10 линия,детская больница №2,1 оливка и 2 маслины, терроризируют парня(14:57)",1
"Собачий пляж, 4 полицая в кафе возле пляжа, 2 тцк-уна с папкой сидели на склоне.",1
Красный хайс. Пятнистый за рулём. Возле Орион напротив поликлиники. Сидит один.Рядом не видно пока никого.,1
"17.26, рынок Восход, садились по машинам",1
"На Ланжероне, на парковке возле арки целый автобус мусоров и военных. Готовятся на выезд",1
Полиция на Жолио-Кюри 36,1
Мусора между Черноморкой и Хутором,1
"Генерала Петрова 68 только выехали со двора, будут лазить по району, берегите себя, смотрите во все стороны.",1
Сухий лиман брсм за переїздом патрулька тормозять,1
"Мусора с леденцами, объездная с поселка, поворот на Корсунцы.Не забываем про ремень и фары.",1
1-й Заливной в сторону города куча зелени!! Будьте бдительны!! Возможно готовят БП,1
"1-й заливной, стоят ловцы покемонов. Предлагают проехать в ихнее царство с последующим направлением в иные миры",1
Слободка красный бус катается по кругу актуально на 18.10 и замечены менты по мелким улицам ездили,1
6 станция большого ф - зелёный пикап за Сильпо,1
Мотопатруль причвївся в подворотне напротив Сильпо,1
Объездная дорога выезд с посёлка Котовского стоит полиция возле кладбища спряталась останавливают выборочно,1
"Пересыпский мост, порт, белый бус на аварийках их четверо щемили прохожего парня. Фото не смогла сделать. Актуально на 9:20",1
"Добрый день. Ж/м Радужный, на входе в Густо стоят трое по форме. Тцк или нет хз.",1
7-ая пересыпская возле копейки раздают повестки,1
Пробка на 25й авария,1
Китайский рынок тцк и милиция,1
"7-небо, Таврия возле Артвиля - полиция с леденцом",1
Объездная поворот на красноселку менты стопают,1
"Генерала Петрова 80, куча щимят поцана, ребята осторожно!!!",1
"Парковка возле мегадома. Припарковалась скорая помощь, вышел бородач в камуфляжных шортах и зашел в зеленый рынок",1
Хлеб завод слободка стоят двое в теньке один с папкой факт выдачи не видел,1
За Сильпо генерала Петрова 51 напротив бывшей детской поликлинике белый бус менты и оливки,1
"11 больница слободка, по въезде скорая стоит, в ней вояки, будьте осторожны!",1
"Мылка, 7 км, Базовая, вторые ворота от эпицентра тцк и менты",1
В сторону Таврии Маршал пошли 3 мусора и 4 зелёных пидора!,1
"Объездная, менты возле Форда. Останавливают",1
Радужный внимание!!!! Заехали клопы на темно-зеленом бусе со стороны атб!!!!!,1
Радужный аккуратно,1
"Пгт Александровка (около Ильичёвска) неоднократно наблюдаю как менты ездят и заглядывают молча во дворы частных домов,через ворота и что то записывают.",1
"8:05 тцк возле сильпо на Генерала Петрова, поехали во дворы",1
"По генерала Петрова недалеко от Сильпо и АТБ черный бус Фольксваген забитый тцк, мужика возле мусорки приняли",1
Сухий Лиман БРСМ леденцы.,1
Беляевка знаменитый Ford Transit внутри ЦПХ выехал на охоту в сторону Теплодара,1
Балковская-дальрицкая,1
Жолио-Кюри 24 по фасаду стоит зелёный внедорожник на европейских номерах с открытой дверью...,1
"Пантелеймоновская-Новый переулок,стоят черти",1
Два полицейский ходят во дворах по улице Генерала Петрова между 38 и 40 домом!Берегите себя!,1
"3 экипажа ментов за сильпо, на королева-левитана, без тцк",1
"Я даже на те же Черёмушки боюсь ездить,чтоб пойти в магазин листаю эту группу!",1
Менты объездная возле кладбища пробивают по планшету,1
На перекрестке окружная Латовка авария,1
Скай сити 10-10:25 актуально,1
Возле староконного рынка человек 10,1
"Татарка,бус чёрный тонированный,рядом полиция,возле заправки брсм",1
"Шевченко-Шампанский, ДТП, не блок-пост!",1
10 линия поселке Котовского перед трамвайной линией остановили парня на машине. Полиция,1
"Рынок Малина, ездить пус с 6 пассажирами",1
Зоопарк-жд. 17:00 фейковая скорая на черных номерах проехала.,1
"Копейка Маяковского 10 тцк, остановили мужчину 12:23",1
Слободка ( псих больница),1
"Добрый день! По поводу Радужный,какой выезд напишите пожалуйста,очень надо. Спасибо большое!",1
Черная Таврия. Впереди ещё одна брычка на черных номерах. 19:32 актуально,1
Черная Таврия во дворах зелёные на двух машинах,1
Киевская трасса выезд из города напротив БРСМ радар 06:00,1
"Напротив складов таврия (Шота Рустаыели) нацгулы, осторожно.",1
Добрый эпицентр стоит на парковке 4 пошли в нутрь,1
"Черёмушки,10 квартал, нечётная сторона, белый бус Ситроен с военными номерами",1
Белый бус Тонированный полный зелёных заехал во дворы генерала Петрова 1 и 3 будьте внимательны!,1
Теплодар осторожно гуляют по дворам с ‍,1
"Давида Ойстраха-Таврия! Стоит буз мусоров, на улице стоят принималово!! Внимательно!!",1
Какая-то странная парочка в военной форме бродит на Ланжероне. Сели на песочке...,1
"Філатова 6 во дворах, білий хундай бус 3358 або 3858, вискочили на ходу",1
Мцикуны с полицией дорога с выгоды на беляевку перекресток Теплодар. Актуально на 19.30,1
"Генерала Петрова 52.заехал во дворы бус белый на черных номерах внутри гестапо много,будьте аккуратнее кто в этом районе",1
Блок пост на кругу в сторону Маяк мусора пробивают по планшету выборочно берегите себя,1
Днепропетровская дорога 133 возле парадной тцк,1
Белый грузовой микроавтобус типа Рено или Спринтера катается по Черёмушки,1
"Проспект Шевченко,Довженко-Ева,белый спринтер принимает гостей ….Будьте осторожны!",1
"Трасса Ильичёвск-Одесса, в сторону Одессы, за переездом патруль полиции, высматривают проезжающих, без военных",1
10 линия поскот красный ниссан ванетте ездят по дворам вылавливают открыта боковая дверь,1
Менты на конечной тралика улицы степова,1
1-й заливной: БЛОК-ПОСТ.,1
Бугаевская-Строительный пер.стоит серый бус и проверяют документы у прохожих(поворот к стадиону),1
Одесса-Поездная на перроне тцк и менты,1
"Генерала петрова переулок возле сильпо, бусик с оливками и маслинами",1
Генерала Петрова 23 Белый бус на черных номерах стоит возле ларька.,1
"Генерала Петрова, Сильпо один стоит на входе",1
Таврия Валиховский бп в сторону центра на остановке на 8.28,1
"За Пересыпью, в сторону паскота блок пост. Маршрутки.",1
Посту парковки на эпицентре. На данный момент,1
Рынок Малина - микробус. Одного приняли около Копейки.,1
"Котовск, Черёмушки, напротив Мясного Мастера стоит бричка ТЦКунов, водила скорее всего сидит в кафешке, 13:35",1
"На генерала петрова мерседес спринтер белый, начал стрелять по машине которая не остонавилась",1
"Слободка,катаются вояки на патрульной машине по улицам актуально на 15:33",1
"20 минут назад загребли мужика на Шклярука - подъехал гражданский бусик, серебристого цвета, с него вылезли военные.",1
"Сегодня и завтра в Ильичёвске будет грандиозный шухер. Будут шмонать маршрутки, ставить блок посты и ловить по дворам. Будте предельно осторожны!!! Помогайте друг другу",1
"ТЦК пытались заехать со стороны Ильичёвской трассы на Дайберг, их не пустили.",1
На Радужный заехал с круга бус 9105,1
"7-я Пересыпская! Агрессивные петухи ломятся по дворам, заподенцы тормозят женщин и пробивают, как пройти в переулки!!!",1
Грецька 45 бус тцк людей проверяют документы,1
"Конечная 145, радужный полицаи",1
Гаишники Киевская трасса в сторону Одессы радар после заправки БРСМ,1
"Всем добрый день! Генерала Петрова бывший кафе гриль напротив стоянок припаркованный джип а рядом большой бородатый ухылянт с кем-то беседовал, был ли кто-то в джипе или где-то рядом не заметил так как сразу развернулся и дал по тапкам! Берегите себя и своих близких!",1
Минут 10 назад возле больницы на шклярука,1
Слободка базарчик,1
Аптека АНЦ.Остановили пацанов проверяют доки.18:24,1
"Жолио-Кюри 26 заехал джип на жёлтых номерах 19,45. Будет осторожны",1
"Гурман (педагогическая-шовкуненко) - на лавочке одинокий фанат закрытых границ и мертвых героев - хз, походу просто раб, но не тцкшник",1
Теплодар кататься бежевая девятка три тцк и мент ВН8693АВ,1
Теплодар катаеться бежевая девятка три тцк и мент ВН8693АВ,1
"Теплодар, генерала Плиева, возле 25го дома, на детской площадкеТЦК.",1
"Трое ТЦК,и один мент ездят по Теплодару на легковом авто бежевого цвета.Бежали за парнем,но не догнали.Сели в машину,и поехали искать новую жертву.Актуально на 20:31",1
"В Теплодаре тучи, бежевая лада 9, будьте осторожны!",1
Теплодар 21:03 было,1
"Теплодар,подкрепление по дворам на пидормобиле.Осторожно!/",1
"Катрал, Ленпоселок - готовится блокпост, будьте аккуратны!!",1
"За АТБ на Генерала Петрова спрятан бусик, взяли парня с атб....",1
Рынок,1
"Жк апельсин, на остановке белый транзит, внутри тцк",1
"Александровка, порт, вторая проходная, останавливают зелёные всех",1
"Суворовский район,садик 73,ТЦК",1
"Зелёные и черные, трасса Беляевка -Теплодар, поворот на Майоры.",1
"Перекресток Старопортофранкоская-Малая Арнаутская, во все стороны стоят блокпосты",1
Генерала петрова 1 вроде,1
Теплодар. Поквартирный обход. Двое с папкой плюс местный депутат,1
Бабаджаняна Таврия - менты и тцк,1
"С Беляевки на теплодар,на перекрестке тцк",1
Грушевского-Парковая.....к мойке заехали мусора.....возможен Б/П...БЕРЕГИТЕ СЕБЯ....,1
"Мойка Fly объездная дорога, возле завода Будовы ТЦК с автоматами",1
5 полицейских стоят в конце улицы Академика Вавилова,1
"Напротив рынка Черёмушки,банк Пумб.",1
Рынок черёмушки прессуют парней,1
"Днепропетровская 108, красный бусик с цтк по дворам",1
"Жолио-Кюри 26 во дворе пятнистый джип, стоял возле 4й парадной. 18.00",1
Серый транспортер с военными заехал в радужный,1
"Теплодар:6 черных стоят возле поликлиники на буссе и легковушке, увели одного чувака",1
Киевская трасса въезд в город за заправкой БРСМ радар 06:10,1
"Жк радужный, 1й въезд с круга. Стоит полиция и чуть дальше к части оливки 7.25",1
"Объездная дорога с поскота на яму, за заправками на повороте как обычно стоят мусора. И один патруль перед заправкой укрнафта.",1
Въезд на рынок «Яма» - менты,1
Metro шестой километр две аварии пробка,1
Таврия маршал! Остальные по парковке бродят 2 пид,1
"Седьмая фонтанова АТБ, два полицейских проверяли водителя на парковке 13:25",1
Жолио-Кюри 26 во дворе черная иномарка на иностранных номерах,1
"По Б.Хмельницкого-Госпитальной, катается зелёный рено с укро-нацистским псами. Будьте осторожны. Одесса будет освобождена от укро нацистский оккупации, диктатуры и тирании!",1
До сих пор блок пост на М. Арнаутская/Книжный пер. Актуально на 7:58,1
"Напротив Эпицентра, за посёлком на выезд из города менты без Тварей.",1
"Стоят нюхачи без гоблинов за поселком как на Николаев ехать, напротив Эпицентра.",1
Поехали верх в сторону магазина Таврия,1
"Блок пост на08,35 м арнаутская угол старопонтофранковской перед новой почтой,две полосы много тцк и милиции,выборочно останавливают мащины",1
Жолио-Кюри 36. Зелёный пикап свернул в сторону 67 школы,1
"И это только Черёмушки,!",1
"Возле магазина мясо на Марсельской-Днепро,спрятались на Нисан Ванети красном.",1
Мельницкая-головковского,1
Генуезская напротив ля Сильпо белый Хюндай 3358 бус,1
"Перед АВ Привокзальная много оливок, блок пост.",1
"7 пересыпь, недалеко от вет.клмники,Киа Соренто на бляхах, остановили парня, осторожно.",1
Автостанция ЖД,1
"В сторону Ильичёвска, в начале села Александровка, куча ТЦКунов, человек 15 точно. В обе стороны. Тормозят всё, маршрутки, легковушки.",1
Эпицентр Суворовский за заправкой Вог стоят нюхачи дюшисты.,1
Объездная за Посёлком возле кладбища Корсунцы стоят менты нюхачи,1
По Б.Хмельницкого ходят.,1
"По Госпитальной( Б.Хмельницкого ) ходят пидорги с мусором, осторожно!!",1
Б.Хмельницкого 55 ( возле перехода ) полиция с оккупантами. Всем удачи!,1
3ст Люстдорфа в сторону центра стоят тормозят маршрутки выборочно машины.,1
"Ленпаселок во дворах 5-ти этажок между Бесарапоской и Юхима Фесенка, катается серебристый джиб митсубисши. Будьте акуратны.",1
Ж.Д Восточная ТЦК Копейка,1
"По Генерала Петрова,обосанный серой краской серый vw,на бляхах с мудачьём в гражданке с мандой под носом,типо викинги, тольке среди норвнгов пидоров небыло, катаються неспеша,выдупаються за кого бы грошей отсыпали",1
Ленпаселок переезде стоит полиция крания улица,1
Хиндай 3721. Щорса-Туристкая на остановке грузят мужиков,1
Теплодар. Круг. Черные.,1
ТЕПЛОДАР: 3 черных ходят по городу. Будьте внимательны!,1
"Причал 195 (Пересыпь), копы и ТЦК, осторожно!",1
"Причал 195 (Пересыпь), на въезде полиция, осторожно!",1
Жолио-Кюри 26 во дворах геребут всех подряд!,1
Жолио-Кюри 26 в 3й парадной по квартирам ходит мужик и тетка по гражданске. Кто такие неизвестно,1
"Эпицентр поселок, на парковке собираются. Сейчас человек 6-8.",1
"Теплодар, дамба.",1
Тцк на Ланжероне!!!,1
"На парковке эпицентра (таирово) машина ментов, сидят в машине высматривают кого-то",1
ул.КРАСНОВАБП,1
"5624 А2 скорая и Ситроен белый при главном въезде в Радужный, возле батута стоят",1
"Доброе утро!Угол Екатериненской-Преображенской,метров 15 в сторону Жд.стоит микроавтобус белый,ряжом упыри,выискивают жертву!Берегите себя,одного тормознули по гражданке.",1
"Киевская трасса после лесенки за брсм стоят менты, остановили две машины. Стоят что-то там ждут..",1
Лиманка азс брсм в сторону 7 км мусора тормоят авто. Гиен не видел. 11:32,1
Слободка рынок 4 человека,1
"Напротив Таврии в аэропортовского стоит экипаж полиции(гребанные копы) время 17.20, аккуратно парни. P.s. они все пидорасы потому что служат системе, тцк не отдельный орган это все руки шайки просроченного, им Бугатти и отели в собственность а простым украинцам умирать за это...",1
Юго-запад массив тцк возле обжоры,1
На вазе/ленпас лазят двое в панамках воина просроченного,1
Юго-запад. массив перед переходом оливки 4 маслины 3. Кого то оформляют,1
"На массиве по Люстдорфкой полный треш, тормозят машины выборочно",1
"Эпицентр 7км, зелёный бус с номерами ЗСУ, только подьехал, факта выдачи не видел но будьте осторожны",1
"Ленпосёлок,р-н ВАЗ, ходят по домам,шимятся в подъезды.Вовремя ноги успели сделать.И никакая (падла)не напишет.Всем всё по...",1
"Радужный 24 у входа в Копейку,толпа гнид",1
"Радужный 24 у входа в Копейку,толпа гнид стоит,видимо ловят у входа и выхода из копейки",1
"Радужный,возле Густо у входа, штук 6-7 стоит, на сейчас",1
"Радужный людей не трогали, скорее всего вышли на обед или в тревогу покинули военный объект, что рядом",1
Картонная/ седьмая степная,1
"Ленпас, зеленый бус белый крест, черные номера, оливок не видно",1
"Ленпас, Самаоская возле железки менты.. Приус",1
"Друзья просьба! Когда пишете про Александровка то уточняйте какую и где! Нам, черноморцам- ильчевцам сложно понять. У нас тут тоже есть Александровка. Спасибо!",1
"В Александровке огромный сходняк военных и мусоров, два спринтера и синий бус что вчера по Ильичёвску катался. Будьте осторожны, грандиозный шухер!",1
Опять приехали Юго-западный масив возле белого ежа. Спринтер белый и тоета хайс белая. Ждут мусоров!,1
"На юго-западном замечены вояки, в районе между школами в сторону 1 ст. (пекарня Кунжут). Не уверена, что блок пост, похоже авария, но думаю, лучше не соваться сюда",1
"серый бус вольц с уродами,поехал по дворам Ленина-Данченко,внутри 3 человека",1
"Юго-западный,в сторону города, сек назад проезжали, до сих пор БП, будьте аккуратны!",1
Проспект Шевченко остановка политехнический университет БлокПост в обе стороны тцк плюс полиция,1
поворот на Мойоры со стороны Теплодара тцк и менты,1
"Юго-Западный в сторону Таирова, до сих пор стоит БП. Менты с плесенью тормозят, пробка, объезжайте",1
"Красный Ниссан,бусик, ждёт электричку, копейка, станция восточная,жолио",1
Заболотнего ближе кругу авария. Ждут ментов.,1
"Выезд из города поселок, напротив эпицентра стоит патруль, останавливает выборочно.",1
Пидоры голимые стоят на Столбовая-Боженко. Б/П на 12:05 рот ваш еб...л,1
Рынок Черёмушки подскочили к пацанам возле табакерки возле АТБ,1
"Уточнение по Беляевке-около 6 наших ТЦК и парочка копов,одна патрульная машина,в конце Маяк,как ехать из города,где смыкаються две дороги,за поворотом-проскочить не получится)их не видно сразу,где раньше был БП.Маршрутку тоже проверяли.",1
"Утро доброе, Александровка, Поликлиника, Мусора!!! В сторону Ильичёвска!",1
Беляевка Теплодар тцк 6 чел,1
"Окружная с поселка Котовского, ОККО, блок пост военные",1
"Объездная, сразу после выезда с посёлка, за окко стоит блок пост, раздают 100%",1
Metro на посёлок БП куча гиен по ходу взялись серьёзно за трамваи маршрутки пропускают через одну трамваи стопают и накидуються как коршуны,1
Черёмушки глаза по дорогам держите,1
"Генерала Петрова 49,Сильпо аккуратно",1
Преображенская-Соборная.,1
Ментв с мигалками поехали по дворам Днепропетровской дороги 70/1 в сторону 60 домов,1
Автовокзал-мусара под мостом.,1
Возможно ждёт выгрузки на овощей на рынок.,1
А возможно и загрузки рабов на рынок (но другой),1
Выезд с посёлка Котовского (окружная дорога) перед кладбищем стоят маслины «нюхачи»,1
"Ля Сильпо,упаковали в бус двух парней",1
"М. Арнаутская стоп контроль полиция и зелёные, очень много по обе стороны дороги.",1
"Объездная ОККО напротив припарковались менты возможно ждут тцк, вчера там же был БП",1
"Радужный 1, первая парадная, 2 тцк 1 в черном и женщина по гражданке, возможно целенаправленно к кому то",1
"Рынок Слабока!со стороны трамвайных путей припаркован белый пикап,номера заражены!Возле авто три зелёных!Будьте внимательны, Дорогие Мужчины!",1
На Генерала Петрова на парковке сельпо стоит бусик с военным,1
"Теплодар, перед кругом экипаж ментов, будьте осторожны!",1
"Имейте ввиду Киевский тцк получил новый Ситроен синий с серыми полосками,два дня назад,номера нормальные",1
"Менты кошмарят радужный, проверяют все машины. Актуально на 22:20",1
Два мента Радужный 24 дом возле копейки ходят,1
Здравствуйте! Радужный 16 ходит мент с папочкой.,1
"Теплодар, новая почта буря. Время было 6:45.",1
Блок-пост М. Арнаутская- в конце возле новой почты,1
Беляевка -Теплодар на повороте Майоры стоят тцк и полиция,1
Окружная за вогом полиция,1
7-я Пересыпская сразу за переездом 8.30,1
Солнечная-Тенистая полно людоедов.,1
"Жолио-Кюри, конечная 250 автобуса.",1
"Мясоедовская-Разумовская серый бус,принималово",1
"Жолио-Кюри 26(ст Восточная), во дворе зелёный бус с крестами на 11,45",1
"Не обольщайтесь, что вам ещё нет 25-ти лет! Отец двоих детей, 24 года, его отец пропал безвести на фронте. Упаковали во вторник. У другого мужика одна нога короче другой на 5 см, неделю в учебке, сейчас под Покровском. Новая фишка. Тебя отправляют на фронт с учебки, но приписан ты остаешься к учебке.",1
Академика головатого 81 на повороте две машины с ментвми,1
Окружная выезд с города нюхачи,1
Тот же автобус по Пионерской в сторону 4 ст.,1
Жолио-Кюри 26.Повернули в сторону 67школы.Белый бус. Человек 5.номера одесские,1
Бочарова-Крымская замечены два зелёных жирных мордоворота 09.50,1
"Тенистая номер 5-7 белый спринтер, пакуют",1
Квартал Тенистая-Солнечня-Генуэзская-Черняховского собирают прохожих,1
Слободка 2 черных на машине патрульной проверяли документы у мужика,1
"Радужный 16/1 во дворе стоит синий автомобиль, LCN 29ххх номер, внутри кто то в пиксельной форме.",1
"Теплодар,дпс",1
Доброе утро как ехать на посёлок со стороны Николаева напротив эпицентра стоит полиция на перегар,1
Таврия в сторону Николаева толпа зелени и полиции готовят облаву,1
"Генерала Петрова возле АТБ. ДТП, полиция. И метров 50 стоят зеленые и полицаи с планшетом.",1
Напротив брсм менты,1
Анонимно в Ильичёвске у ушлёпков норма мин 15 чел в сутки,1
"Выезд с Маяк в направлении Одессы, леденцы ‍",1
"По ланжерону от Причала#1, в сторону дельфинария, идут прогулочным шагом толпа ментов",1
"На дерибасе прошли 5 чертей возле мака, без полицаев",1
"На базовой на ближних воротах как ехать от эпицентре стоит синий бус, ранее был замечен с тцк",1
Беляевка - Теплодар на повороте на Майоры тцк и полиция,1
"Дорога Теплодар и Беляевка, стоят на повороте с. Майоры. Будьте внимательны!",1
Первые ворота от Эпицентра,1
Объездная минут 20 назад. С Латовки спуск к лиману стоит патрулька. Тормозят легковые. Что интересно много машин едит и ни один не предупредил.,1
Спуск с латовки к лиману стоит много полиции окружная тормозят легковые все подряд!!!!,1
"Белый хюндай 3358 катается по авдеева-черноморского, медленно",1
Генерала Петрова возле хлебозавода ДТП,1
Окружная на Поселок,1
"Добрый вечер, опасно выезд с Теплодара, поворот на Беляевскую трассу, пресловутый серый бус могиляторов, и черные помощники!",1
"Добрый вечер! Сегодня забрали друга в Суворовский ТЦК. Он проходил ВЛК в другом городе,только не прошёл 1 врача. Встретили на улице,и сказали,что нужно поставить просто печать в ТЦК,а потом его отпустят без проблем. Сейчас везут в Десну.",1
"Аккуратнее на поскоте в частном секторе на ""10-7 линиях"", ближе к Жолио-Кюри, катаются по гражданке, ищут ""ДРГ""",1
Беляевка-Теплодар поворот на маеры сцыкуны зеленые,1
"АТБ генерала Петрова, четверо упырей крепят парня",1
Ул.Степная серый Тчик в сторону переезда на черных номерах - докопались к прохожему,1
"Проселочная-Житомирская. Полиция тормозного пешехода, шманают пробивают по планшету. Стоят уже долго.",1
"Радужный ДТП второе Сильпо в сторону Таирова, Радужный Остановка ( Радар ) потоп(яма) - обьезд по стороне мойки - газ - светофор.",1
на выезде с Теплодара мусора,1
"Metro, в сторону посёлка, блокпост",1
По Генерала Петрова пятеро из бусика выпрыгивают на людей. Сейчас в районе Сильпо,1
"П-ры на синем ситроен джамп сидели в машине, может кого-то ждали на Генерала Петрова напротив Сильпо",1
"Доброго дня всем! на Генерала Петрова, синий бус Ситроен, напротив лицея 53, выскочили за парнем, Слава Богу парень дворами убежал. Берегите себя мужчины",1
Поворот на Радужный возле Таврии двое гиен,1
"Важно, рынок Восход ставят БП, чудом проскочил",1
Проспект Шевченко в сторону центра ближе ко палацу спорта РАДАР. Будьте аккуратней.,1
"Левитана-Люстдорфская Дорога,Базарчик. Белый бус Рено,пакуют,он вчера тоже там стоял- осторожно",1
Белый хундай бус с цткашками катаются по дворам генерала Петрова-варненская высматревают очередную жертву приношения укрорейховской власти! Будьте окуратны.,1
"Одна подпись при выдаче формы, вторая при принятии присяги, третья за получение автомата четвёртая за бронижилет и шлем. Ну вот вы и защитник бизнеса депутатов их детей и имущества, за одно иметь право быть рабом. Там работают жернова смерти и ваши адвокаты только денег заработают и хрен чем помогут. Проверно на себе лично. Всем удачи.",1
"Окко пересыпь стоят оливки,в брониках",1
Развилка Шабо-Затока-Беленькое,1
‼Ещё важное - не бойтесь если вы (мужики) не сходите лишний раз на базар/магазин а сходит ваша жена/ребенок.,1
"Пересыпский мост, в сторону города, дтп",1
"Генерала Петрова 74, возле копейки, выбежали, общаться с мужиком",1
"Белый фольц бусс заехал во дворы возле сильпо,черемушки",1
Говорова-Академическая стоят,1
"Как объезжать через Суворовский военкомат в конце улицы,возле магазина растений стоит оливка и 2 пятнистых,походу на стопор",1
Город Южный-гестапо бус разъезжает по городу в районе ДК,1
Буряты на въезде в город за брсм.выезд с города перед лесенкой.,1
Киевская трасса в сторону города остановка Вольво перед БРСМ,1
"От восхода переехали,конечная 10 трамвая,в сторону Генерала Петрова",1
"Доброе утро, поселок выезд из города, напротив эпицентра стоит полиция останавливают машины.",1
Серый знаменитый фольцваген 9105 заехал в радужный2 возле поля,1
Трасса Беляевка-Теплодар перекресток на схт пидоры зеленые,1
"Маякская дорога (Беляевка...Теплодар), на повороте на Повстанское стоят представители тцк и сп",1
"Трасса Беляевка -Теплодар, возле канала леденцы, пока без оливок. 7-55.",1
Куча оливок на выезде с Теплодара на Беляевку!,1
Скай сити,1
"Дорога Теплодар - Беляевка, поворот на Майоры тцк +полиция",1
"Ул. Транспортная- Военная инспекция - заминирована школа, поэтому туда",1
На въезде в Дальние со стороны Маяк тцк и мусора,1
Известный красный бус ухилянтов катается по дворам по ул.Данченко.,1
"Пересыпь в сторону города возле авто салона,оливки с полицаями,ищут жертву.Будьте остальны!!",1
Ильичевск-парковая красный бус фольцваген с вояками возможно тцк. Будьте бдительны,1
"Скай сити, возле 4 секции тцк",1
По поводу Б Хмельницкого. Стоят 2 дэбила возле маг Табакерка. А рядом машина видно на фото,1
Эпицентр 7 км - 4 машины тцк. Проверяют документы.,1
На повороте на Теплодар много тцк,1
Полиция за дальником в сторону маяк,1
Сыны шакалов поехали с ленпаселка в сторону 1-вой заставы на бусе,1
Авто-рынок яма въезд с окружной стоят менты вроде без ТЦК но тормозят всех автомобилей,1
"Подскажите пожалуйста на 7м где блок пост? Если на ул.Базовую, где Эпицентр со стороны города приехать, попадаешь на блок пост? Благодарю",1
Радужный в сторону монастыря блок пост,1
Теплодар поворот на Беляевку зеленые,1
"Одинокий волк, Одесса-Малая остановка, никого не трогает, чото ждет",1
Генерала Петрова 70 куча черных и зелёных возле копейки,1
"Генерала Петрова 74, возле копейки бус стоит",1
Ильичёвск-Парковая( круг) нарезают круги полицаи с кряколкой выборочно тормозят машины.,1
Поскот строительный рынок,1
Блок пост на вьезде в Радужный с круга,1
"Жк радужный, ходят по парадным сбу, тцк и полицаи. Проверяют документы даже у женщин, будьте бдительны",1
"Пос. Котовского, на автостоянке перед Сильпо, много черных, непонятный движ.",1
Пидорасы с утром все ещё стоят на повороте как ехать на Радужный. 11:52,1
"Белый Хайс с темными стеклами катается Житомирская-Кордонная, будьте осторожны",1
На въезде по киевской перед брсм радар,1
Таврия Маршал только что,1
На Куяльнике стоят оливки,1
"Генерала Петрова возле цветов, тцк",1
Экспострой. Бывший молзавод,1
"Дорога Беляевка - Теплодар, тцк на повороте с. Повстанського (схт). Берегите себя!",1
Радужный ходят 2-3 с автоматом+ маслина на 7.35 возле четвертого дома.,1
Радужный со всех выездов стоят моб.блок посты,1
Радужный на всех выездах блок посты,1
"Дорога Беляевка - Теплодар, поворот Майоровский, стоят тцк +полиция",1
"Радужный ходят группами 3-5 человек,автоматы броник + приехали 2 буса нацгвардия (подкрепление) знакомый позвонил в доль поля полиция и военные патрулируют хуй проскочить двери на 5 замков и дома сидеть",1
ДТП возле военной академии пробка,1
"Радужный, АТБ блок пост.",1
"Большое Вам спасибо что предупредили «за Радужный» еще вчера!!!! Благодаря Вашему сообщению-встали раньше и успели выехать, на работу. А иначе попали б, тк выезжаем в это время!",1
"Радужный 20 дом, первая парадная. Один с автоматом отбился от стаи",1
"Радужный на въезде, Бтр, сзади полиция, каждую машину штормят",1
Радужный. Все въезды - блокпосты. Проверяют в основном машины. Водителей и пассажиров. Смотрят документы и телефоны. Актуально на 10.45.,1
"Радужный, конечная 145 маршрута, военные...",1
"Радужный, дома 20/21/22",1
Радужный. Второй выезд. Остановили девушку. Забрали телефон. Что-то в нем фотографировали. Приехала полиция и забрала девушку. Жесть!,1
"Только что в Радужный новый въезд...прибыло 3 Микроавтобуса с спецподразделением ""КОРД"" и пару полицейских машин..... похоже что-то намечается",1
Радужный. Второй выезд. Опять приняли женщину. Отобрали телефон. И тоже в нем копались и фотографировали. Приехала полиция и забрала ее. Что происходит?,1
"Радужный, хз что происходит - удаляйте с телефонов тупо все.",1
12:46 12.09.2024 блокпост на въезд в радужный,1
"Бус на чёрных номерах возле староконного рынка,центральный вход,3 зе шакала в магазине рядом!",1
"Бус на чёрных номерах возле староконного,три зеленых упыря в магазине рядом,будьте осторожны!",1
Душегубы на красном ниссане бусе под Копейкой Жолио-Кюри/ Восточная,1
Таирова/Черёмушки/ ПосКот.,1
Радужный.оливковый пирожок с открытыми окнами высматривают жертвы,1
"Дорога Беляевка - Теплодар, Теплодаровский поворот стоят, тцк +полиция",1
"Автобус дтек теплодар госномер вн0467вх, очень часто стоит под тцк киевского района. Заправляется с какого-то контейнера около тцк",1
Блок пост объездная напротив ОККО,1
"Окружная с поселка Котовского заправка око в сторону ямы много ТЦК и мусаров,берегите себя",1
Окружная дорога на выезде с Поселка возле заправки ОККО в сторону ямы блок-пост,1
"Объездная с поселка, окко, Блок пост, очень много, останавливают машины",1
"Окружная,заправка ОКО,стоит человек 20 тцк и мусора,тормозят",1
Окружная окко.толпа.,1
Радужный намечается движуха напротив второ въезда два буса и одна полицейская авто!!!,1
Выезд с посёлка в сторону куяльника бп очень много зелёных и пару чёрных останавливают всех в сторону куяльника,1
"Окружная, Корсунцы ОККО.",1
"Тцк на пос. Шевченко и менты возле кладбища в сторону Куяльника,останавливают машины",1
"Шевченко,возле кладбища БП в сторону Куяльника",1
"Синий спринтер 0137 поварачивал с Генерала Петрова улицы на Варненсую, 18:40",1
"Генерала Петрова, на против через дорогу от АТБ бус тцк, 1 зеленый и 3 в черном актуально на сейчас",1
"серый бус т4 во дворах генерала петрова,за фортом",1
"Эпицентр Таирово, полиция и тцк, синий бус типа седан",1
Генерала Петрова заехал серый Т5 номер 11-83 внутри,1
"Поворот на Майоры, дорога Беляевка - Теплодар, стоят. Берегите себя!",1
За поворотом с Ильичёвской трассы на Старолюстдорфскую дорогу (переезд) стоят менты.,1
"Дорога с Теплодара всторону Беляевки, на повороте в Майоры тцк и менты",1
"Ананьев, Одесская обл. рынок четверо пятнистых лазят",1
Доброе утро. Таврия маршал останавливают 191 маршрутку трое.,1
Второй заезд на радужный закрыт,1
В районе 7км/эпицентра катается серебристый мерс вн 4027 с зелёными,1
"Доброе утро, подскажите пожалуйста ПЕРЕСЫПЬ ЗАТОПИЛО ИЛИ НЕТ",1
Проходной двор где Таврия - во дворах ходят человек 5 тцк 🪦🪦🪦🪦🪦,1
Маршал мусора и черти,1
Пересыпь - ездит фольксваген с гиенами,1
Радужный бус катаются,1
Генерала Петрова 56/2 только что уехали оттда.Серый фольцТ5 номера 1183.Берегитесь!,1
Радужный 20 полицейский и тцк,1
Серый т5 на генерала Петрова,1
Возле м.Копейка,1
Костанді во дворах белий бус полный тцк номера 0915 кошмарят двух парней. Будьте осторожны.,1
"Поворот на Майоры, трасса Теплодар - Беляевка, тцк +полиция",1
Поворот с Теплодара,1
"Дорога Беляевка - Теплодар, поворот Теплодаровский, тцк +полиция.",1
Педагогическая‼,1
Едет в сторону Генерала Петрова к 33 школе,1
"Кп Дачное-через планшет, выборочно. В обе стороны. 9-20",1
ЖК Радужный ходят ТЦК возле бывшего Густо и с другой стороны тоже со стороны АТБ 09:44,1
Здравствуйте.Ул.средняя-косвенная.Принималово.А вот и их красный спринтер на аварийке.,1
Серый бус по Александровке-Ильичевск по центральной,1
Шишкіна 58/3 машина тцк,1
"Два легавых оутлендора заехали на рынок Початок. Кто внутри не видно, тонированные. Зачем не ясно",1
Зелёный джип на стоянке Ля Сильпо на евро бляха и крестами на лобовом и заднем стекле,1
"Трасса Беляевка - Теплодар, Майоровский поворот ещё стоят, тцк +полиция, актуально на 8:20",1
"Гагарина-Шевченко, ближе к ботаническому переулку. Сидели в бусике, вышли остановили мужчину за 60. На 8:20",1
Левитана-радужный блок пост,1
Хаджибеевская/Объездная мусора!!,1
‼Выезд с Маяк на город с правой стороны за заправкой стоят тцк и менты останавливают,1
Восточная/копейка серый пассат с копом,1
Т5 серого цвета РАДОСТНАЯ-ГЕНЕРАЛА ПЕТРОВА,1
Выезд с МАЯК В СТОРОНУ ГОРОДА ЗА АЗС ВОГ ПОЛНЫЙ КОМПЛЕКТ,1
Жена только что сказала что на Вільямса по китайскому рынку черти ходят. Машина чёрный джип на заправке а они пешком ходят.,1
"Сама по себе запись в свидетельстве о рождении военнообязанного как отца не дает ему права на отсрочку. По закону для этого отец должен содержать своих детей. Отсрочка не положена, если есть задолженность по уплате алиментов за три месяца",1
"Агрономическая-Неждановой полиция,тормозят выборочно, стоят без тцк",1
"Доброе утро, радужный ходят 4 по домам",1
"Внимание, снова (черная Лада приора 5792 катается по черемушкам 10 квартал, генерала Петрова ) высматривает мужчин, записывает адреса",1
Окружная заправка МОТО за поворотов на нерубайске! Ещё стоят дерьмодемоны,1
Днепропетровская дорога перед алькором в сторону города блокпост,1
Напротив Эпицентра в сторону Николаева нюхачи,1
Едет от Сундука в сторону Маршала,1
"Окружная. Корсунцы, кладбище. Стоят менты. Тормозят машины.",1
Окружная район сто форд на посёлок стоят менты с леденцом,1
На базар заехали мясники с пригласительными! Две машины. Разбегаемся кто куда!,1
Станция Восточная/Копейка стоят копы,1
"Данченко 9, во дворах упыри, уже пресуют мужика, будьте осторожнее",1
"Посёлок Котовского рынок початок. 13:15 Мерс очкарик. На евро номерах заехал на рынок, внутри двое кто такие неизвестно будьте аккуратны",1
"На ланжероне от арки пл грунтовке ездит мусарская патрулька,докапываются к одиноким мужикам(рено сандеро)",1
Сахарова-Заболотного АТБ.Желтый рено кенго ТЦК,1
Молодая-метро. Зеленая плесень проросла,1
"Напротив Таврии маршал где поликлиника вроде как блок пост поставили советую объехать иди обойти, только что из далека увидел еле отпетлял между ними и стоянкой около поликлиники.",1
На выезде из Теплодара поворот на Беляевку куча тцк. На 7.15 актуально,1
Теплодар выезд на Беляевку тцк,1
Выезд на окружную в сторону куяльника возле кладбища маслины ремень свет не забываем,1
"Доброе! Пять минут назад по Малиновского-Кордонная в сторону Ивановского поехала грузовая с синим брезентовым верхом. В ней зелёных штук 7,за рулём и рядом также.",1
Шклярука:,1
В 7:35 сегодня утром между домами проезжали ТЦК. На синем бусе приоткрытой левой дверью пассажирской. Ехали медленно высматривали жертву кого отослать в место себя на передовую. Они ездили по Шклярука между домами,1
"Пересыпский мост. Напротив конечной 191 маршрутки. 5 пикселей, трусят мужиков!",1
"Пересыпский мост. Напротив конечной 191 маршрутки. 5 пикселей, трусят мужиков! Белый кадик, внем прячутся.",1
Генерала Петрова 33 много зеленых,1
"Одна кучка чилит на лавочке, вторая кучка щимится в трамвай",1
Генерала Петрова 44 полиция и зелёные с планшетом проверяют документы,1
"Акварель 2,маршал сити, куча оливок по парадным разошлись",1
"На Ланжероне возле двух Шаров море Тцкотов,наверное готовят совместный с отдыхающими",1
Терешковой-Гайдара два тцкуна за шаурмой возле арбузов.,1
Мельницкая-Аккордная БП,1
Юго-Западный возле Пряной Хаты гиены кошмарят мужчин,1
"Доброе!Актуально и сейчас-блокпост Старосенная-жд.В обе стороны,тормозят выборочно.",1
Продмаш-блокпост,1
Блок-пост на Юго-Западном,1
"Доброе утро, Радужный, второй выезд остановился бус в нем сидит тел с 10 высматривают",1
Юго-Западный в сторону города блок-пост,1
Радужный останавливают всех и все.,1
"Радужный стоит Тойота белая через дорогу Смартлаб, пасет кто на остановку идёт!!!",1
Золотистый знаменитый Рено на бляхе окружная выезд с паселка око заправка остановили парня,1
Машина копов на парковке Сильпо у таировских Жемчужин.,1
"Генерала Петрова 33 смарт клаб,приехал бус с военными",1
ДТП возле экспострой по середине дороги.,1
"Стуса-Дальницкая, серый т5, пресуют мужика",1
"Таврия, волшебный мир, совиньен",1
Ленпоселок внимание! Жёлтая скорая едет к вам.,1
Киевская трасса в сторону города заправка БРСМ тоже стоит патрулька с феном актуально 8:48,1
Ільфа в сторону центра блокпост,1
"Напротив Сильпо, авария,по встречке объезд.",1
на против Магозин Ствол,1
"Фольксваген т5 цвета асфальт. На генерала Петрова 26, прессуют велосипедиста",1
На Маршала в город возле ствола Бп маршрутку не остоновили,1
2 зеленых орка лазят по Бугаевка. АТБ-Таврия. Вышли с двора.,1
"Ресторан ""Море"" стоит. Никого не видно. Но будьте аккуратны.",1
Жоліо Кюрі заехал бус комуфляж с крестом во двор@,1
"На Юго-Западном как вчера кошмарят гоблины. Перекрыли всю дорогу в сторону города, объезжайте",1
Теплодар возле кнс. Дамба. менты и оливки,1
Теплодар! Поворот на Дамбу ТЦК,1
"Доброе утро!Теплодар, поворот на дамбу!!!!Сучары стоят!!!!!",1
Теплодар поворот на Беляевку стоят гиены и те и другие!,1
Знаменитый красный Бош Nissan Vanette сорок четвёртая школа,1
Радужный 15:40 возле АТБ видимо были ТЦК грузили парня в белой футболки.,1
"Ребята аккуратно.Ленпаселок ТЦК возле""Надежды""Три машины",1
"Ленпоселок, район Ваз",1
"Орудуют по ленпасу. Вылетает на встречку, гоняет по обочине.внутри молодняк+ телка. Берегите себя.",1
Киевская трасса въезд в город радар возле БРСМ заправки,1
"Вн3358ек хендай Н1 поехал во дворы с генерала Петрова к Сибирской, будьте аккуратны",1
Скотобазы катаются 1257. По Генерала Петрова. Белый бусик,1
Серебристый Volkswagen Т-4 с ублюдками внутри катается по Ильичёвску в поисках жертв,1
Юго-западный продолжается передвигают фишки в сторону Таирова... 16:07,1
"Маршал Сити, парковка АТБ, 5 куколдов выгрузились из белого буса с мусорскими номерами.",1
Восточная станция копейка зелёный старый Мерседес седан три ухилянта,1
Черная Таврия за Авророй пацан убежал от полицейского не понятка буса не видно пишите кто в это районе. 08 15,1
10:40 возле Копейки Черемушки пидоры.,1
Генерала Петрова напротив мясолюба.бусик и вояки (не тормознули ),1
10:55 Радужный сундук стоят 5 человек останавливают,1
11:05 возле АТБ Радужный ходят пидоры,1
Ловят всех Генерала Петрова. Сзади этих бусик,1
В Ильичёвске на Мая 7а во дворе бус с оливками силой всунули двух крепких мужчин лет по 45 в свой бусик и поехали. Сегодня их много как никогда.,1
"Внимание всем жителям и гостям города Ильичёвска!!! Как и сообщал вчера приехоло очень много, будьте осторожны, по возможности оставайтесь дома и не оставайтесь равнодушными, вы можете спасти чью то жизнь!!! Пишите, сообщайте о перемещениях, ибо город наш маленький и они катаются по нему. Всем спасибо!!!",1
Три ублюдка мусора докопались до мужика с доками потом подошли рядом к другому(вилла отрада возле жёлтого камня)не первый раз эту троицу уебков вижу,1
200м до 2 станції Люстдорфської дороги,1
"Юго-западный в сторону Таирова БП, тормозят авто",1
Юго-Западный - БП тормозят легковушки выборочно,1
"Юго-западный блокпост,сейчас",1
"Кинотеатр Старастино, Слободка - аккуратно рядом",1
Снова дворы педагогическая-фонтанскаядорога.,1
Тираспольская-мечникова ТЦК.,1
"Таврия Маршал, у входа в магазин",1
"Таврия-В ""Маршал"", у входа в магазин, опасно!!!",1
"ВНИМАНИЕ!!! МЕНТЫ СТОЯТ НА АВТО БЕЗ ОЛИВОК, ПЕРЕД ПОВОРОТОМ К ПЕРЕЕЗДУ НА 7-Ю ПЕРЕСЫПЬСКУЮ, В СТОРОНУ ГОРОДА ОСТАНАВЛИВАЮТ ПРОХОЖИХ И ПРОВЕРЯЮТ ДОКУМЕНТЫ",1
Юго-Западный за школой блокпост,1
Новая почта 137 отделение,1
"10:05 Полиция стоит на против декор Хаус это возле эпицентра как ехать в сторону китайской рынка, три человека, активна работают леденцами.",1
"Балковская-Заньковецкая, в сторону Пересыпи, Б/П.",1
"Жолио-Кюри 24А какой-то движ из двух ментовских патрульных брычек, непонятные разборки, пишут объяснительные кому чего непонятно",1
Троицкая-Преображенская-Новосельского. 6 Псов и Мусор,1
"Базар Черёмушки, центральный вход, заехал военный L200. Будьте аккуратны.",1
Початок рынок. Две патрульки стоят - маяками манят*,1
"17:35 Люстдорфскся дорогая, через дорогу от Миратона развернули блокпост, стоят ТЦК",1
БП Юго-западный в сторону Таирова с ментами тормозят авто,1
Альтаир-2 там оформление ДТП а не БП.,1
Гиены на юго-западном готовят блок пост в сторону города,1
Поворот на Беляевку с Теплодара стоят и те и другие душегубы!,1
Теплодаровский поворот на Беляевку. Тцк +полиция,1
Встречают электрички Одесса-малая,1
Юго-Западный в город актуально.,1
Бус зелёный возле эпицентра на 7 км стоит там без движения уже второй день пустой...,1
Раскидайловская-Ризовская ( ПН 52) черные + зелёные… вцепились в мужичка,1
Радужный 1 упаковали пацана,1
Нисан ванете на евробл.ползёт с ямы в сторону куяльника,1
"БРСМ возле Борея в сторону Одессы, укртрансбезпека. ТЦК не замечены. Может пригодится кому-то инфа",1
"16:54 Дворы Космонавта-Комарова, выезд на Генерала Петрова",1
Юго-Западный в сторону Таирова 17:30,1
"ТЕПЛОДАР поворот на Беляевку стоят гестаповцы и душегубы, берегите себя!",1
На 7.30 Б. Арнаутская- Портофр.,1
"Юго-Западный БП, гоблины и оборотни кошмарят",1
"Доброго ранку! Минут 15 назад Генерала Петрова возле мясолюба белый спринтер принял 2 парней,",1
По ильичёвскую курсирует серый hyundai будьте аккуратны,1
"Таирово напротив эпицентра за окко, мусора с леденцом, выборочно тормозят",1
Во дворах шло двое. Пошли в сторону шклярука,1
Таирова Черёмушки продолжают шмонать по дворам черные с пикселями стараемся меньше рисоваться во дворах,1
СРОЧНО!!!Хмельницкого 23 тормознули парней чел 5 зелени - обходите,1
"На 7км в Эпицентре были замечены два довольных петушка, что-то покупают.",1
"На генерала Петрова, возле Сильпо, бус сбил мопед. Самое интересное, что внутри буса сидели военные. Возможен вариант, что они гнались за мопедистом и в какой-то момент его сбили и судя по состоянию мопеда, удар был сильный!",1
Останавливается на парковочных местах напротив кладбища неподалёку от магазина Таврия,1
"Теплодар, поворот на дамбу ТЦК и полицаи",1
"Маршал сити белый бус на парковке на мусорких номерах АТБ стояли уехали в сторону Ильичёвска, будте осторожны берегите себя",1
Теплодар поворот на Беляевку стоят душегубы! Берегие себя!,1
"Ленпоселок ВАЗ, три мудилы  актуально сейчас. Сфотографировать не успел",1
Только что подъехали. Стоят на беляевском перекрестке. Теплодар,1
Инглезии 20 вдоль дороги стоит чёрный бус на аварийке в круп тонированный,1
9ст.Фонтана-стоит две полицейские машины(возле парка).,1
Доброе утро... На юго-западном в сторону города подозрительная патрулька но без гиен инфа на 7:00! Будте бдительны..,1
Мусора БРСМ!!!,1
"Беляевка - Теплодар, поворот на Майоры, стоят тцк и полиция",1
Юго-Западный блокпост ждут полицию,1
"Теплодар белый бус с душегубами катаются, берегите себя!",1
От 25й ЧД до Промсвязи на дороге ремонт от ГорКанализации. Работает одна полоса.,1
Столбовая-Боженко там где скорая. Стоят дармоеды проверяют документы с ними Террористы Центра Карателей.,1
3 минуты назад на пьяной дороге въезд в порт под мостом,1
Хлеб щавод Слободка зелёный спринтер,1
Юго-западный полиция +тцк +бус осторожнее будьте,1
Мото патруль проверяет машину возле школы Кивалова на Пионерской,1
6.28 Б/П юго-западном в сторону Тольухина,1
"Теплодар. На выезде в Беляевку тцк, тормозят почти всех",1
Теплодар на въезде в Беляевку блок-пост,1
"Юго-западный пошли по дворам пять оборотней, будьте осторожны",1
Опять встречают электричку Колосова-Одесса на станции одесса-малая 8:11 белый бус и человек 6,1
Бус с пидорами Одесса-малая,1
Копейка АТБ,1
"Радужный, конечная 145, нюхают",1
Фольц 9105 поехал дальше с 25-й в сторону конечной 9 и 10 тралика,1
Эпицентр,1
Остановка маршал,1
"Акварель 2 окружили дом зелёные и черные.Очень много,а возле Маршал Сити стоит автобус Богдан,в нем 2 парня в гражданке, видно попались",1
Левита-Королева едет Зеленый бус ( мерседес-вито).,1
Фонтанская-Клубничный - возле АТБ 4 черных,1
Щорса-Спартаковская ДТП,1
На сейчас теплодар на кругу черные и зелёные принимают парня,1
Объездная под заправкой Вог на выезде менты на приусе.,1
Объездная дорога между АЗС ВОГ и укрнафта блокпост с правой стороны,1
Объездная дорога тцк менты за заправкой WOG стоял белый hiace уехал подъехал красный nissan vanette,1
"Полиция на Ленпаселке, Горизонтальная Патриотическая",1
"Объездная возле око блок пост,по направлению с поселка",1
Черная Таврия ниже на стоянке белый бус пакуют. С мусором,1
"Спринтер красный на желтых номерах,полно их.Пушкинская-малая,возле клуба трумен",1
Окружная с поскота пару патрулей.возле поворота на Латовку (заправка брсм) за поворотом на Нерубайское.,1
Одна проездом возле Куяльника тормозного жигу.Стоит явно просит денег.,1
"Всем привет, от Маяк до Одессы 4 блок поста, именно, полиции, по две патрульные машины, водителей останавливают, типа обычная проверка.. берегите себя!!",1
"Генерала Петрова, 1 гуляет",1
"По поводу буса с Ланжерона они катаются с ментами ставят авто и проверяют доки,,не нарушайте опасно",1
"Смотри, что они делают - они сидят в этом канале и как только появится вторая инфа о их дислокации они едут на километр вперёд, делают такою петлю, поэтому уходить только во дворы",1
"Переправа в сторону ильичёвска, стоит полицейский с леденцом, скорее всего тормозит тех кто без света ездит",1
"С киевского тцк только выехал Хюндай белый 3358, черёмушки аккуратно",1
Ленпасёлок ездит по улицам белый бус хендай с ТЦК будьте аккуратны,1
Беляевка поворот на Теплодар стоят мусора,1
"Доброе утро! Объездная дорога, 53 линия, стоят 2 мента, тормозят машины.",1
"Таирово, Радужный, на кругу блокпост, раздают визитки через одного.",1
на ланжероне у дельфинария идет тцк,1
Четыре петушары в Ильичёвске. 1 Мая в сторону круга,1
"Алекса мост, строительный рынок (policecar) и человек с папкой",1
Кишиневская-Добровольского. Мрази читают. После появления объявления они резко свалили.,1
Таврия маршал катаются собаки,1
Привокзальная 2 возле Автолюкса блок пост 30 человек,1
"Теплодар, дорога в город за садом,на перекрёстке ТЦК и полицаи блок пост.",1
Доброе утро уточните пожалуйста в Теплодаре за какими именно садами,1
"Эпицентр на Таирово, напротив ТЦ Decor House, менты тормозят машины, ТЦК пока не видно",1
Радужный продолжается упаковали еще одного!!!!! 10:57,1
Радужный пакуют парня с криками 10:57,1
Только что на 12.35 белый бус вольцваген полный ТЦК заехали на Радужный.,1
Радужный (Густо ) двоих забрали. Примерно 14:30,1
"Пересыпский мост, в сторону города возле маг, Аврора полиция, будте внимательны!",1
"1-й заливной, где мусарня, бп, тормозят маршрутки, чуть дальше трамвайная остановка, осматривают трамваи… 18:32",1
"Решильевская-базарная ДТП,а не блокпост",1
Объездная дорога за поворотом на Красноселку стоят нюхачи на 7:40,1
Радужный 13 дом стучат по квартирам ходят!!! Не открывайте не кому!!!!!,1
"Ленпаселок, за переездом возле остановки я стоит красный хондай в нем черти. Зелёный джип с номерами зсу повернули на селексионую в сторону перона (застава -1) в джипе сидела двое петухов.",1
"Насчёт архива машин - хорошая идея. С лета прошлого года записываю в блокнот машины, которые либо засветились в группах, либо видел сам (Суворовский район):",1
"Теплодар, белый Рено лоджи на черных номерах, цифры 13и 4 разглядел, медленно ездит по дворам, замечен у поликлиники.",1
"Генерала Петрова возле исполкома два буса серый и белый 100% тцк. Что делать будут не известно, стоят общаются.",1
"Генерала Петрова 26, недалеко от АТБ принимают ребят. Пятнистых человек 8",1
"Какой-то хипиш на генерала Петрова возле АТБ, во въезде во двор возле газетной будки стоит белый бусик и полицейская машина на улице находится куча военных с автоматами и полицейские что-то у себя на багажнике оформляют",1
Таврия маршал. Патрулька,1
Патруль с феном на Киевской трасе в сторону города сразу за заправкой брсм,1
Объездная за поворотом на хаджибеевскую в сторону поскота!!! Мусора!!!,1
Тцк Марсельская-Героев обороны два джыпа катаются уже 30 минут высматривают,1
Угол Дидрихсона-Дюковская полицаи мужика прессуют.,1
Юго-западний блок пост в сторону таирова,1
АТБ парковка на Данченко,1
"Белый мерс спринтер с затонироваными окнами стоит перед остановкой на Генерала Петрова,возле хлеб завода",1
Филатова-Космонафтов на перекрёстке авария,1
"По поводу сына, если его забрали в Киевский и сейчас уже ночь то их на ночь переводят на зинковецкую ночевать но там телефон до утра не дают, дадут только утром и то когда он будет выходить там на перекуры и так далее то есть только при выходе из помещения",1
"Юго-Западный, Пряна Хата БП",1
"Объездная,выезд с поскота БП",1
"51 линия, Объездная дорога- менты и тцк. Тормозят машины.",1
"Маршал, шкеряться.",1
"Окружная, выезд с ПосКота напротив кладбища не доезжая Окко 20 тцкашников. ОПАСНО!!!",1
"Объездная. Кладбище Корсунцы. Стоят толпа куриных мужей вместе с ментами, тормозят машины.",1
Среднефонтанская-Пироговская авария. машина стоит на полосах в поворот.,1
Юго-западный  в сторону города Блок-пост. Аккуратно,1
БП Юго-Западный в сторону города.,1
Объездная на хаджибеевскую леденцы в авто кто сидел не видела.,1
Хаджибейская/Объездная менты,1
Тцк 7 км возле Эпицентра щимят парня,1
"Объездная, перед окко в сторону киевской трассы БП!",1
Латовка/окружная. Менты,1
Ребята юго-западный или ещё какие-то адреса пишите сразу пожалуйста в какую сторону огромная просьба,1
"Парковка эпицентр 7 км, много машин с чёрными номерами",1
1-я ст люстдорфа на Таирова мусора на мигалках,1
Завтра синие и зелёные пидоры в большом количестве будут проводить рейд по староконному рынку в том числе и барахолке!!!,1
"10 линия в сторону города, ТЦК с полицией рядом с аптекой Копейка, пресуют пацанов. Берегите себя!",1
"Заезд в рынок 7 км!!менты,останавливают выборочно",1
"Возле староконного рынка не доезжая до центрального входа где парковка платная со шлагбаумом) только что припарковалась ментовская машина. На фоне вчерашних слухов об облаве, думаю это важно. Возможно подтянутся еще черти.",1
На данный момент подъехали и стоят возле староконного рынка.,1
"На данный момент облава с ментами рынок 7 километр, с двух сторон.",1
утром в 6.20 по днепропетровской улице напротив строительного рынка на придомовой улице без мигалок машина мусоров остановилась выскочили трое к парню на самокате. говорю о том что уже и мусора ездят не выделяя себя из потока а потом быстро подкатывают и выбегают.,1
"Привокзальная, возле мака.",1
Епіцентр Вільямса зупиняє з двух сторін,1
Юго-западной ещё стоят!!!,1
Староконка тцк,1
Тц Афіна - облава,1
Бочарова-Жолио-Кюри ходят.рядом скорая номера не видел! Ломают и закидывают в скорую!,1
Зеленые с полицаями стоят чуть дальше автостанции привокзальная,1
Парковка Сити-центра на Котовского. У красного бусика стоят упыри. Много.,1
Маршал АТБ сити менты на спринтере стоят ждут,1
10.23 БП объездная напротив заправки ОККО,1
На ОККО окружная так и стоят в сторону куяльника,1
"2 оливки и 4 маслины ходят по Глушка вдоль и поперек,последний раз шли в сторону круга Люстдорфкой дороги.Лучше по Глушка не ходить,если идёте будьте осторожны",1
"Водопроводная-Басейный переулок, по обе стороны ТЦКуны и полицаи с бусами!!!",1
11:40 объёмная куяльник-поскот АЗС окно блокпост,1
Есть инфа что прямо сейчас едут на рынок Черёмушки,1
"Таврия Маршал их просто тьма, не суйтесь в тот квадрат вообще...",1
"Белый тонированный Хюндай, вынюхивают с Зенковецкой поехали в сторону Б. Хмельницкого,",1
Окружная дорога (пос Котовского) пос. Шевченко за кладбищем блок пост в сторону города зелёные+черные.,1
Лунина-Бригадная облава 17:10,1
"Заправка ОККО, Объездная дорога, блок-пост. 17:15",1
Эпицентр на седьмом. Вышли 6 человек и пошли внутрь,1
"Перекрёстки до Дерибаса и после под дебильной, хуестической охраной ТЦК и сука ёбанных гандов-ментозавров. Догадываются до людей!!!!!",1
Радужный «густо» щас закрыто. Кто спрашивал.,1
"Радужный, сидите дома родные.",1
Таврия маршал. Стоят черти ждут людей из магазина!!!! 21:00,1
Возле Сильпо ( фуршет на посёлке ) на парковке стоит тонированная дэо Ланос чёрная. Сидят внутри и резко выскакивают.,1
"Понимаю, что страшно. Понимаю, что кажется, что конца и края этому кошмару не видно..НО поверьте, это предсмертные конвульсии этого режима и их хозяев.",1
Таврия маршал возле мойки Белый бус одного уже приняли пейте кофе дальше там долбодауны!,1
"Объездная дорога, заправка ""ОККО"", блок-пост. 7:45",1
возле 1 станции люстдорф зашли во дворы группа олив,1
На выезде с теплодара на Беляевку стоит полиция и тцк,1
АТБ Маршал сити гребут всех,1
Окружная окко блокпост очень много чептей,1
"Стоят на Юго-западном, высматривают",1
1 люстдорф за шаурмой пять минут назад примерно орда проходила,1
Юго-западный БП,1
Б.Хмельницкого/Банный переулок,1
"Объездная,выезд с города в начале Шевченковского кладбища БП",1
Шевченковское кладбище а начале объездная БП,1
"Объездная дорога возле кладбища, после поворота на Красунцы",1
Прошу уточнить объездная БП с посёлка или на поселок,1
Блок-пост Юго-Западный в сторону Таирова,1
"До поворота на Кадорр или после, в сторону города",1
"Уточнили только что, что объездная бп на Поскот",1
Юго-Западный в сторону Таирова блоххвост 17:31,1
"Радужный 13 дом, 2 мента с папкой",1
Красный Ниссан по дворам Высоцкого-Днепро-Бочарова,1
"Объездная Хаджибей, стоит полиция",1
"Я успел уехать, заезжал в Сильпо.",1
"Со среды до субботы, буду самые жестокие рейды за все время ТЦК, но в этот раз Черемушки и Таирова!",1
Хаджибеевскую Объездная полицаи,1
"ТЦК человек 250 собираются штормить порт,уже собрались на таможенной заходят!",1
"Армянский переулок, КПП вход в порт,стоят пять + менты также ходят, возле светофора армянского переулка, толпою высматривают, пальцами тыкают куда идти, будьте бдительны и аккуратны.",1
Теплодар. Сразу после круга менты.,1
На сейчас теплодар на кругу зелёные и черные прессуют все машины,1
"Порт,облава,Таможенная,куча тцк,на улице и внутри,штормить будут все предприятия",1
На Жолио-Кюри 64.,1
Порт на воротах облава. Зашли в управление,1
"БП Порт,пробка!",1
Радужный атб 5 человек стоит,1
Торговая-нежинская трое стоят,1
Коблево на против брсм блок пост.,1
"порт сегодня штурмуют тцк, таможенная, заливной",1
"Порт,6 человек,возле опх,приняли водителя зерновоза,будьте откуратны,очень много их на территории порта сегодня",1
"Эпицентр 7ой км на стоянке стоит подозрительный Автомобиль,пустой,в округе чисто. На всякий случай будьте бдительны.",1
"Небольшая иномарка,на военных номерах-два человееа в машине-машина комуфлированная-ездит по дворам-Днепро дорога 68/70 на 21.35",1
Одесса-поездная выход с платформы бус полиции,1
"Окружная дорога, выезд с Посёлка АЗС ОККО блок-пост",1
Окружная выезд с посёлка заправка окко одинокий зелёный поц со знаком ждёт своих друзей из гей клуба будет блок пост актуально на 8.10,1
"Окружная дорога,АЗС мото БП.УЖЕ",1
"Объездная с посёлка, заправка ОКкО, БП уже начинает работу.",1
Будьте окуратны и осторожны. Между домами Шклярука 4 и 4 а. Стоит один видно ТЦК бо в зеленной форме не пиксельной. Что высматривает и постоянно смотрит в телефон.,1
"Объездная с поскота, перед Куяльником СТОП-КОНТРОЛЬ.",1
"Объездная дорога за Куяльником в сторону Шевченко 3 — заправка Окко ТЦК и копы + бус, актуально на 11:40",1
"Генерала Петрова 53,55 менты и зелёные ходят по квартирам",1
Дерибас ходят оливки на 13:46 актуально,1
Теплодар катаются мусора,1
Ребят прошел слух что будут вечером ходить по всем магазинам как АТБ КОПЕЙКА ТАВРИЯ СИЛЬПО на поскоте будет жёсткая облава там,1
"Всем привет, по Авдеево-Черноморского тцк катаются",1
Около окружная возле Шевченко,1
"Окружная дорога, р-н пос. Шевченко заправка ОККО готовят блок пост",1
Окружная ОККО ГОТОВИТСЯ БЛОК ПОСТ БУДТЕ ОКУРАТНЫ,1
Будут скорее всего трусить фонтанскую дорогу.,1
"Бус hyndai h1 серебряный, на военных номерах медленно катается по дворам заболотного-высоцкого. Знаю что выскакивают",1
Таврия Клубничный переулок менты стоят возле Таврии. Только что.,1
"Первая застава, перекресток конечной тройки,степная дтп",1
Зернрвой за переездом в сторону куяльника б.п в обе стороны,1
"С посёлка Котовского, окружная. Блок пост",1
Краснослободская-Балковская три экипажа,1
Юго-западный готовят блокпост сторону города будьте осторожны,1
Окружная с пос кота на ОККО готовят блок пост,1
"Юго-западный уже подъехали менты, начали тормозить машины, водители объезжайте стороной зачем вы рискуете попасть в лапы этим уродом!",1
"Балковская-Заньковецкая, в сторону мост-пересыпь, блокпост готовили на 07.35",1
"Маяки Таврия,атб у входа опасно",1
Окко окружная стоят ТЦК,1
"Александровка в сторону Ильичёвска напротив поликлиники 6 пикселей,",1
"Базовая возле ворот 4, которые ближе к Эпицентру полиция в обе стороны",1
"Выезд с поселка Котовского,объездная дорога, заправка ОККО блок пост.тцк",1
Початок рынок сбу эмиграционка и тцк гребут всех,1
Район 65 школи возле сильпо белый бус,1
Рынок Початок шмон гребут всех подряд,1
"Окружная.Азс мото.Собираются шакалы всех сортов, готовят,будет БП",1
"г. Петрова 31 магазинчик, мусорные баки белый бус с героем в нутри остальных не видно",1
"Ленпоселок внимание, катаются на мусорских машинах, внутри ТЦК и мусора.",1
Ленпосёлок перед вторым переездом Как ехать из города авария на маленьком перекрёстке Возле заправки авиа менты на месте больше никого нету но пробка в обе стороны,1
По Б.Хмельницкого ездит чёрный NISSAN TIIDA а в нём зелёная чепуха,1
Вот наверное им сухпайки-тормозки и привозят!,1
"Днепропетровская 84/2. Менты у первой парадной, пошли с папкой внутрь. Осторожно.",1
Юго-западный в сторону Таирова выставили БП,1
Жолио-Кюри 26 ст. Восточная менты и ТЦК на 17.05,1
"Добрый вечер,сейчас много возле Сильпо во дворах,на Генерала Петрова,еле унес ноги вроде по домам ходят",1
"Юго-западный, в обе стороны все еще стоят. Машины выборочно тормозят. 18:18",1
Три чмони по дворам в квадрате Днепро-Бочарова-Сахарова-Заболотного,1
На выходных будут трусить Радужный!По возможности сидите дома! Берегите себя,1
"Объездная с поселка, возле кладбища, их уже очень много, блок пост по факту, а не собираются",1
Балковская-зеньковецкая БлокПост в сторону моста пересыпского,1
Рынок Початок шмон рыл 50 в престоле ходят.,1
"9.30 Одесса-поездная белый н1 прессовали парня,через 10 минут уехали дальше",1
Объездная с поселка в сторону авторынка готовят бп,1
Объездная выезд с поселка Котовского блок пост.тцк,1
Академіка Філатова 24 стоять мусора разгаварівают с парнем пока не трогают ТЦК нет,1
"Выезд с поселка Котовского,окружная дорога! Сегодня стоят чуть ближе к посёлку,не доезжая заправки",1
"На кругу 7 км, и круг гонки, полицаи но не остановили, на парковке эпицентр пирожок с чёрными номерами и оливкой ха рулём, и зелёная газель с прицепом.",1
На эпицентр заехала ещё одна газель с прицепом.,1
эпицентров несколько. На какой именно???,1
"Внутри эпицентр что на 7 км, зашли в сам центр, может что то прикупить без полиции, и добавилась рено с чёрными номерами,",1
"Ленпоселок остерегайтесь белого бусика, едет к вам на охоту!",1
"Снова копы стоят на мосту Холодная Балка-Дачное,возможно ждут ТЦК",1
"Подтверждаю по копейке на Добровольского-Махачкалинская. Одни по гражданке, остальные в форме.",1
"Добрый вечер,белый бус только что принел мужчину на Генерала Петрова остановке Сильпо",1
Типа военных ломятся по парадным Генерала Петрова 68,1
"Заезд на 7км рынок,стоят менты...останавливают выборочно",1
Мусора стоят сзади эпицентра как ехать на базовую!!,1
"По Ильичёвску кататься красный фольц,тцк",1
"Поскот окружная БП заправка ОККО, 8:41",1
"ОККО в город возле кладбища, объездная дорога стоят",1
Окко окружная с посёлка в сторону куяльника блокпост,1
"Эпицентр, 6км, под мостом, у Сокара- менты, много",1
Объездная выезд с Нерубайского на заправке Мотто явно собирается нечисть на блок пост,1
"Мото объездная дорога никого нет, только что проехал.",1
Посёлок Эпицентр ТЦК,1
"Добрый на Дерибасовскую пошли оливки один с папкой, четверо по гражданке и трое человечки в чёрной форме",1
Синий Джимпи Юго-Западный во дворах щимят,1
Екатерининская-Чайковского возле обжоры- опасно,1
Есть информация что завтра будет облава на Ланжероне,1
"Доброе утро, радужный 11/2 стоят менты, ждут кого то или ждут этих гоблинов тцкнув",1
"Две машины мусоров возле Эпицентра 7 км,в сторону города!",1
"На Серова 44 в сторону Староконного рынка леденец, их двое",1
Доброе утро. На куяльнике возле поворота на авторынок полиция на перегар,1
7км в сторону эпицентра менты тормозят всех кто без дневных ходовых огней,1
"Как ехать с Одессы в сторону Николаева, поворот на порт Приведенный, вроде Вороновка новый бок пост, стопают всех",1
Стояли только что возле Сильпо дальше двинули по городу с урками,1
А невского возле жёлтого магазина третья двое,1
С дельфинария пошли в сторону отрады.к жёлтому камню.их много.мужиков тормозят проверяют,1
"Возле кафепляж Сантарини ходят ищут жертвы, идут в сторону Дельфинария",1
"Еще человек 15, вторая группа сидят вообще Виолетта Отрада, еще одни возле причала 1, в совокупности человек 30 с мусарами",1
Будьте осторожна на Ланжероне возле дельфинария человек 10 военных с мусорами ходят цепляются к людям,1
Кучка военных с мусорами пошли от Дельфинария к 2 шарам.,1
"Радужный 24, вояка ходит, говорит по телефону",1
"Юго-Западный не БП,там двухколёсный инвалид сбил насмерть мужчину",1
"Добрый вечер, Генерала Петрова район АТБ, очень аккуратно,много зелени",1
Стоит патрульная объездная дорога напротив ямы в сторону латовки ловят на скорость,1
Окко окружная поселок Котовского поставили знак стоп (готовят б.п),1
"7км заезд в рынок,стоят менты!!!!!!!",1
Объездная окко как всегда все в сборе,1
"Окружная, яма перед заправкой AMIC наглые менты останавливают фуры, автобусы и машины в обе стороны.",1
Радужный через дорогу пасут кто на маршрутку идёт! Докопались до парня лет 20(,1
Стоматологическая клиника на люстдорфе во дворах серые бусик с военными недалеко от суда,1
"Черный фольксваген с серым камуфляже катается по Цветаева, номера евробляхи, за рулём по гражданке рядом зелёный п..ц",1
Варнецкая копейка принимают парня рядом остановились по пути,1
"Марсельская-Добровольского, магазин Трэш много тварей: и зелёные и и синий выродок рядом.",1
"4 зелёных презерватива шароёбаются по парковке эпицентра 7км, наверное заблудились. Без папок.",1
Поселокк Котовского окружная поворот на Корсунцы стоять ТЦК ставят блок пост актуальные 10;15 заправка ОКО,1
Окружная Окко в сторону Куяльника тцк до сих пор охотятся,1
Лазурный переулок Фольксваген центр стоит бус на черных номерах и двое около него,1
Замечен один упырь на самокате возле Жолио-Кюри 60 1 парадная,1
Юго-Западньій БП в сторону Таирово,1
Юго-Западный уже стоят!,1
Таврия в парковка,1
На эти деньги можно как минимум 12-18 месяцев жить на новой квартире или доме частном с полным обеспечением и вы будете привозить продукты и себя разными дорогами и соблюдать конспирацию с новыми телефонами и номерами к ним а так же с друзьями!,1
"Возле Таврия-аэропортовская дежурит белый спринтер, будьте внимательны.",1
"9станция,старое Вільямса сидит на остановке трамвая",1
"Генерала Петрова 70 возле копейки, во дворах чертей 10 ищут! Будьте аккуратны! 1 штука гражданский из них",1
Жолио-Кюри уже 2 буса возле ментовки. Черный на бляхах и белый окна двери!,1
По Б.Хмельницкого в сторону центра проехала ЭСЭСовская АМБУЛАНЦА оранжево-красная. За рулем зеленый ФРИЦ,1
"Всем добрый вечер, последние пару дней по Генерала Петрова возле Сильпо и АТБ, особенно после 18 часов, постоянно пасетьця зелень,берегите себя",1
Радужный облава!! Поквартирный обход!!!,1
Бус написано третья штурмрва,1
Блок пост Объездная Корсунцы. АЗС. ОККО,1
"Доброе утро. Рыбный порт, на проходной тцкашный шмон машин. Анонимно плиз.",1
Паустоаского за Эпицентром менты,1
"Пироговская-Канатная, блок-пост",1
Тцк Одесса Порт осторожно одна еще машина проехала зеленая!,1
"Бурлачья-Балка на проходных Рыбного порта с самого утра и до сих пор стоит целое стадо ТЦК, будьте осторожны рядом",1
Жолио-Кюри 20 ходят два мента (мордатый и тёлка) смотрят всех по компьютеру. Актуально на 12.05,1
7-я пересыпьская возле магазина Ева стоят 3 военных,1
"Белый бус,Савиьон, маяк..Трое оливок 6922,вынюхивают",1
"Генерала Петрова 7, Возле гаражей стоит мусорской Дастер тонированный.",1
"По поводу Богдана Хмельницкого, номер 23 СмартЛаб привозят на ВЛК, анализы, в одно и тоже время!!! Примерно с 13:00 до16:00, будте внимательны!!! К прохожим тоже цепляются!!!",1
"10 линия в сторону поскота,",1
Юго-запад пробка.бп.хоть бы кто обновил инфу!,1
Рынок яма возле амика блокпост,1
"Ответ на предъяву:"" Юго-запад пробка.бп.хоть бы кто обновил инфу!""- внимательно читайте группу, пост на 17-03 об этом б.п.",1
"Добрый вечер, есть инфа что завтра будут штормить юго-западный масив, берегите себя, стройте свои маршруты заранее...",1
Черемушки 10 Квартал,1
Чёрный бус на Восточный рынок (поскот),1
Радужный остановка в город засада!!! Белое Вито Мерседес!!,1
10.17 юго-западной в сторону города блокпост.,1
Рынок Анжелика. Гуляют 3 тцк. 12:50 3й ряд,1
Юго-западной готовят блокпост в город,1
Подтверждаю. БП. Юго-Западный. В сторону центра.,1
"Уточнение.Глушко-океан была авария,по этому полицаи там",1
По 25й шо то мусорня носится туда сюда на приусе,1
"Окружная дорога, заправка ОККО собираются.военные",1
Вьезд на рынок 7 км стоит патруль останавливают выборочно,1
"7км рынок,на заезд менты тормозят",1
8:20 окко окружная БП тцк,1
"Доброе утро,объездная в сторону поселка,перед перекрестком на нерубайск стоит 1 полицейский с леденцом и 2 зеленых",1
Богдана-запорожская белый спринтер прессуют мужиков,1
Пересечение шклярука и липского пост и дтп. 8.55,1
"Зеленые и черные, за заправкой Мото, объездная Нерубайск",1
Между второй и третьей станцией Люстдорфа в сторону центра стоят.,1
"Окружная дорога, заправка ОККО БП",1
"Радужный,оливки,осторожно",1
Балковская-Заньковецкой блок пост,1
Окружная разборки шмон ТЦК,1
"Окружная, заправка ОККО, в сторону куяльника стоят полиция и ТЦК",1
UPG -2 Застава уже Б.П.,1
"Граждане,кто лазит по Староконному базару!!!!",1
"Здравствуйте, Ленпоселок внимание, к вам едут белый бусик с ТЦК и мусорской с мусорами",1
Заболотного-Кюри поскот золотое рено,1
Бп возле магазина ствол на радужном,1
"Бп ствол Маршала сняли, ушли с ментами во дворы",1
"Марсельская-Орловская (напротив Таврии) 10 минут назад стоит зеленый пидорский бусик, За будкой с сигаретами, из темноты сразу не видно. Обходим, и ждем утилизации пидоров из ТЦК. Уже скоро.",1
"Добрый вечер, Генерала Петрова на парковке между Сильпо и АТБ,парканулся белый бус спринтер вышли зелёные и мусарша курят и смотрят,берегите себя",1
"Спасибо человеку за сообщение про Сильпо, как раз хотел зайти за хлебом, сходил в ларек во дворах. Вместе мы сила! Держитесь!",1
Готовится блок пост возле ОККО по объздной сразу за кладбищем перед Куяльником.,1
Блокпост ОККО окружная,1
Мусора на Посёлок со стороны Севертранса перед Эпицентром.,1
"Генерала Петрова, ( мясолюб)- дтп с мусорами",1
"Китайский рынок,тцкашники на бусе мерс Вито темно зеьеный на львовских номерах",1
Полиция как сворачивать на ильичевскую трассу. Сразу возле заправки VST. Тормозят выборочно. 9:13,1
Выезд на ильичевскую трассу попрошайки с леденцами,1
"ОККО возле, кладбища в сторону Куяльника с Поскота. БП. Тормозят машины, копы и тцк",1
Объездная дорога Окко стоят тцк,1
Окружная выезд поселка на заправке окко стоят время 11 25,1
Подозрительный красный бус во дворе Радужный 21/1,1
"Успенська/Преображенська, за магазином Успіх, тцк, 5хвилин тому пакували парня",1
Напротив ситицентра Таирово на остановке в город 4 полицейских полчаса назад,1
"Добрый вечер！Заболотного,груг Сильпо возле карман...Могилизаторы сидят в машине окна Стеко с открытой дверью и полицианты внутри.Обходим...высматривают жертву",1
"Поскот, окружная, заправка ОККО, Блок пост. 17.45",1
"Окко окружная С поселка стоят бп, пока что в одну сторону",1
18:18 АЗС ОККО Объездная с поселка Котовского блок пост ТЦК ПОЛИЦИЯ,1
Менты с двух сторон тормозят выборочно за эпицентром таировским,1
"Окружная, выезд с пос кота. Возле ОККО кучкуются уже. Пока без ментов.,еще не тормозят",1
"Сбоку АТБ маршал, мусорской спринтер( мусор+ оливка) время 8.05",1
одинокий олень на повороте на аэропортовскую ковыряет телефон,1
Ленпоселок. Стоят 2,1
Выезд на ильичевскую трассу мусора,1
7-КМ ТЦК человек 5 и 2 полицейских зашли на рынок через ворота Базовая 11,1
Староконка облава,1
"Добрый день.Рено Дастер ВН99 26НО,полный зелени выехал,с заправки ОККо,с обьездной Куяльника,и поехал в сторону Посёлка",1
"3 полицая, нюхачa напротив Таврии маршал, на заправке Vrs",1
"7 км очень много везде-кошмар, рынок практически весь зелёный(((",1
"Добрый день,пересыпский мост,вышли с буса и пошли на Радик",1
"Автобус полиции с решёткой напротив эпицентра на остановке стоит, отъездает к 7км и ещё машина полиции на 7й поехала.",1
"Добрый день за болотного,Таврия,окружная дорога Тцк",1
"Татарбунары,автостанция 16.00 отьехал белый бусик вн 427 в",1
Юго-Западный в сторону Таирово БП много,1
"Сегодня молодцы на седьмом километре. Сразу объединились. Вот так и нужно создавать координациональные центры между собою, чтобы отбивать парней. Вот так и нужно делать на каждом рынке (если это рынок). На каждом моменте, где есть люди (это уже между собой если видите такое).",1
"По 25-й катается бус пиксель, акуратно там",1
"По поводу 7 км хочу добавить,заезжал со стороны новой почты (базовая).на центральном входе были не прошенные гости.так охранник при въезде сказал,что на рынок их не пускают.в итоге через 50метров стояли и паковали.",1
"Ориентир просто ""Таврия"".... Ну вы поняли...",1
"По Люстдорфчкой, как поворачивать на управление водоканала стоит по всем сторонам зеленых штук 15.",1
ТЦК БрСМ Латовка на объездной в сторону посёлка Котовского,1
"Окружная, перекресток Латовка в направлении Ямы - БП",1
Сразу за брсм,1
"Латовка, заправка БРСМ блокпост ТЦК",1
Блок пост Латовка за БРСМ в сторону поселка будьте осторожны!!!!!!!,1
"Окружная, перекресток Латовка в направлении Ямы - блок-пост.Сразу за БРСМ",1
"10.40 Ахтунг! Блок-пост с зелеными тонтон-макутами на окружной, за поворотом на Латовку, возле заправки БРСМ в сторону поселка. Много, проверяют каждого, собрали пробку уже!",1
"Латовка,возле БРСМ в сторону поскота, ТЦК кошмарят",1
Латовка в сторону поселка за брсм очень много,1
Окружная ЛАТОВКА очень много,1
Маршала напротив радужного,1
"На окружной напротив Латовки, возли заправки БРСМ блокпост",1
"Латовка, заправка БРСМ в сторону Поскота блок пост, стоят ухылянты черные и зелёные.",1
"Ленпоселок переезд поехал зелёный додж в сторону 2-х столбов, в нем черти",1
Пацаны поворот на латовку в сторону поселка за брсм заправкой мусора и пиксель,1
Эпицентр 13-10.7км. Тцк на стоянке.,1
"Юго-западный в сторону Таирова,готовят Блок пост",1
Зашторенный Богдан с залепленными номерами паркуется у Хинкальной на Ланжероне. Пока пустой внутри. 14:30,1
Ебейший блок пост на юго-западном возле привата на 15:20,1
Отрада прячемся!,1
"Да не убежит никуда море. Потерпите, пересидите дома, погуляйте во дворе, наконец, успеете ещё у моря надышаться...",1
Белый h1 заехал в радужный,1
"Поселок. Объездная, окко, готовят блок пост.",1
"Окружная дорога, выезд с Посёлка АЗС ОККО блок-пост в сторону Куяльника",1
"Окружная, заправка ОККО, в сторону Куяльника стоит полиция и ТЦК!!!",1
"Юго-Западный возле Пряной Хаты стоит синий бус ситроен джампи, возле одна оливка, сколько внутри неизвестно. Пока просто стоят",1
Пересыпский мост в сторону поселка за остановкой стоят четыре пидора,1
"Маршал Таврия, петухи бандэры, скоро к батьке мрази ！",1
"Окружная, Корсунцы, выезд с посёлка,перед кладбищем стоит экипаж ментов, и дальше на ОККО стоят ещё менты + укронацисты",1
Тцк и менты возле заправки окко объездная дорога,1
Объездная дорога как выезжать с поселка Котовского за кладбищем заправка Блок пост в обе стороны,1
На Староконном перед входом стоит зелёный бус,1
"В районе психбольницы (Слободка) проехал военный Фольксваген таурег с оливками, на европейских номерах и за ним машина ментов",1
"Срочно ‼ Бисквитный переулок,жк апельсин куча пиксельных",1
Окружная. Хаджибей. Менты,1
"Філатова 31-35, бус напротив Пицеріі пакуют",1
На светофоре поворот в порт,1
Порт все входы и выходы,1
Уже уехали дальше кошмарить черемушки,1
"Генерала Петрова 70,во дворе стоят,мусора,белый бус, будьте очень внимательны",1
"Добрый день, Генерала Петрова 70,44 много зелени",1
Заболотногокрымская стоит маслина с леденцом,1
Королёва-левитана,1
"Окружная, Корсунцы, на против кладбища стоит экипаж мусоров. Тормознули машину (в сторону посёлка).",1
"Таврия маршал парковка,белый бус хюндай ВН6633ЕК,останавливают по 1 человеку, выходят 2 в камуфляже и проверяют доки",1
"Ленпосёлок,завод Полимер,",1
белый бус по стоянке Таврии Маршал катается будьте осторожны,1
Объездная возле ОККО в сторону поскота менты,1
"Поехали в сторону Атб, Сильпо",1
"Выезд из Одессы, Авангард. Заправка БРСМ, сразу за переездом, двое с лединцом тормозят в обе стороны.",1
"Новая слободка,, по частному сектору много ментов ездят по улицам! Аккуратнее народ",1
Асташкіна 29(кадор),1
В сторону Маяк пробивают по планшету выборочно.,1
"Одесса порт,в районе ОПХ 2 тцкашных буса,лазят с планшетками,мент с ними,проверяют телефоны у прохожих",1
Ставят Б/П юго-запад в сторону Таирова,1
Книжный рынок ходят двое военных.,1
Книжный рынок.,1
Книжный рынок тут же стоит военный общается с мужиком. Машина в камуфляже с белыми пятнами.,1
Всё стоит на Юго-Западном много зелени и чёрни,1
"Добрый вечер, Генерала Петрова на парковку возле Сильпо подъехал серый т5 с зеленью",1
"На подъеме за куяльником, объездная,стоит полиция ( свет, нюхачи )",1
ТЦ Суворовский возле входа Дастер ментовский. Менты и оливки пьют кофе (2+3),1
"Окружная после подъёма перед Латовкой менты с леденцом, проверка доков",1
"Окружная, выезд с Котовского перед кладбищем менты с леденцом с 7.30",1
Бус ментов и оливка стоят напротив Маршал сити! 8.22,1
"Опять белый хюндай бус,таврия маршал,парковка возле мойки,женщины спорят с этими пидорами,сегодня их уже 3е и в масках",1
"Таврия маршал белый бус хюндай, пакуют",1
"Не доезжая до Пересыпьского моста в сторону города, стоит полиция что-то опечатали. Стоят с мигалками, что-то не понятно.",1
7- Пересыпьская. Стоят,1
Белый H1 парковка Таврия маршал высматривают,1
"Окружная, возле ямы, мусара тормозят в две стороны",1
"Добровольского-Марсельская, магазин Трэш зелёные упыри пасутся.",1
"Синий бус,4797,сейчас по Б.Хмельницкого медленно курсируют,заходят во дворы.",1
Фолькс Т9 на бляхах поехал во дворы Днепропетровская 109,1
"Радужный, на парковке между домами 16 и 12 стоит ментовская патрулька, номера 1623.",1
Т5 9105 стоит на аварийке на проходной в порт,1
"ул. Пионерская киваловская академия. Пробка объезжаем, много пожарных машин.",1
Один зеленый свин стоит у центрального входа сувороского ситицентра. 17:28,1
Добрый вечер. Снова блок пост Водопроводная-Басейна,1
"Район Сильпо, бювет.",1
Таврия - на входе 4 полиция,1
Окружная Шевченко ОККО стоит знак готовят блок,1
Поскот окружная окко бп,1
Генерала Петрова - парковка Сильпо напротив АТБ,1
"На сейчас теплодар,катаются черный с зелёными по дворам",1
Сильпо Генерала Петрова пристали зелёные и синие к мужику на грузовичке!,1
Белый хюндай 3358 заехал на таврию маршал,1
Белый хюндай за маршалом возле мойки,1
Выезд с поселка сторону Куяльника тормозят всех тцк и полиция ‍,1
Юго-западный блокпост,1
Окко заправка окружная блок пост,1
"Тцк и менты возле заправки окко объездная дорога,оч много всех останавливают",1
"Полиция как ехать с поселка напротив эпицентра, останавливают выборочно.",1
Блокпост юго-запад.массив в сторону города,1
Добрый день Таврия маршал Белый хюндай катается высматривают,1
"Ситицентр таирово, центральный вход. Очень много ТЦК",1
"Поскот сити-центр, заехал бусик так называемых ОКОН.",1
Объездная окко ( поселок) еще стоят!!!!,1
Радужный поворот на розенталь - патрульная тормозит машины,1
"Радужный,заехала машины белый бусик тцк и полиция",1
Здравствуйте. Юго-Западный БП в сторону города 11:05,1
Тысяча чертей до сих пор стоят на окко перед спуском к куяльнику,1
Юго-западный до сих пор БП в сторону города на 11:20,1
"Маршал,стоят высматривают мужчин",1
Радар на посёлок БРСМ заправка,1
"15:45 Блок-пост Альтаир-2 (напротив Таврии) из города. Оливки, полиция. Пока не массаво не останавливают машины.",1
7-я пересыпьская пробивают по планшету. За переездом,1
Нефтяников рынок,1
Буквально минут 15 назад после перелета были оливки и мусора напротив Вільямса Епіцентр заправка ОККО возле заправки ОККО перекрыли дорогу не саму дорогу а переулок возле ОККО,1
"Радужный 12 дом, тонированный бус, вояка за рулём",1
Юго-западный разворачивают Блокпост,1
"Юго-западный в сторону города, пока без полиции, только тцк",1
На одном из сьездов на 6-км возле эпицентра - менты выборочно стопают.,1
Ближе к жк Апельсин,1
Блок пост юго-западный,1
"Таврия Маршал белый бус, все тот же",1
Юго-западный масив блок-пост. Останавливают выборочно,1
БП ЮгоЗападныйМассив в центр актуально. 5 говенов и 3 черта в патрульной. 2 полосы закрыли,1
"Генерала Петрова 1.возле приёмке вторсырья,внуки нацистов на бусе хундай серый принимаю вежливо двух парней наставив автоматы им в спину!!! Актуально 10:07",1
"Тойота Хайс оКна, перед 7й пересып после БРСМ принимают",1
Юго-западный ещё стоят в город 10:50,1
Юго-западный мосив в сторону города готовят БП.,1
Таврия маршала стоит мусорская патрулька пока спокойно,1
"Альтаир-2,готовят наверное БП,пока только 5 шт военных…",1
Дорогие Друзья когда пишите СитиЦентр. Уточните какой именно. Заранее Спасибо.,1
"Авария на генерала Петрова, много полиции",1
На Генерала Петрова полиция стоит из-за перестрелки которая была,1
Менты окружная возле авторынка яма,1
Окружная дорога заправка ОККО блок пост,1
Ленпаселок (Ваз) рено кенго катаются туда сюда,1
Ленпаселок (Ваз) белый магазин рено кенго зелебобы стоят,1
Менты выезд с Одессы на Ильичевскую трассу.,1
Окружная дорога Окко напротив выезда с Суворовского военкомата по направлению с посёлка в город стоит Блокпост мусора и военные,1
"Объездная окко со стороны п.Котовского,менты и Тцк, выборочно тормозят",1
По Шклярука катаются уже второй час.,1
2 мента ходят по гражданке на староконном рынке тычат типо удостоверение (пропуск) требуют документы пробивают по телефону будьте бдительны …,1
Не доезжая куяльника на дороге менты и машина тцк остановили и окружили мужика на машине.,1
Юго-Западный в сторону таирова,1
На 17:30 на Юго-Западном чисто во все стороны,1
Бусик Радужный дом 19,1
"Таврия маршал,поворот на кладбище, в кармане за остановкой мусора.Тормозят.",1
Марсельская-сахарова каются полицаи. Не нарушайте!!! Возле зеленый мыс пробивают по пацана 10:30,1
"Успенская-Пушкинская, сейчас опасно. Тцк",1
Стоит серебристый mercedes vito на евробляхах инглезии 14,1
Парковка ситицентр посёлок,1
Эпицентр (7км ) на парковке бус volkswagen с выключенными фарами внутри тип за рулем,1
Юго-Западный собрались все уже,1
"Юго-Западный, стоит блок пост в сторону города",1
"Базовая,напротив эпицентра менты тормозят выборочно на перегар",1
"На Базовой два экипажа полиции. Первый возле Эпицентра, второй при повороте на Взлетку, в кармане.",1
"8:15 Днепродорога-Заболотного три ухилянта и мусор.Будте окуратны,берегите себя.",1
"Радужный, Густо оставили военную машину, пошли по району.",1
Радужный дом в котором густо попали внутрь двора наверное будут ждать под парадными либо по квартирам ходить,1
По Шклярука только что желтый бус выпригивают двое,1
Объездная дорога заправка око менты в сторону поселка,1
Хочу сказать Спасибо за Чат! Киевский режим должен сам уйти в окопы!,1
Радужный возле густо,1
Что сегодня Киевский район плотно обложили...,1
"Окружная, Латовка. Сразу за заправкой БРСМ в сторону Посёлка блок-пост",1
Юго-Западный выставили БП. Полицаи и гицалы,1
"Заправка БРСМ Объездная дорога, возле светофора на Латовку, в сторону Поселка, прям на заправке БРСМ блок пост тцк",1
Доброе утро.Ленпосёлок возле 130 школы полицаи припарковались...,1
"Доброе утро. Латовка, возле заправки БРСМ стоят. ТЦК с милицией. Человек 10",1
"Окружная, Латовка. Сразу за заправкой брсм в сторону посёлка БлокПост.",1
Латовка БРСМ тцк и менты,1
Перед ямой со стороны лимана после светофора возле заправки БРСМ тцк и менты,1
"Юго-Западный в сторону города бп, актуально на 9:24",1
Бизнес центр возле маршала тоже лазят оливки,1
"Доброе утро,на парковке Таврия Маршал три оливки",1
"Возле магазина ТРАШ на Днепропетровской дороге 82, стоят пьют кофе.",1
"Таврия Маршал, 10:35, Оливок много, 15-20 чел и 5-7 по гражданке",1
"По объездной, в сторону Поселка- заправка БРСМ перед Куяльником очень много чертей зелёных. Берегите себя",1
Таврия маршал очень много бусов с людоловоми парковка 10.40,1
Таврия Маршал на парковке возле мойки военкомы,1
С 10 больницы выехал и поехал на юго-западный.,1
Зелений та білий бус тцк виїхали з Теплодара в сторону маякської траси.,1
"Объездная дорога, OKKO за кладбищем готовят БП!!!",1
"Писали что на завтра на рынок 7км будет облова тцк, по возможности взять выходной, или хотя бы меньше ходит и быть аккуратнее",1
METRO в сторону посёлка Котовского уже стоят копы и в темноте зелёные пока не тормозят,1
"Есть информация завтра 7км-рынок,будет тцк,СБУ и мусора",1
"Пр-Шевченка-Шампанский ДТП, пробка",1
Добрый вечер всторону 7км перед мостом эпицентр ставят походу блок пост,1
"Балковская-Мельницкая белый спринтер пакует людей. Актуально на 22:05. Примерно человек 8, пакуют двоих.",1
поворот с латовки на объездную возле брсм в сторону поселка стоят менты. Возможно будет бп,1
"В сторону поселка Котовского возле Латовки заправка БРСМ стоят менты,тормозят выборочно.",1
"Юго-Западный в сторону города БП, гоблины и оборотни",1
Объездная дорога латовка за БРСМ в сторону посёлка стоит экипаж ментов выборочно тормозит машины,1
Копейка/Скайфит,1
Ленпоселок скорая на чёрных номерах поехала в сторону Заставы,1
"Жм Радужный, конечная 145 маршрута, менты проверяют доки.",1
"Генерала Петрова, 28 - во дворах ходят зеленые с рациями.",1
За заправкой брсм,1
Таврия маршал оливки на белом Hyundai начинает наводи суету потихоньку,1
Б Арнаутская- Ст Портофранковспая. БП.,1
"Пересыпский мост, возле тр.остановки полицаи проверяют у прохожих доки",1
"Объездная,Окко,с поселка,готовится БП",1
"Один зелёный начал носить знаки,Готовят БП заправка око объездная с поселка Котовского,берегите себя",1
. Юго-Западный БП в сторону города 11:20,1
Коблево тцк мусора на КПП возле брсм,1
Окружная. Корсунцы ОККО. БлокПост по-прежнему есть.,1
Объездная дорога окко в сторону куяльника тцк и менты,1
Окко окружная тцк с полицией,1
"Объездная как ехать с поселка, заправка ОККО (кладбище) БП мусора и ТЦК",1
Меркурій стоит на парковке зелений бус,1
Объездная ОККО стоят ТЦК,1
Временный блокпост балковская-скоросная,1
"Генерала петрова 23/25, два клоуна в чёрной форме с нашивками, в виде украинского флага",1
Генерала Петрова 68/2 Белый бус с военными,1
"16:52 юго-западный БП, останавливают вяло, на пол шишечки отрабатывают. Мусора и зелень",1
Ленпаселок рынок принималова,1
Копейка окна Стеко Жолио-Кюри Восточко людоловы,1
Блок пост в сторону 25-чапаевской,1
"Хлебодарское, маяцкая трасса стоят ‍в сторону маяк",1
"Маякская трасса, с. Петродолинское со стороны Маяк стоят работники жезла с люстрой.",1
Окружная хаджибейск лиман перед латовкой леденцы в сторон пос,1
"Окружная окко, БП полиция и зеленые, знак стоп",1
"Теплодар, заправка, менты,вояки",1
Окружная возле окко бп,1
"Окружная, выезд с поселка, Окко блокпост",1
Двое зелёных на 1й ст.люстдорф.дороги (между аптекой от склада и Шавермычем).,1
Автостанция Арциз заблокирована,1
"Уже стоит зелень на Юго-Западном. Видимо, ждут полицию",1
Юго-западный в сторону Таирово стоят,1
"Днепропетровская дорога 88 возле магазина САЛО, бусик белый ОкнаДвери возле него оливка, аккуратно",1
Нац гвардия +полиция пересыпьский мост,1
"Белая тонированная газель заехала на дерибасовскую, хз кто в ней и зачем",1
"Подьем после Куяльника перед авторынком яма, стоит полиция ‍",1
Один зелёный на остановке трамвая 7 ст люстдорфа,1
"Пантелеймоновская-Ришельевская возле хлебного ларька стоит желтый автобус ТЦК, а те ублюдки рядом стоят и ловят! Максимально будте аккуратны. Берегите себя!",1
"Объездная, за кладбищем стоит знак "" стоп контроль"", направление в город. Возле никого. Или собираются, или одно из двух",1
Объездная с поселка в сторону ямы на АЗС ОККО готовят блок пост уже напились кофе и вышли кошмарить.,1
"Объездная на против ОККО, стоят мусара и вояки с чупиком",1
Таврия чёрная.,1
"Днепропетровская дорога, бывший Твистер, две оливки и маслина, кошмарят мужика. Актуально сейчас.",1
"Окружная с поселка, за кладбищем, возле ОККО, стоит машина полиции с включенной люстрой, пока просто стоит, будем начеку",1
"Мост Пересыпь,на трамвайной остановке менты шимят парней.",1
"Дорогие одесситы, мы уже не первый год работаем на просторах одесского интернета, а также Староконного рынка и помогаем людям, поэтому для вас мы решили создать телеграм-канал с объявлениями, чтобы можно было разместить новость новость, например:",1
Готовится БП на юго-западном.,1
Юго-западном 15:05 подтверждаю. Человек 20 в железном и менты тормозят авто. Всех и каждого,1
Жк Одесские Традиции,1
Магазин таврия (возле шлагбаума),1
"Березовка, одесская область завтра утром на большой базар лучше не ходите будут облавы тцк западенцы никого жалеть не собираются берегите себя",1
На против Эпицентра патруль останавливает,1
"Юго-западный бус с оливками, возможно будет бп",1
"Становая Таврия В,стоит белый спринтер",1
"Чуть дальше светофора на ""Эпицентр"", ""Таврия"" как ехать в сторону коминтерново стоят мусора работают как ТЦКУНЫ.",1
Юго-западный на 11-40 Б.П. тормозят выборочно.,1
"Ленпоселок общаги со стороны ваза, катается белый бус между горожами в доль линии. Мужик красавчик дал на ноги",1
Собираются тцк на КПП возле брсм с ментами,1
"7 км рынок, по Базовой, сразу за 4 воротами менты на мигалке, тормознули мерс",1
"Добрый день, объездная дорога,азс АВИАС,менты останавливают машины выборочно",1
Объездная дорога возле кладбища пост 10:10,1
Дальше на Шклярука стоит патрульная.,1
Водопроводная-Басейная блок пост,1
2 зелени стоят на повороте Щорса-Туристкая на СТО,1
Болгарская-Мечникова напротив остановки 11 трамвая 3 оливки парня остановили и спринтер рядом на желтых номерах,1
"9ст люстдорфа,машина полиции,возле остановки,за магазинчиком",1
Ильичевск-Данченко магазин Сусиды стоят 4 пидораса и серый бус хюндай 5122 пока пьют кофе,1
При въезде в радужный 8 человек тцк стоят кофе пьют сейчас,1
"Напротив Эпицентра как ехать из Коминтерново. Бус стоит, штурмуют мужика.",1
"Между Беляевкой и Маяками патруль полиции в сторону Маяк стопают,8.36 время",1
"Заопожская Б.Хмельницкого 2ая полоса авария,въехали в тролейбус.ментов нет пока",1
Слободка красная мазда 3 2380 вроде - развозит повестки,1
В 10:40 Франц.б-р.16 ( Сильпо),1
Копейка рядом кондитерка.,1
Генерала Петрова угол Каморова в домах лазят,1
С 16.00 таирова Киевский район облава тцк и СБУ по гражданке.,1
Только что хюндай H1 возле эпицентр 7км возле салютов проверяли документы у парня отпустили поехали в сторону города,1
Юго-западный из города готовят блокпост,1
Молодогвардия эпицентр ставят блокпост,1
Радужный облава 2 буса с ментами,1
Въезд в Радужный стоитБП,1
"В ЖМ Радужный возле фитнес зала Радужный фит на входе стоят 5 человек зеленых, аккуратно",1
"Первый въезд от сундука, радужный, блокпост",1
"Радужный, второй заезд(АТБ) пост.",1
Кафе луг радужный кофейная будка человек 5-7 стоят,1
Радужный аккуратно.возле Густо Маркета. 6 человек,1
"Подтверждаю, въезд на радужный с круга,БП и ещё увидел несколько человек идущих вдоль бетонки возле густо, возможно,во дворы(по парадным)",1
"Радужный, въезд с маршала, две машины полицаев+ оливки прессуют людей",1
"Въезды в радужный, с всех сторон, ТЦК, проверяют, не испытывайте судьбу, поверьте на слово, я там был мало кто выходит от туда. Актуально на сейчас",1
Радужный 7камфуляж и 4 мента стоят у АТБ и всех останавливают 19:00,1
"1 заезд в радужный, все ещё стоят",1
Радужный облавы 20-х домов актуально 19:51,1
"Радужный окружили ОПГ. И от туда и туда сразу куча заказов, начало появляться в такси. Не ведитесь.",1
Радужный во дворе 19 дом два штуки лазят,1
"Многодетный отец попал в тцк, 4 детей, не совершеннолетних!!!",1
"Окружная дорога, выезд с Посёлка АЗС ОККО готовят блок-пост",1
"Привокзальная БП, куча оливок и пару ментов",1
Объездная ОККО как ехать с поскота на яму. Готовят блокпост,1
Окко окружная много гоблинов блок пост,1
Окружная ОККО Корсунцы блокпост.,1
Окко окружная менты и тцк,1
"Поскот, окружная, заправка ОККО БП, НА 8.33",1
Таврия Маршал въезд в город с стороны Ильичёвска,1
Говорят возле новой почты отделение номер 15 облава зелёных.Ленпосёлок будьте внимательны,1
"Объездная дорога. Выезд с поселка,заправка,,ОККО,,. Черные и оливки. Тормозят выборочно.",1
"Доброе утро, посёлок Шевченко,окружная дорога с посёлка, заправка ОККО блокпост и полицаи",1
Окко в сторону Куяльника. Зел и черные,1
"Теплодаровский перекресток,со стороны Беляевки,менты и тцк",1
"Татарбунары копейка начался движ, акуратней",1
"Пересыпьский мост - полиция, докапываеться к докам",1
Маршал сити ( со стороны где в АТБ товар загружают) 4 тела обступили мужика,1
Маршал сити возле детской площадки трое стоят высматривают,1
Таврия маршел много пидоров,1
14:05 с маршалавской Таврии погнался бус тцк за курьером на мопеде,1
"Юго-Западный ДТП левый ряд перед зеброй 4 машины,не Блок пост!!!!",1
"Объездная дорога. Перед кладбищем, как проехать поворот на красноселку, в сторону куяльника. Патруль полиции пока без тцк. 7.50",1
"Окружная, Корсунцы, перед кладбищем мусора стопают машины в сторону Куяльника.",1
На 8:20 актуально окружная менты не доезжая до заправки окко,1
Подъем от куяльника в сторону ямы менты,1
Бисквитный переулок жк Апельсин стоят оливки,1
На подъеме за Куяльником не доезжая ямы менты в обе стороны,1
Добрый день! Юго-западный БП в сторону Таирова. Много укротелепузиков и маслин. В сторону города - чисто.,1
На парковке ТЦ суворовский микроавтобус темно синий на чёрных номерах 16:40,1
ТЕПЛОДАР! Пидорги в режиме внезапности.Парни ограничьтесь от передвижения по городу.,1
"Дратути, теплодар катаются оливки",1
"Внимание РАДУЖНЫЙ! По не проверенной информации,завтра планируется тоже самое с БП,как и вчера. Будьте осторожны!",1
"Доброоо вечера друзья! Рынок Нефтяников…..по ходу збили человека, на пешеходе стоит полицейская машина! Не спешите!хорошего вечера",1
Прилёт одесский порт,1
Черёмушки!!!! Тцк пидоры,1
Тцк возле брсм (Латовка ) в сторону куяльника,1
Тцк возле брсм на Латовке в сторону куяльника,1
"Светофор котовка, возле брсм как ехать в сторону посёлка. Блок пост просточенные проститутки уже много",1
Доброе утро! Катаются упыри на красном мерсе бус на жёлтых номерах район Ватутина Б. Хмельницкого. Берегите себя!,1
"Доброе утро. Новая почта, напротив эпицентра Таирово стоят менты. Будьте внимательны!",1
Выезд с межлиманья Латовка 2 экипажа справляются о состоянии здоровья! И БРСМ Латовка блокПост!!!!!!!,1
Косвкнная-Средняя красный мокро автобус пристают к прохожим,1
Таврия Маршал белый бус круги наматывает на парковке,1
Юго-Западный в сторону центра блок-пост,1
"Шклярука, белый бус hundai",1
"Теплодар, катается белое рено на чёрных номерах!",1
"Вильямса-напротив эпика,менты еще стоят. 10.20",1
Доброе утро! Коминтерново. Базар ТЦК,1
"Если что, то Юго-Западный в сторону города ещё актуально Б/П",1
"Объездная дорога,возле заправки амик припарковался лексус номера i6666i,от туда вышла гиена,рядом с ним стоит митсубиси Паджеро камуфляж,тоже гиены сидят в нем,аккуратно. Время 14:39",1
"Юго-Западный все в сборе, скоро бп будет",1
Возле «водного» магазин копейка 2 долбаёба в форме пристали к молодому парню. Сука идите воюйте выродки! Хватит людей кошмарить на улице. Вас скоро всех сольют и вы гореть будете в аду за свои действия!,1
"Теплодар, возле Сильпо экипаж мусоров стоят",1
"Радужный, второй въезд патруль ка с люстрой",1
Здравствуйте. Только что ул. Генерала Петрова АТБ стоят возле шаурмы,1
Радужный в укрытие!!!!,1
Готовят видимо бп на атб радужный 20:52,1
Бессарабка Ленпас патрулька 6-15,1
Напротив эпицентра возле сокара поворот на базовую 2 экипажа полиции,1
Поселок возле эпицентра облава,1
"Выезд с Одессы за Эпицентром стоят 3 оливки с леденцами,останавливают легковушки, выборочно.",1
"5 совик, таврия менты",1
поскот окружная окко собираются пидоры,1
Также менты стоят за эпицентром как ехать в город (поворот на 7 км от эпицентра),1
Окружная ОККО БП ТЦК и менты 10.00,1
7й км съезд с трассы Базовую (после Эпицентра перед Сокаром) полиция,1
Внимание! радужный - уже шныряют оливки - есть инфа что готовят БП на оба вьезда - будьте МАксимально внимательны!,1
"Окружная с поселка кладбище Шевченко,заправка ОККО.",1
"Слободка, рынок, мусорня поехала к рынку.",1
Блок-пост на Юго-Западном в сторону города. Останавливают машины,1
"Зелёный Вито, который был на заставе катается по староконному рынку",1
Пересыпь. Копейка - менты проверка документов,1
Три зелёных недобитка и один чёрный гуляют по птичьего рынку на Староконном.,1
Облава в Сити-Центре Котовский продолжается,1
"15.10 А.головатого, перед пересыпью, два патруля щимят киа",1
На въезд в паркову Сити-Центр на Котовского бп,1
Черёмушки. Шухер. ТЦК‼,1
Теплодар кольцо шманают,1
Менты возле Эпицентр выезд с города.,1
"уточните, какой из трех эпицентров",1
"P.S. ваши шифры типа ""Эпицентр К"" так же никому не понятны иоиироечиеы избранным",1
Таврия маршал оливки на белом Hyundai катается По парковке,1
"Объездная, поворот на контейнерную площадку 7 км. Там где скоростной участок. Полиция без тцк.",1
Староконка белый бус,1
"Окружная, перед подъемом с Хаджибея в сторону поселка менты с леденцами.",1
На рынок Початок заехал зеленый хюндай с крестом,1
"Пересыпский мост, только водитель в машине",1
"7-я пересипская возле магазин копейка, жёлтый Богдан стоит выжидает",1
Доброе утро. Возле Миратона на Юго-западе по направлению в город уже стоит синий бусик и военные рядом. Будьте аккуратны. Инфа на 6:58,1
Между АЗС Сокар и эпицентром 7км!!! Мусора в обе стороны!!!,1
Серый бус Hyundai H-1 поехал по ул.Данченко актуально на 7:37,1
"Затонского-Добровольско, напротив Таврии, черный фольцваген с приоткрытой дверью, акуратнее.",1
"Как ехать с посёлка,за куяльником стоит фура,а за фурой прячутся",1
Дпс прям сразу на подъёме от куяльника. Нюхачи,1
Теплодар.поворот на беляевку и широкую балку.тцк+ПОЛИЦИЯ,1
Подтверждаю. Стоят на самом подъёме на яму со стороны куяльника. Мусора загоняли фуры.,1
Пересыпская катаются с ментом останавливают,1
"2 зеленых пидораса с папочкой рядом с Сильпо, пошли в сторону моря",1
Туксон разрисованый катается по героев Сталинграда. Номера бляхи,1
"Староконка, осторожно, непонятные типы в форме трутся вокруг",1
Латовка.за светофором БРСМ,1
"Таврия Маршал,двое пятнистых курят у входа",1
"Возле магазин «Ствол» стоит зеленый бус, набитый гомосексуалистами, стоят высматривают. Будьте осторожны.",1
"Какой именно ""СТВОЛ""",1
"Парни, будьте внимательны и осторожны, пересыпь, мост. Стоят разводили, типа уголовный розыск. Разводяд на деньги. Они по граждане,",1
"ЛАТОВКА, БРСМ,объездная",1
Объездная БП будет много ментов и сук,1
"Жёлтый бус Мерседес на Лазарева номера 0824, ТЦК остановили парня",1
На сейчас теплодар на кругу черные и зелень останавливают,1
"Окружная ОККО, выставили БП. 7:45",1
Теплодар на кругу черные и зелень останавливают,1
Тцк возле окко окружная,1
"Окружная, Корсунцы, ОККО. БП. Стоят куриные мужья штук 5, одни, без мусоров.",1
Въезд в город киевская трасса за Брсм укрополицаи с леденцами радар,1
"Объездная дорога, заправка окко возле кладбища, стоят оливки с леденцом, пока без полиции",1
Киевская трасса первый светофор брсм радар,1
Объездная АЗС Окко блок пост Корсунцы,1
Юго-Западный пидорги!!!!!!,1
"Бус Окна стеко марсельская-Добровольского в сторону города, выпрыгивают!",1
"Люстдорфскся дорога, 11 на заправке Сокар 3 зеленых пьют кофе..",1
"ТЕПЛОДАР, серый фольксваген с ментами, проехали возле лукошко. Пытались запаковать мужика",1
Юго-Западный. 10-20,1
"Теплодар, кошмарят менты и серый фольксваген.",1
Уже 5й день подряд по гражданке шманают пересыпь с утра до ночи стоят. Конечная трамваев,1
"7-ая пересыпская возле копейки две девушки по гражданке в чёрном, одна полицейская видно тормозят мужчин",1
"Юго-Западный, в направлении Таирова",1
"15:50 окружная менты стоят, за поворотом на Корсунцы",1
Темный бус катает во дворах возле формы 7.5 люстдорф.дор.,1
"Ивана и Юрия Липы / Генерала Петрова люди в чёрном, осторожно!",1
"Пересыпь, ходят 2 курицы и один маленький петух,показывают ксиву,а потом ведут в райотдел",1
6.59 на рынок Початок заехал бусик с пикселями.,1
Блок пост эпицентр напротив окко таирово,1
Маршал на повороте и напротив кладбища бп,1
СТ0 маршал на остановке менты,1
"М Арнаутская Чёрное море стоянка зелёный джип Игра в кальмара ""Треугольник"" на борту. где-то уже рыщут людоловы",1
Бурлачая балка напротив заправки брсм полиция,1
Гоголя-Некрасова -толпа,1
"Копейка добровольно 130, знаменитый стеко заехали во дворы в сторону сканди",1
"За переездом, ближе к заправке БРСМ, в сторону Ильичёвска полицаи. Выборочно останавливают если видят за рулём мужчину.",1
Бус Окна Стеко стоит на против Розетки. Днепропетровская дорога.,1
Аккуратно возле магазина ТРАШ на Днепропетровской дороге 82 собираются возле наливайки,1
"Жолио-Кюри 60, во дворе возле магазина, какие-то вояки пьют кофе",1
Радужный 2. Полиция. Со стороны поля,1
Александровка-Ильичевск,1
Объездная ОККО ( кладбище) БП.,1
Поскот окружная окко пб.,1
Поселок Котовского окружная заправка окко б/п,1
БлокПост окружная ОККО Корсунцы.,1
Тцк и менты возле окко объездная,1
Ленпоселок (Фесенко 11)два черта.,1
"Возле староконного рынка в переулке у ровд импортная скороя на одесских номерах на аварийке подьезжает и стоит возле бордюра небольшое время,с переди два урода по граждане (явно не врачи)и это уже не первый раз,думайте!",1
"Объездная дорога с посёлка, всё ещё стоят",1
"Рынок Початок. На въезде стояли парня тормошили забрали, а другие на маленьком белом бусе поехали в рынок. Видел катались по рынку медленно, наверное высматривают кого то. Или ищут, но лучше будьте аккуратны и внимательны, а то они как гиены.",1
"По объездной возле куяльника, стоит скорая на черных номерах и дохрена военных",1
Доброслав.Автостанция Пятнистый L 200.,1
"Добрый вечер,Бочарова-Северный рынок ходят 5 поцов зелёных,докапываются до прохожих, только что хотели забрать пацана(11лет, рост 180 см)",1
Зелёный бус ухилянтов Сталкер2 заехал на жм Радужный!!!,1
Окружная дорога возле Куяльника блок-пост в обе стороны,1
"Таврия маршал,белый хюндай ездит,зацепили парня...",1
Добровольского-Молодая Гвардия заправка Shell стая упырей зелёных. Ставят подряд всех. Берегите себя!!!,1
Объездная дорога район Куяльника в сторону поселка перед подьемом к око готовится блок пост,1
"На Куяльнике в сторону Посёлка готовят блокпост, Тцк + мусора",1
Окружная в обе стороны блок-пост за Шевченко,1
Блок пост окружная дорога выезд с посёлка по среди лимана стоят в обе стороны. 8.50,1
Объездная дорога на куяльнике километр от заправки окко БП в 2 стороны,1
"Объездная дорога продолжительность 20км, пишите конкретно!!!",1
Объездная дорога напротив Куяльника блокпост,1
Латовка по объездной. Заправка Брсм в сторону поселка гиены,1
Старая дача новый магазин две машины полиция и один бутик зелёный с тонированными окнами,1
Готовят БП юго-западный в сторону таирова (15:21),1
Полицейский бус заехал в Радужный,1
"Пересыпьский мост, ОККО, 2 приуса",1
7км ёлочки выгрузились 5 оливок зашли в базар будьте аккуратны,1
"Блок пост теплодар,перекрёсток как обычно пидоры стоят...",1
"Уточните, какой перекресток в Теплодаре???",1
"На въезде в город,где старое КП,в сторону Паустовского-на КП-БП с ТЦК...",1
Возле Эпицентра (7 км) ДТП в 2 ряда - не БП,1
"В районе сахарного завода, Пересыпский мост",1
"Агрономичесская-Хуторская, мусорьё на приусе остановились на остановке, проверяют мужиков",1
"Выезд из посёлка окружная заправка ОККО, полиция много фур и остановили две гражданские",1
"Окружная, заправка ОККО. Полиция останавливает выборочно",1
Пастера-начало подьем и сразу стоят пост,1
"Окружная с посёлка Котовского, под забором кладбища полиция. Ловят на свет",1
"Дерибас аккуратно, гиены пасутся. 12:15",1
По поводу дерибаса - гиен. Походу не тцк. Там люди бастуют или митинг и нагнали ментов с вояками может нацики.,1
Не знаю что происходит. Но только что на дерибасовскую помчалась машина нац гвардии с сереной мигалками,1
"Слободка, не первый раз вижу как гестапо с люстрой пристают к мужикам( пешеходам ) с проверкой документов. Берегите себя",1
"Окружная выезд с Поселка, Корсунцы заправка ОККО блок-пост",1
В направлении Ильичёвска возле заправки сразу при выезде полиция нюхачи ищут на алкоголь заряженные трубки,1
"ОККО объездная с Посёлка,блок пост",1
Окружная Корсунцы ОККО. Ставят БлокПост.,1
Окко - в сторону Куяльника готовят блокпост,1
"Окружная ОККО БП в город, останавливают",1
"Черёмушки заехало 2 буса выгружается возле парка, будут расползаться по сторонам",1
Радужный 1 2 парадная добрая бабулька запустила в парадную нечесть пошли за кем то или по всем квартирам,1
Радужный 19 и 15 много пидоров только что жена шла говорит много стоит между этими домами,1
В районе одесского порта (Пересыпьский мост) катается ниссан микроавтобус синий на евро намерах тцк и один полицейский провеяли документы у мужика,1
Полиция сразу за новым кругом(переезд после станции) в сторону Ильичёвска,1
Радужный Ева стоят беседуют с охранником,1
Окружная ОККО с поселка блокпост.,1
"Дтп на подъёме моста,в сторону города,эпицентр,7 км, небольшая пробка!.",1
"Поскот, окружная, заправка ОККО - Блокпост, актуально 10.35.",1
Радужный первые дома до сих пор шастают,1
"БП Юго-Западный в сторону города,стоят оливки и менты,останавливают выборочно.Актуально на 11:10.Берегите себя!",1
Дома аэропорта-полиция и тцкашники (синий бус) ходят по городку. Будьте осторожны,1
"Шевченко,13 в сторону Политеха- стоит джип боевиков оккупационного режима с надписью ""Скоро нас забудут..."" и маркировкой террористов -треугольник.",1
"Хмельницкого,авария,,маслин пока нет,пробки,нет",1
Дорога от МегаДома (Космос),1
"Радужный 1 лазят пидоры, будьте осторожны.",1
Природные камки в сторону эпицентра полиция останавливает легковые. Без мигалок стоят,1
Upd: БРСМ в сторону города на Киевской трасе ловят на радар,1
"Три гиены стоят курят и несколько ещё сидит в автобусе, между Сильпо и рынком.",1
"‼по поводу Ильичёвска,город перекрыт со всех возможных сторон.",1
"чу чуть не доезжая Юго-западный, в синем бусике сидят зелёные, блок поста ещё нет.",1
Ж.м. Радужный катается джип с военными,1
Юго-западный в сторону города ставят,1
"С Ильичёвска не выехать, всё перекрыто, не пытайтесь да же.",1
"Заболотнго32 два мусора,три тцк,шмон по дворах",1
"За Черноморкой на 13 станции возле зоомагазина стоят трое полицейских с жезлами, тормозят",1
Радужный.бывший Густо. 2 зеленых,1
"За ямой кафе усадба авария,в обе сторонв тянучка с куяльника пробка.ментв есть",1
Выезд из Ильичёвска в сторону Овидиополя блок пост,1
Сильпо дорога к 86 школе.,1
"Пересыпьский мост,возле обменника по гражданке прессуют мужика,он с документами,ему говорят что ухилянт",1
При въезде в Радужный стоит чёрный бусик с военными,1
"Теплодар,оливки с ментозаврами",1
"Водопроводная-Бассейный переулок.В обе стороны,тормозят машины",1
Дорога от Пересыпьского моста перед конечной 28трамвая много тцк+менты.шмон машин,1
С 25 поворачиваете на гайдара-стоят двое с леденцом,1
"Менты на выезде с маяк, в сторону Одессы",1
"На сейчас в Теплодаре катаются по дворам спереди черный а за ним зелёные на сером транзите,будьте аккуратны",1
Иличевский порт только что остановили 25 типа военные и шакалы продажные в 9:00,1
"Теплодар, тцк базар",1
Город Теплодар ТЦК два буса,1
"Таврия Маршал. Бус, принимают.",1
Копейка возле китайского дтп 3 зелёных стоят,1
"Сити-центр ""Котовский"" патрулька.За рулём губатая ""сосулька"" всё время на телефоне и корректирует ""заднеприводных"".Приналичии жертвы идёт сразу отзвон и появляются ""заднеприводные""",1
Теплодар ТЦК бусик заехал в город.,1
"Генерала Петрова 55,белый спринтер с вояками зиркуют по сторонам",1
"Окружная с поселка Котовского заправка око Готовят БП,берегите себя",1
Объездная заправка ОКО БП,1
Окружная окко заправка блок пост,1
Петровского(фесенко)13 возе магазина зелёный бус с надписью амбуланс. Зелёные фашисты. Видел двоих.,1
"Доброе, Генерала Петрова 44 возле аптеки во дворах много зелени и 2 авто полиции,обережно",1
Окко окружная БП тцк,1
Таврия маршал стоит полиция,1
"На объездной, заправка ОККО, БП и ТЦК в сторону Куяльника",1
Седьма пересыпь на остановке штормят мужиков. Черный бусик евробляха. Актуально 8.25,1
Город Теплодар ТЦК два буса во дворах,1
Выезд с поселка сторону куяльника око заправка,1
Филатова-Космонавтов гуляет пока один с папкой,1
Юго-Западный работает пост в город!!!,1
Объездная поселка OKKO БП,1
"Доброе утречко,хочу предупредить что на выезде с Ильичёвска через ИВТ ближе к заправке стоят менты и тормозят машины",1
Теплодар.ТЦК.загрузили пацана.,1
Жёлтый тонированный фольц повернул м Приображенской на ул. Привозная,1
🆘ген Петрова 45(47),1
"По сообщение Окружная Шевченко, можно уточнить где именно, можно на карте указать, берегите себя, спасибо",1
Перед въездом поселок со стороны куяльника стоят очень много),1
"Шклярука, главный вход в ЖД больницу, мусора, кого то стопнули. Ухиляймося дружньо!!!",1
Гниль стоит возле куяльника по направлению в город. Около 10чел + три оборотня.,1
Только что в Теплодар заехал бус ТЦК,1
Радужный въезд 2 возле АТБ заехал коричневый Hyundai H1 на военных номерах в сторону 19 дома... внутри 3-5 маслин.,1
возле юр академии кивалова блокпост стоят много зеленых с леденцами,1
"Теплодар заехали гости,тцк форд транзит серебристый и мусора!!! Берегите себя",1
За куяльником БП. Останавливают машины.,1
Окружная большой блок пост,1
Степова 12. Полиция с леденцами. 10:00. Спасибо человеку на транспортере который фарами предупредил,1
"На выезде по Киевской трассе, напротив БРСМ менты с леденцом",1
Блок пост окружная после заправки ОККО в низу возле лимана 11-00,1
Радужный въезд со стороны АТБ только что заехал белый Хайс и коричневый Дастер в обеих машинах пиксели...смотрели по сторонам... похоже что то намечается!,1
"Ленпаселок переезд, рено белое в ней мудило.",1
"Теплодар, магазин Лукошко, много ментов и военных",1
Таврии маршала полиция что-то проверяет на углу,1
Киевская трасса за брсм в сторону города патруль ловит на скорость,1
По Генерала Петрова катается белый бус с ТЦК,1
Таврия со стороны Вильянса. Полицейский бус оливок не видно,1
"Окружная дорога, Латовка, БРСМ блок-пост в сторону Посёлка",1
Полиция стоит возле Сокара 7 км(Эпицентр),1
"Доброе всем! Юго-западный, стоят зелень тухлая и мусар тормозят каждую машину! Берегите себя",1
"Объездная дорога, поворот на Корсунцы, а также возле кладбища - менты тормозят машины, без ТЦК. 08:45",1
"Доброе утро. Латовка, заправка брсм бп",1
"Таирово, напротив эпицентра- мусора с леденцами!",1
"Окружная дорога, Латовка, БРСМ блок пост",1
Выезд с Одессы на Ильичевскую трассу стоят с леденцами.,1
"Проезжал мимо шестого км, стоят прямо за брсм заправкой и на противоположной стороне в пешеходной зоне тоже ловят людей",1
"Слободка, неизвестно что в нем и кто, катается черный фольц т 4 наглухо тонированный на польских номерах",1
Брсм как ехать на Поскот Латовка стоят тцк,1
Окружная перекресток Латовка возле БРСМ блок в сторону поселка 10.35.,1
На сокаре возле эпицентра полиция,1
"Латовка, заправка Брсм, на светофоре стоит блок пост с Тцк",1
"Пересыпьский мост, на против трамвайной диспетчерской проверка документов. 4 мента",1
"Староконка, прямо сейчас. Штуки 4 зелёных ходят. С кофе. Но нехорошие предчувствия.",1
Белый Н1 полетел со стороны 25й на сити Таирово. Не успевают грузить видимо.,1
Генерала Петрова 28 во дворе зеленые,1
Вторая неделя. Маслины не местные рысачат везде,1
7 Пересыпь на базарчике (за переездом),1
"Эпицентр, Таирово:Леденцы кошмарят мужика",1
Утесова-Большая Арнаутская БП,1
"Юго-Западный, на трамвайной остановке мусора окружили мужика",1
Менты рынок початок стопают всех подряд,1
"11:20 Пересыпский мост, у инфекционной больницы блокпост во всех направлениях, 30 оливок+ полиция, кто едет с поселка Котовского - обьезжайте!!!",1
"23.27 7-я пересыпская,на остановке из города.Рено кліо на аварийке будьте внимательны",1
Водопроводная-Басейная поворот на 34 Жемчужину разворачивают блок пост!!!!! Аккуратно!!!!,1
"7км, между эпицентром и сокаром,поворот на Базовую  стоят менты. Тормозят всех в обе стороны!",1
"Объездная дорога, поворот на нерубайское, нюхачи",1
"Доброе утро, где конкретно на Куяльнике бп,не совсем понятно. спасибо",1
Ленпаселок в сторону двух полетела скорая на чёрных номерах и за ней зелёная хрень.,1
"На Генерала Петрова стоит белый бусик, вольксваген, возле маленького ларька, кофе пьют, представляются Киевским ТЦК, повезло, что студент, будьте бдительны",1
"Днепропетровская 108, возле магазинчика. золотиская реношка и бусик. стоят возле машин. штук 5-6, оливки и полицаи.",1
радужный сундук - десантировались 6 ТЦК с синего буса - бус уехал - они пошли внутрь радужного,1
Море палюции,1
Черемушки и Таирова. Очень много патрулек. Доебываются до «нищих»,1
Эпицентр Таирово БП,1
Радужный куча тцк! Будьте осторожны,1
Грушевского-Парковая перекрыли дорогу душегубы. Пробка огромная!,1
"Доброе утро. Стоянка эпицентр 7 км. Заехал зелёный грузовик, весь в крестах и вилах. Цель неизвестна, но будьте осторожны",1
Менты с леденцом напротив эпицентра за поселком в сторону Николаева,1
Юр.академия блокпост в сторону города,1
"Генерала Петрова. Вход в Одесский Каравай. Один пиксель, один гражданский. Время 10.05.",1
По объездной в сторону ильичёвска в две стороны стоят,1
"Генерала Петрова Сильпо подъехал спринтер белый,трое вышли курить,2 по форме,оди по гражданке,",1
"Таирово. Заправка,,амик,, параллельно,, эпицентру. Готовят блок пост. Много и черных и зеленых.",1
Марсельская- район 12 школы золотое рено.,1
"Тойота Хайс серого цвета на чёрных номерах,новая почта 15 отделение,Ленпоселок шухер на 11.45",1
"Радужный очень опасно, ходят по квартирам, тцк с ментами!",1
"Двое по гражданке пересыпь копейка, обмен валют",1
"Радужный круг возле 7 дома, там конфликт собак и пешеходов, пешеходу женщине не понравилось, что на нее собака гавкнула и она напала на собаку и хозяйку, потому полиция стоит",1
"Эпицентр Посёлок кот на 18:38 полиция и нацгвардия зашли внутрь, двери закрывают",1
"Копейка под пересисским мостом, 5 человек ( черных) проверяют по планшету. Берегите себя",1
"Черти по гражданке стоят в магазине копейка и высматривают каждого мужчину,взглядом оценивают",1
"Ленпоселок, остановка ВАЗ 2 патрульные машины",1
На Куяльнике б.п.,1
Готовится блокпост напротив Куяльника,1
Объездная камыши ставят БП,1
Середина Куяльника ( озера) б/ п.,1
"Подскажите пожалуйста, объездная камыши блок пост,это в Нерубайске? Я правильно понимаю?",1
тцк возле эпицентра таирово катаются одного уже забрали,1
Блок пост лиман Шевченко окружная,1
По Данченко а сторону военок,1
Объездная с поселка очень опасно в две стороны! Берегите себя!,1
Окружная много в обе стороны менты и зелень,1
Въезд с киевской за заправкой Брсм гомосятня с жезлом радарит.,1
"Окружная, Латовка, заправка Авиас. Стоит экипаж мусоров, останавливают машины в сторону НАТИ.",1
Из-за БП на камышах Куяльника пробка с поселка с самого выезда. Це п*зда просто.,1
"Пробка у Куяльника, блок-пост",1
Слободка базар ходят в гражданской проверяют доки сзч или не в розшуку,1
Тцк и менты полностью перекрыли дорогу (объездная )напротив куяльника,1
Киевское шоссе въезд в Одессу на БРСМ заправке мусора с феном,1
"Стоит толпа ТЦК пьют кофе,на Шклярука, рядом стоит автобус Ford.",1
Объездная дорога. Со стороны поскота ниже ОККО БП. Тормозят всех подряд,1
"Тцк Ствол Таирова(радужный), тормозят всех подряд 10:25",1
Рынок Анжелика 3 оливки в черном Форд транзит катаются по заднему ряду,1
"Киевская трасса в сторону города, за заправкой БРСМ спрятались гиены с радаром",1
Стоит бус с тцк на парковке Сильпо. Генерала Петрова 51,1
Окружная поворот на Латовку,1
у БРСМ блок-пост.,1
Латовка БРСМ будут готовить Блок Пост!!!!,1
7км брсм мусора,1
"Доброе утро,латовка для тех кто не знает где это то возле ямы,заправка брсм готовят БП,их очень много",1
"Доброе утро!Блокпост ул.Водопроводная-Бассейный переулок,в обе стороны.Мрази тормозят всех и маршрутки и машины.Берегите себя!",1
Латовка БРСМ в сторону поселка б/п. Человек 10.,1
"Окружная поворот на Латовку, Корсунцы (пос Шевченко) блок-пост",1
Латовка брсм в сторону поселка и отдельно шайка с знаком пошла за перекресток по напралению лимана по идее встанут,1
Доброе утро. ЛАТОВКА Азс БРСМ,1
Окружная. Латовка БРСМ. БП в сторону посёлка.,1
Тцк и менты на латовке напротив кладбища (котовка обьездная ) и брсм (Латовка),1
Окружная поворот на Латовку у БРСМ блок-пост.,1
Юго-Западный в сторону первой станции блокпост,1
"Теплодар заехили гости, серебристый форд транзит с тцк и мусора!",1
"Таврия Аэтопортовский. Стоит серый бус у входа. Один пиксель возле машины, другой в машине за рулём.",1
"Еще одно относительно новое место для полиции! Раньше стояли на мосту перед БРСМ въезд в город по Ленинградскому шоссе, с Киевской трассы, теперь спустились дальше, за БРСМ,возле DAF стоят! Теперь два радара, контроль скорости, в сторону городу на сейчас:",1
Юго-Западный Б/П и оливки и чёрные стоят.,1
Скорая жёлтого цвета заезжает на Ленпоселок,1
"Два пидора пьют кофе возле Сильпо на Г. Петрова 51, тип в балаклаве и свастикой на спине вооружен",1
19:50 через Ланжероновскую по Екатерине пошли,1
"Мойка,копейка менты и тцк",1
Заезд на радужный 2 патрульки Тормозят,1
"Между остановками радужный и по требованию, как ехать в сторону города, оливки и менты",1
"Сергея Янова 12, Таврия, приехали менти тцк с бусом, часть осталась, часть ушла пешим ходом в сторону больницы, бус ухала за ними",1
От Пересыпьского моста как на Посёлок ехать возле пюре Тцк и полиция тормозят машины ‼,1
"На Юго-западном в сторону центра синий Ситроен, пока ждут мусоров",1
Блок пост как ехать в город остановка радужный,1
"Старобазарный, красный спринтер, пакуют парня, берегите себя.",1
"Ствол, блок пост актуальный, останавливают не всех, выборочно!",1
Выезд с посёлка котовского в сторону куяльника возле кладбища полицаи с леденцами.,1
"Окружная, кладбище, не доезжая до ОККО полиция 2 человека, тормозят выборочно. Актуально на 9.45",1
БП ТЦК напротив Радужного Ствол,1
Юго-запад в сторону города останавливают Будьте аккуратны,1
"На Юго-Западном актуально, с ними рядом синий Ситроен. В сторону города",1
Блокпост! Между черной Таврией Маршал и Эпицентром! 11:20,1
черный бус на польских номерах уже стоит на жолио-кюри возле стоянки 32,1
Угол Варенской/ генерала Петрова - тцк,1
В сторону Генерала Петрова,1
На генерала петрова возле атб и сильпо стоять тцк,1
17:50 пересыпский мост в сторону поселка,1
Теплодар 10 мин.назад возле полиции несколько человек в военной форме. Будьте осторожны,1
"Минут 10-15 назад на Генерала Петрова между Сильпо и АТБ забрали 2 парней,сейчас темно,и дождь моросит их не видно",1
Био парк ленпас Менты с гиенами ездят по дороге и залетают на остановки Загребают всех подряд Лучше сейчас не идти на остановки Лучше вызовите себе такси,1
На улице Данченко на против бывшего ГлавМяса или питы (кто как помнит),1
"Факта отлова видно небыло, походу волонтёры(или чето подобное), проживающие по адресу Степная 2. Около года назад на этом-же месте принимали пацанов. Будьте аккуратны.",1
За заправкой брсм блок пост в две стороны 7 км!!!!!!много очень ТЦК,1
Нати новая почта полиция,1
"За переездом 7-я пересыпская стоят зелёные 6 человек. Пока стоят общаться, что планируется неизвестно. Будьте осторожны.",1
На подъёме Куяльника как ехать с посёлка на Яму стоят нюхачи,1
Сто Маршал полиция в обе стороны,1
Заправка Вог Пересыпь ( Маринеско ) менты стоят с люстрой,1
За поворотом на Старолюстдорфскую ( за переездом) по Ильичёвский трассе в сторону Одессы тормозят нюхачи,1
Здравствуйте черный бусик с тук поехали в сторону Паустовского номер бусика 9580,1
"7-я пересыпская, возле Аврора- Пряник, два мента пробивают по планшету, сейчас",1
Пересыпский мост копейка только припарковались,1
"Дельфинарий, скорая помощь с оливами",1
"Пересыпский мост копейка, аврора",1
"7-я пересыпская мусора пробивают по планшету,возле пряника!местные поймут",1
"7-я пересыпская мусора пробивают по планшету,возле пряника, магазин ЕВА, аврора",1
"Будьте внимательны: пересыпский мост, возле ВАЦАКА две полицейские машины высматривают",1
Ребята информацию в таком виде можно не писать. Ни о чем. Житель Таирова или Паскота проезжая такие локации в душе не чает где Копейка а где наливайка.....,1
Генерала Петрова 48 а во дворе машина зелёных гоблинов но вроде бы ни кого нет но будьте осторожны возможно со стороны пасут,1
По Ланжерону катается зеленый спринтер пидоры внутри,1
Таврія маршал менты,1
Ствол стоят все,1
Ствол пока только менты…. Но судя по всему ожидают «корешей» и уже всех угощают леденцами,1
К посту выше на остановке ствол НЕ только полиция,1
Сильпо. генерала Петрова. Бал маскарад. Двое в балаклавах на выходе из магазина. 11.40.,1
"Генерала Петрова 28-30 черные ломаться в парадные,не открывайте",1
Китайский рынок за заправкай стоят три полицая тормозят выборочна,1
Ахтунг!!! Радужный очень много. Все входы и выходы. По гражданке тоже есть.,1
"За окко, напротив эпицентра стоит полиция, без тцк",1
Пересыский переулок новая Слободка приехали по адресу,1
"Менты в сторону 7 км,ост.эпицентр шуршат в чужой машине",1
Курортный пер на парковке патрулька оливки останавливают сразу за поворотом с пионерской будьте аккуратны,1
Возле Юр академии ТЦК,1
"Авдеева-Черноморского, прям на лежачем полицейском стоит бусик и 4 оливки",1
Жолио-кюри 17конечная 250 стоит машина полиции чертей не видно но этих Ган..нов тоже опасаться надо,1
"Черноморнка. Актуально на 9:30. Ездят тцк по району на гражданских авто. Бал замечен бус хюндай серебристого цвета и какая-то белая иномарка. Скорее всего их больше. Останавливаются, выскакивают на прохожих мужчин и тянут в авто! Не ходите по одному. Передвигайтесь компаниями по 3 и более людей и с чем-то для защиты )))",1
Ільфа і Петрова 55 с лєденцом,1
Шмидта-Малая Арнаутскаая(Воровского)очень сильный шмон!,1
"Бус Тайота Хайс,с крестом на капоте,100%,тцк,со стороны Куяльника,поехали в сторону Посёлка",1
Таврия возле стоит 3 буса,1
"Полиция штурмует парня Пересыпский мост, остановка как ехать в город",1
Белый спринтер медленно по Пионерской напротив Юракадемии. Только что!,1
"Пересыпьский мост.Маркет,Копейка,, при входе проверка документов...Трое в гражданском.",1
"Акварель 2,во дворе 2 зелёных стоят и возле маршал сити ещё 3",1
"Доброе утро, пачка зелёных ток что выгрузилась на маловского-балковская",1
"Объездная, ОККО, мусора без этих, в сторону города. На кладбище встал второй экипаж, возможно будут ждать этих.",1
поскот окружная на окко менты,1
Всем шалом.Окружная ‍‍возле кладбища на Шевченко и возле ОККО,1
10 линия возле стоматологии два в военной форме и один с папкой.,1
И рабочим и владельцам. Полиция ходит по предприятиям и собирает какие-то данные слободка.,1
Блокпост в обе стороны.Вмльямса между Декор Хаусом и Эпицентром. До 10 говенов с АК и пяток чертей на патрцльках,1
Пересыпский мост возле конечной трамваев менты и оливки проверяют парней. Их бус белый спринтер стоит возле копейки. Берегите себя,1
Амик возле Эпицентра Таирово БП 9.45,1
"Ядова-Нефтяников медленно катаеться синий спринтер,возможно черти в машине…",1
Объездная с посёлка. На ОККО стоит дофига. Все знаменитые машины с поскота. Пока пьют кофе,1
ОККО объездная в две стороны СТОП.,1
Объездная ОККО пос Шевченко БП в обе стороны. Без полиции пока,1
7-ая пересыпская возле копейки стоят полицаи с ТЦК тормозят мужиков проверяют документы,1
Объездная с посёлка ОККО будьте внимательны,1
Окружная на Поскот БП ОККО в 2 стороны,1
"Теплодар, заехало три машины ТЦК",1
"7-я пересыпская, во дворах патрулька с люстрой стоит",1
Объездная.всё стоит,1
"По поводу Новой почты, только забираю на отделениях так как возле почтоматов (Черемушки) всегда пасут зеленые, только подходишь к ячейке сразу пакуют",1
"Слободка, сегодня облавы кругом!!!",1
Слободка Базарчик БП,1
"Улица агрономическая-воробьева (3 хлебзавод) стоит толпа оливок, возможно будет блокпост",1
"Новая слободка, на пересечении к пьяной дороге, возле заправки, человек 10 и 3 буса",1
Окружная перед ОККО нюхачи,1
"Объездная кладбище, 2 патруля в обе стороны пробивают по планшету",1
Слободка! Ну просто сидите дома! Ни одна работа того не стоит!,1
поскот окружная менты возле поворота на красноселку,1
"Слободка, просто куча зелени, чуть ниже рынка.",1
"Б. Хмельницкого катается черный Митсубиси пикап, в машине 3 оливки",1
"Слободка, берегите себя!",1
Королева-Клюшка. Блокпост на 09:15,1
И через метров 600 от SHELL в сторону Куяльника тоже без маячков,1
"Слободка,мусарня напротив базарчика стояли 2е,один херой и один по гражданке,актуально 9.35",1
Знакомый так же предупредил что пару дней Слободка окуратно!!,1
Вся слободка очень акуратно... погуляете в другой день..,1
"БП,Слободка ул Декабристов",1
в. Теплодаре. Тцк всех. Поряд пакуют,1
Пересыпьский мост.пешком менты проверка документов,1
"В течении 20 мин последних катался Слободка/Молдованка ….очень много потрулей катается, будте внимательными, не нарушайте!",1
Напротив Таврии Маршал,1
Окружная как ехать на красноселку в косунцах ниже мойки менты,1
Объездная. Авангард. ДТП на первой полосе,1
"По советской армии в сторону деребасовской,поехал жёлтый Богдан,с табличкой 7 км-метро,полный тцк,за ними скорая без огоньков.",1
Выезд с Одессы на Ильичевскую трасу Заправка vst стоят полицейские!,1
Рынок аккуратно.,1
"Ленинградское шоссе, с Киевской трассы в город, за БРСМ, DAF центр, контроль скорости",1
"Таирово эпицентр докопались до мужика, окуратней",1
"На 11:30 Пересыпь у моста трое у входа в Копейку проверяют документы. По гражданке. Один полицейский, два ТЦК.",1
Пересыпьский мост. ТЦК встречают трамваи с поселка на конечной около диспетчерской,1
"Канатная-Куликовое поле блокпост будьте Аккуратны,демоны рядом.",1
"На 13:50 пересыпский мост. Двое человек в гражданке (опер группа), тусуется возле копейки и обмен валют.",1
"На 13:50 пересыпский мост. Двое человек в гражданке (опер группа), тусуется возле копейки и обмен валют.проверяют документы.",1
Теплодар стоит патрулька на кругу,1
Пересыпский мост. Копейка. 2 Оливки. Проверка документов,1
"Второй заезд в Радужный,мусора доебались",1
За кладбищем на пос.шевченко в сторону куяльника стоят мусара без маячков,1
Радужный стоят пьют кофе,1
"Блокпост на Куяльнике за окко, если ехать с посёлка",1
Везд в город с киевской трассы! За АЗС брсм радар!!!,1
"Кошмарами пацана, на Данченко и уехали, возле аптеки при въезде в город",1
Петухи так и стоят на куяльнике по объездной возле камышей.,1
Беляевка дорога на теплодар,1
"Доброго дня всем. По поводу Ильечевска, работал Киевский ТЦК. Уже снялись, поехали на область. С понедельника будут опять штормить. Будьте вниманиелтными. Используют гражданские машины разных марок. До понедельника можно выдохнуть",1
Новая Слободка и кривая балка осторожно ходят людоловы,1
В Теплодаре демоны тцк дастер белый WW серый хендай белый,1
Пересыпский мост на против трамвайной диспетчерской 3 в гражданском проверяют документы,1
"Теплодар Срочно!, бусификация снимают с обочины, приняли парня возле Точки, ездят два буса и джип Рено",1
"Пересыпский мост в сторону поселка, возле «Аптека от склада» белый пирожок на черных номерах, один в машине, один возле, и третий проверял документы у парня",1
"Решельевская-Пантелеймоновская возле хлебной будки стоит белый бус на желтых номерах, возле него пи…ры! Будьте аккуратны! Берегите себя!",1
"Поправка про пидоров. Повернули на Ватутина, сейчас пойдут по Б. Хмельницкого. Два неспешных урода в чёрной форме",1
"Око на 25-й срочно, блок пост",1
Радужный внимательно возле кофе луг стоит бус внутри сидят. 20:23,1
Радужный 1 во дворе бус с людьми!!!,1
Верхняя парковка Сильпо,1
"БРСМ,латовка, объездная мусора в сторону поскота",1
"Латовка, заправка брсм. Только полиция",1
Катаются по кадорам Таирова ( архитекторская- маршала),1
Доброе утро Генерала Петрова 17/3 через дорогу кучка полиции пьют кофе,1
"Жолио-Кюри 60, 62, 64 Ниссан Ванетто чёрный поехал во дворы!!!",1
Как ехать по киевской трассе в город сразу за БРСМ заправку стоит с феном патруль,1
Ильичевск-Молодежное стоят менти в сторону Санжейки,1
Пересыпь проверка документов,1
Слободка пл. Молодежи белый пикап на чёрных номерах побежал в сторону интерната.,1
"Шклярука,серый бус хюндай пидоры плюс мусора.",1
"Шклярука, серый бус хюндай",1
На шклярука катается серый бус,1
"БРСМ на въезде Киевская трасса, много маслин",1
ИльичевскАТБ парусна прям на входе в зеленых куртках проверяют доки,1
Газель с оливками возле выхода Таврия аэро,1
Самодельное взрывное устройство сработало рядом со зданием ТЦК в Днепропетровске. Уже подтвердили официально.,1
На радужный заехал т4 хаки грузовой 2 по военной форме с переди.,1
Внимание metro до сих пор держит бус подъехала вторая патрулька в сторону города внимательно,1
Я видел и ранее как они охотились по ул.Шклярука.,1
"Генерала Петрова,Сильпо стоят 3 зелёных у двух папки в руках, осторожно",1
Брсм котовка чёрные,1
Стоят на выезде из города Таврия Маршал полиция с леденцами в сторону Ильичёвска,1
Среднефонтанская-семинарская в обе стороны зелёные и синие с шипами,1
Бусы Киевский,1
Перед пересыпьский мостом как ехать в город возле автосалона много зелени,1
К посту выше киевский тцк есть ещё синий вито,1
"9:40 перед Пересыпьским мостом готовят бп, очень много дырявых",1
Ленпоселок тцк крепят пацанов,1
Перед Пересыпьским мостом на 9:55,1
"Доброе утро, Вилиямса напротив Эпицентре стоят пару машин полиции, может и тцк тоже",1
"Доброе утро эпицентр Таиров стоят мусора с леденцами,машины не видно",1
Пересыпьский мост в сторону Посёлка Котовского на остановке пять пятнистых без полиции.,1
Пересыпский мост в сторону центра тоже блок-пост,1
"Добрый день Пересыпьский мост,в сторону города блок пост. Кошмарят маршрутки. Актуально на 10:20",1
Этот хюндай с Ильичёвска заебал там два быка забирают всех без розбора с чёрными номерами скоро его спалят,1
Блок пост не доезжая ПЕРЕСЫПЬСКОГО МОСТА,1
Блок пост пересыпь сразу за мостом в сторону поселка,1
"7км, Эпицентр опасно очень!!!",1
"Слободка,Гордиенко угол Винниченко автобус с ментами плюс пятнистые шакалы,ходят по улице,цепляются к мужчинам,актуально в 13.05",1
На против куяльника принимали мужиков в мусорскую машину с зелёными,1
15:00 по ЖК Радужный катается синий тонированный бусик. Ездит медленно высматривает что-то.,1
"Добрый вечер! Слободка, по Левадной поехала патрулька. 21.32",1
Окружная в сторону города авторынок яма за заправкой БРСМ три маслины на люстре с чупачупсами.,1
Латовка окружная. Брсм. Менты,1
Окружная дорога по направлению киевской трассы за поворотом на Нерубайское!!! Мусора!!!,1
Гидро порт планшет,1
"Латовка. Объездная дорога, заправка БРСМ. Готовят блокпост.",1
ЗА БРСМ в сторону поскота БП. Окружная поворот с Латовки.,1
Добренькое здрасте. Латовка объездная в сторону посёлка блокпост,1
Черный Ниссан Ванетте на бляхе только что повернул на рынок Початок,1
Латовка возле брсм 1 маслина и штук 7 оливок,1
"Ленпосёлок,ул.Профилакторий,облава,мусора и тцк все в чёрном.Вооруженные.Пацаны очень окуратно.",1
Вы делаете Д-Добро людям,1
"Латовка окружная, за заправкой БРСМ в сторону поселка БП",1
Прикопались к пацану на Генерала Петрова возле стоянки,1
Латовка БРСМ бп в сторону Котовского,1
ТЦК и полиция на против диспетчерской первого трамвая около Пересыпьского моста,1
Пересыпь шмон,1
"На время 12.10 ул.Привозная напротив фруктового ряда 3 машины патрульные паковали одного парня,женщины пытались заступиться за парня",1
"На 14:38 Давида-Ойстраха 40 школа, паджеро патрульный 3 пятнистый.",1
"Что заметил,новая тактика тцкунов,сворачивать и через время разворачивать блокпосты,вот сегодня это возле 7 роддома практикуется,темболее там рядом их гнездо(киевский тцк),ходят туда-сюда,так шо осторожно",1
"Пересыпь на остановке как ехать на поселок, стоят тцк и зеленый бус 15:45",1
Двое зеленых пересыпьский мост,1
"Колега вышел за сигами через дорогу черти подлетели хотели пакануть, но отделались повесткой Киевский тцк",1
Ленпас ул. Бородинская около парка стоит мусорская колымага,1
Объездная дорога возле кладбища полиция в две стороны,1
"В обе стороны заправка БРСМ как ехать на 7км,очень много Тцк",1
"7 км, Эпицентр, заправка БРСМ, не доезжая 6 км блок-пост в две стороны",1
Окружная возле заправки как к Куяльнику ехать полицаи.,1
"Окружная. Перед кладбищем Корсунцы стоят мусора, а на заправке ОККО блокпост с ТЦК и мусорами. Всё в сторону Куяльника.",1
"Эпицентр,менты на ОККО",1
Доброго ранку група слободка коло базарчика тцк на буче сером актуально на сейчас,1
Успенская-преображенская на желтом мерсе,1
"Окружная. Перед кладбищем Корсунцы стоят менты, а на заправке ОККО блокпост с ТЦК и ментами. Всё в сторону Куяльника.",1
Доброе утро. ПушкинскаядБольшая Арнаутская. Человек 10 ТЦК. Ь,1
"Бессарабка, Ленпосёлок тцк",1
"Генерала Петрова,мясолюб серый бус сталкер 2,высматривают, осторожно всем",1
Сухойлиман брсм леденцы,1
7-ая. Пересыпьская. ТЦК + Менты. Копейка.,1
"На Генерала Петрова, возле Сильпо, ДТП с участием полиции. Возможно была погоня.",1
Генерала Петрова Сильпо дтп полиция стоит в сторону парка,1
На конечной первого трамвая около Пересыпьского моста ТЦК+полиция,1
"ТЦКашники кататься на жёлтом бусе, Вознесенский -Волжский-Старосенная 12:52",1
"На 12:50 пересыпский мост, возле здобушки, оливка плюс мент, возле Одесагаза стоит плюс патрулька с 3 черными.",1
Желтый спринтер и патрулька по среднефонт в сторону центра поехала внутри они,1
Доброго дня группа слободка псих больницы стоить микроавтобус з откритими дверями актуально на сейчас,1
Высоцкогов сторону Сильпо пеший патруль 1ТЦК и двое полицейских на сейчас.,1
"Одесская область, Теплодар заехали гости, мужики внимание",1
"Теплодар,возле поликлиники прессуют 2",1
"Рынок 7км Центральный вход возле маршруток,",1
Рынок 7 км. Центральной вход возле елочек. Стоя 4 фашиста,1
"Пересыпьский мост в сторону города куча оливок,по ходу будет блок пост...",1
Пересыпь в сторону центра блок пост много людоловов,1
Пересыпский мост. Поставили блокпост,1
"Автовокзал-мост тоже соят. Останавливают машины, где водитель один!",1
Пересыпский мост блок пост,1
Перед Пересыпьским мостом в сторону города,1
Петушары штурмуют порт,1
"Пересыпь в сторону моста, с шипами",1
Пересыпьский мост блок пост пидоров.,1
Таврия маршал возле мойки серый бус и человек пять с мусором,1
Таврия маркет стоит Хендай H1 уже 40 мин мурыжат людей,1
7-я пересыпская за переездом на базарчике по форме и без много,1
Пересыпский мост в сторону города блокпост...очень много оливок и менты...по обе сторону тцкуны с шипами в руках чтоб бросить под машину...останавливают машины..Актуально сейчас!!!,1
Зинковецкая-степовая только что стали мусора,1
Пересыпский мост в сторону города за остановкой блок пост. Полно мусоров и гнид зеленых,1
"Пересыпь весь окружён ТЦК,на поселок не проехать с поселка тоже,пьяная дорого ремонт+ТЦК",1
"Пересыпский мост в город, одна полоса, водителей мужчин всех паркует полиция, на 10:20",1
Тыцыки забежали сщимить Декор ХауЗ возле Эпицентра,1
"Белый ""каблук"" reno express с черными номерами 3539 КВ едет мимо БРСМ в сторону 7 км, внутри 2 боевика.",1
"Пересыпь, в сторону города.",1
"Ребята обьезжайте пересыпский мост, здесь полный пипец, не рискуйте",1
Мост Пересыпь - Блок пост,1
Добрый день Пересыпский мост в сторону города все ещё актуально 11:53. Их много. Берегите себя.,1
Днепропетровская дорога/,1
"За остановкой Пересыпский мост, в сторону города блок пост. Актуально на 12:22",1
"Коминтерново, автостанция стоят менты на включенной люстре, рядом присутствует бусик(возможно гражданский)",1
Дальник на остановке при выезде в сторону Маяк зелень принимает парня!!,1
Всём добрый вечер) ребята посёлок Котовского имейте в виду садик 112 возле скорой помощи кто знает тот поймёт там собираются гоблины привозные имейте ввиду!!!,1
Вечер добрый! Ленпас мусорской приус был замечен около 130 школы. Ехали медленно без маячков,1
"Посёлок, Таврия при выезде на окружную, сборище зелёных штук 20, пока стоят кофе пьют.",1
Прячутся за кустами ублюдки в сторону Куяльника,1
"Конец 145 маршрута,Радужный,леденцы!!!",1
Радужный конечная 145 маршрутки менты мини блок пост,1
"Радужный, конечная 145, менты с леденцами",1
"Суворовский райсуд по Головатого (где-то там электромобили продают) тормозит полиция, без тцк.",1
Всем доброе утро только что проехал балковскую возле БРСМ не доезжая до WOG заправки со стороны посёлка стоят маслины и улитки и Главное что никто не предупреждает,1
Радужный. Заехал бус тонированный на евро бляхах,1
Моют машину на Мойке петухи объездная дорога село корсунцы,1
"Ильичёвск-ИВТ-заправка-""Вита-чорный""ТЦК",1
Суворовский. Ситицентр. Напротив входа бус тцк. Готовяться принимать видимо,1
"7889 ом помчался по чап.дтвизии, 10 квартал",1
Менты брсм на латовке в сторону поселка трусят фуры,1
Внимание! Киевский военкомат собираются выежать на ловлю от роддома,1
Окружная на латовке брсм блокпост,1
Латовка заправка БРСМ менты останавливают фуры,1
Латовка брсм в сторону поселка менты с леденцом. Рядом фуры стоят,1
Объездная дорога,1
"Днепропетровская дорога, АЗС дименторы б/п",1
"На окружной, между ямой и спуском к куяльнику менты, без тцк",1
Ленпоселок возле переезда стоит бусик сталкер не на наших номерах пустой будьте осторожны,1
Полицейский бус только что привезли мужчину в суворовский тцк пока перекур у них,1
"Въезд в город, экипаж возле брсм, следующий за «кафе за рулем», ловят на трукам, пробивают на «розыск»",1
"Пересыпский мост,""Копейка"",черные и зеленые.",1
Таврия маршала,1
Район Староконного рынка жёлтый спринтер с пикселями внутри.,1
5 агентов возле Точки. Теплодар.,1
Таврия В Бабаджаняна бус Рено тцк доебуются до людей,1
15:53 Гастелло /Таврия В. Возле школы 31.,1
"Парковка таврии Маршалл. Внутри никого нет, но будьте осторожны.",1
Жолио-Кюри 26 и 36 стоят менты не кого не трогают зелёных нету,1
Радужный возле АТБ 3 тела с бусом,1
Рынок Яма. Не доезжая.икак с поскота ехать.,1
Рынок Яма. Не доезжая.. менты стоят. Простите за рулём... Недописалось:(,1
Слободка внимание белый кенго чёрные номера ездят по району на данный момент Войкова в угол декабристов кого-то принимают,1
Выставили блок-пост только что Черноморского-Козачества напротив сОкара,1
"По Пионерской только что ходили, стучали в ворота",1
Выезд с Одессы на Ильичевскую трассу стоят с леденцом!,1
"7-я Пересыпьская, здобушка 2 патруля",1
Мусора не доезжая перекрёстка на латовке БРСМ в сторону Посёлка.,1
Генерала Петрова 46 бмв в паре с белым бусом стоят на въезде из дворов.,1
Поворот с эпицентра на Базовую-‍,1
люстры обьездная дорога латовка в сторону поселка перед БРСМ,1
с.Светлое-старые дачи полиция.,1
Перед заправкой socar в сторону Посёлка перед седьмой Пересыпькой блокпост,1
Возле дома Жолио-Кюри 32 упаковали парня только что.,1
с.Светлое-старые дачи заехали ТЦКашники.,1
+В этом раене по кругу курсиоует патруль Варненская-Комарова-Космонавтов,1
Киевская трасса вьезд в город возле заправки БРСМ патруль,1
"Рынок нефтяников, мусор с планшетом возле мясного!",1
Если вас привезут на освидетельствование то там уже будут ждать зелёные.На Слободке в психушке им выделили помещение.Когда полиция привозит это сразу гарантия получить повестку,1
Может в личку кто то спрашивает. Окружная сУсатова до пос Котовского свободная.,1
По генерала петрова поехала скорая. Не знаю может просто скорая? А может тцк взяли в аренду...,1
"Пост выше, заехали во все тупики дворов..уехал в сторону Сильпо, сквер футбола",1
Очередное ДТП Латовка /объездная,1
"Полиция не доезжая до магазина ""Пюре"", в сторону Пересыпьского моста, стоят с люстрой",1
"М. Арнаутская 112, с лева возле тротуара полиция просто стоят с люстрой",1
"Шкода Полицейская перекрыла заезд в Ситицентр Таиров у светофора, стала поперёк включила красные с синим и одно тело вокруг воркует, дтп вроде не видно.",1
По ситицентру писали в телеге что заминирован и эвакуировали всех,1
Доброго утра!Стоят менты в сторону поселка не доезжая эпицентра,1
3 машины полиции возле проходной в ПОРТ. Аккуратно!!!!!,1
Радужный бывший густо уже пару пацанов проверяют документы,1
Радужный второй выезд возле атб и здесь также шманают куда не пойдешь везде они сегодня,1
Радужный густо остался 1 трое пошли по домам наверное,1
Радужный дома от поля пошел шмон,1
Радужный густо и второй выезд до сих пор ходят,1
23.12 Днепропетровская дорога/,1
Хаджибеевский лиман - окружная. Полиция 4 человека с леденцами фуры проверяют.,1
Объездная в сторону ямы (посёлка) менты остановливают фуры без ТЦК,1
Шмидта- М.Арнаутская блок посты.,1
Радужный аккуратно у нас гиены!!!!,1
"Ленинградское шоссе, в сторону города, БРСМ, два патруля, контроль скорости",1
"БП! Люстдорфская-Комарова, в сторону города",1
"11:50 между 3 и 2 люстдорф в город БлокПоцы, выборочно",1
Маразлиевская-Троицкая,1
"На Таирово, вокруг Эпицентра курсирует серый ХЮНДАЙ Н1, в нём чмошники, только что выскочили к парню проверяют документы, будьте внимательнее, берегите себя!!!",1
Между эпицентром и Ниссан центром хюндай ш1 3 пятнистых и один черный крепили мужика,1
Серый хундай с 3 ухуянтами присовали парня район Эпицентра Нисан центра ездят,1
"Окружная укрнафта, выезд с поселка, менты стоят с мигалками",1
По объездной с посёлка до куяльника по ходу дтп две скорые полетели в сторону поселка,1
Окружная от куяльника на поскот пробка кошмар не едте сюда,1
Фонтанкв 3 менты в обе стороны,1
"Доброе утро,на выезде с Маяк в стороны Одессы,заправкой Вог полицаи",1
"Днепропетровская 80, 82 напротив Мармеладки красный джип, черные номера белым ФОРЕСТ. Ходит ублюдок в военных штанах и черном батнике. Осторожно. У машины включены фары.",1
Юго-Западный в город блок пост менты и пятнистые.,1
Доброе утро! ТЦКашный Т4 мразей поехал Фесенко в сторону базарчика Ленпосёлок!,1
"Таврия Маршалл, выезд с города, заправка VST, полиция с леденцами",1
"Осіпова, Успенська облава тцк",1
"Радужный, стоят уже очень долго",1
"Порт,тучи,много",1
"Слободка, 2 патрульки, человек 7",1
"Порт,тцк,чел 40",1
"Порт,Унск тцк с папками,принималово",1
Между куяльником и озером Шевченко машина стоит с мигалками уже долго.,1
"Типа проблемы с телефоном, помогите пожалуйста телефон не работает и кидала маяк тцк, которые стояли на парковке в бусике. Будьте бдительны!",1
"Латовка БРСМ менты с двух сторон, останавливает выборочно",1
"На Латовке,БРСМ. Менты по направлению в поскот",1
"Латовка. Заправка брсм в обе стороны менты, кого успели тех и тормозят",1
"Таврия ""Маршал"" на парковке сбоку газовой заправки стоит приус полиция, без мигало и машину остановили. На 8.00",1
Нерубайское объездная заправка мотто мусора в обе стороны тормозят всех пробивают по планшету.,1
"Пересыпский мост возле копейки стоит члрный бусик, внутри мент и тцк. Берегите себя. 9.08",1
Мельницкая-Акордная готовиться БП - ждут канарейку.,1
Полиция коло базарчика на генерала Петрова стоить з виключали люстру актуально на сейчас,1
Мотор перед Черноморкой пост с двух сторон,1
Рено Дастер теплодар,1
"Теплодар, сейчас заехали гости, форд транзит серебристый и мусора! Берегите себя!",1
"Магазина копейка стоит один мусор и военный, проверка документов",1
"У моста Пересыпь, возле обменника так и пасутся один по гражданке ( куртка болотного цвета с капюшоном, сам с бородой) другой в черной куртке с ментовским шевроном.",1
"Мост возле магазина обуви где копейка. Стоят менты по гражданке, проверяют документы",1
"Доброе, Дальницкая-Фрунзе, много приусов без включенных люстр. Акуратней (6:20)",1
Возле Эпицентра (посёлок) по направлению в город менты,1
По Жолио-Кюри ездит золотистый Рено Клио тцкуны,1
"7 км, возле Эпицентра по базовой Менты, уже высматривают",1
"Французский-Гагарина полный пиздец, причем в обе стороны, не суйтесь туда.",1
"Эпицентр, 7км на Базовой от АЗС SOCAR мусора стоят!",1
Таврия маршал на парковке,1
Эпицентр Поселок в сторону города менты.ремень перегар свет.,1
Возле Сильпо,1
Ленпаселок (ваз белый магазин) демоны,1
Порт Одесса!,1
При въезде в порт погранцы спрашивают облікові документи,1
7-я пересыпская за переездом на базарчике менты проверяют документы,1
Юго-западный в сторону города БП,1
"Таврия Краина мрий, заехал серый бус, тип в черном вышел и поменял номера с черных на гражданские",1
Ленпосёлок переезд (базарчик) проехал бусик Т4 мразей!!!,1
Рядом бус белый с желтыми номерами и надпись Эпицентр и тд.,1
"Под мостом как ехать на 7 км. Полиция,с леденцами как ехать со стороны ленпаселка.",1
Ствол-Остров блохпост.,1
"Ресторан Арарат, таврия, гоблины ходят. Не смогли задержать парня с стафом, заводите собачек",1
"Теплодар, чети на проспекте",1
"Генерала Петрова, возле мясного оливки.",1
"Во дворах Жолио-Кюри 22а катается наглухо тонированый белый део ланос,внутри если подойти поближе сидятмусор и чмони,крутите головой я чуть не уехал.",1
"Теплодар, Одесская обл. Суета походу гости заехали, район Берлоги с трассы Белеляевка! Всем внимание...",1
Окружная. Между Латовкой и заправкой Авиас мусора остановили и прессуют тракториста.,1
Куча полицейских маршала,1
Слободка стекольная стоит патруль,1
"Окружная поворот на Латовку (Котовку), заправка БРСМ блок-пост в сторону Посёлка",1
"Обьездная дорога, Латовка за БРСМ блок-пост!!!",1
"Окружная поворот на латовку, 7:50 БП уже работают, копов нет.",1
Латовка заправка брсм блокпост в сторону посёлка,1
Заезд на Армянском в порт нормально проехал!!!!,1
"Бп латовка брсм уже стоят с ментами, больше 15 ухилянтов, берегите себя",1
"Посёлок, менты напротив Эпицентра, как ехать на Николаев.",1
"доброе утро, Юго-западный блок пост в сторону города",1
9:15 Блок пост на Юго-западном в сторону города.,1
Радужный 3 в форме с папками замечены в 50 м от атб,1
Выезд на Ильичевскую дорогу с Одессы заправка VST мусора актуально.,1
Радужный около 6- 9 замечены возле бывшего густо хз что но тоже с папками то же самое что и возле атб может просто военные а может нет обходим,1
"Фонтанка-Александровка на повороте возле посадки полиция, 9:30",1
"Радужный военные могут быть с частей так как их не мало рядом,но с старого щаезда заехали полицаи либо случилось что-то либо жопа сидим дома",1
Петродолинское стоит радар в сторону маяк,1
Теплодар заехали гости,1
"Эпицентр, выезд с посёлка, стоят 3 леденца с радаром.",1
Латовка!!!! Возле заправки БРСМ Опасно!!!! Куча зелени,1
Т4 на со знаком новая почта поехал в сторону 11 больници,1
"Окружная,Латовка",1
Тцк на объездной за брсм.тормозят всех в сторону поселка если ехать,1
Пересыпь в районе заливных,1
И Слободка катаются на гражданских номерах тцк,1
Пересыпьский мост. Аптека от Склада. Два тцк и один полицейский. Пеший патруль,1
Пересыпьский мост.Копейка. ТЦК + полиция.,1
"Напротив Мегадома стоит машина полиция. Просто стоит, но кто знает..",1
Петродолинское в сторону маяк стоит радар будьте осторожны 14:39,1
Блок Пост!!!!! За Мегадомом Музычна,1
окружная поворот на красноселку авария..пробка,1
"Блок пост на площади Деревянка, на остановке возле магазина Копейка. 17:45",1
Объездная в сторону посёлка возле око полиция отправляет все легковые направо через дворы счёт связано не знаю!,1
7я пересыпь в этом районе катается хендай бус черный с такими же номерами. Внутри до 6 выродков,1
"На пятой станции дворе там где новая почта ТЦК, и полиция",1
На брсм много оборотней в сторону 7км,1
Брсм 6-ой элемент расставляют бп,1
БРСМ Киевская трасса менты,1
"брсм заправка, 7 км, в две стороны бп",1
Окружная выезд с посёлка котовского кладбище Шевченко стоят чунги чанги с леденцами актуально на 8.25,1
"Синий спринтер канатная-Успенская,вышло много в зеленой щемить прохожих((((",1
"Посёлок, стоит полиция, три человека, как ехать со стороны Николаева перед Эпицентром.",1
Объездная око менты в сторону ямы 9.30,1
"Киевская трасса, брсм везд радар и тцк",1
Приехал бус на пересыпь с оливками 4 патруля уже тормозят трамваи,1
"Мужики, будьте внимательны с такси. Сейчас некоторые таксисты работают на ТЦКшников и привозят через блок-посты специально. По дороге могут уточнять, все ли в порядке с документами. В телефоне переписываются и уточняют маршрут с сотрудниками ТЦК.",1
Рынок восход спринтер на чёрных номерах,1
"Здравствуйте, сейчас в Маяк на таможнях полный треш!",1
Лузановка-молодая,1
10 минут назад на конечной 191 маршрутки пересыпский мост сели 2 тцк я проехал 2 остановки и вышел,1
"Патрульная машина медленно крадётся во дворах на Данченко 11, район Новой почты 5",1
Кривая и слободка на стреме!сегодня повышенный интерес,1
Черёмушки внимательно!,1
латовка.возле брсм.леденцы,1
"Окружная, за посёлком Шевченко возле кладбища патруль полиции останавливает выборочно. Так как движение слабое, то почти каждого.",1
Окружная Шевченко кладбище полиция,1
Заправка amic напротив эпицентра полиция,1
Блокпост шестой километр METRO в сторону седьмого километра,1
"Окружная кладбище. Стоят лягавые с леденцом, останавливают машины выборочно",1
Новая Слободка белый бус,1
"Заправка БРСМ по киевской в сторону города, радар",1
"Теплодар мусора пробивают по планшету, если в розшуку то приезжает тцк",1
Рено мастер 2746 на чёрных номерах проехал через пересыпь в сторону поселка,1
пересыпский мост/ конечная 191 ездит белое рено (похоже на cangoo) 2 тцк-шника останавливают пешеходов/машины,1
Объездная как ехать с поскота ОККО возле кладбища мусора на шкоде на парковке,1
Слободка опять движ с патрульной машиной и бусом в сопровождении,1
"Трасса Одесса-Южный пробка из-за пепевёрнутого зерновоза,не паникуйте!!!",1
13-я линия трамвая Новая Почта 75 отделение стоит машина полиции будьте внимательны,1
Всем доброго утра окружная как ехать в сторону Куяльника за брсм стоят копы,1
"Теплодар воле апо, полицай и тцк.",1
Не правильно написали насчёт мусоров на окружной БРСМ.,1
"Менты на БРСМ Окружная с сторону Куяльника, тормозят",1
Менты с люстрой Латовка на перекрёстке сразу за БРСМ в сторону Посёлка,1
"Извиняюсь не увидел с другой стороны БРСМ, значит стоят в две стороны за латовкой и перед ней.Был на изжоге.",1
Слободка 3й хлебзавод уже два патруля.чтото готовится,1
"Приветствие. За Пересыпьским мостом на горе, как ехать в Центр, б/пост.",1
"По поводу праздников. Будте внимательны. Усиление патрулей на рынках, по дворам. На Поскоте уже по дворам катаются, особенно бочарова-паустовского",1
Напротив эпицентра возле ОККО леденцы проверьте свет вы уже за городом,1
Блокпост как ехать на седьмой БРСМ,1
"6-й элемент, как ехать на рынок 7-км, Блок пост",1
Юго-западный масив в сторону города Бп,1
2. DAF центр (БРСМ) измеряют скорость... Не превышайте!,1
На островке безопасности,1
Юго-западный в сторону города актуально 11-10 БП,1
Юго-Западный. В город. Две маслины и шесть оливок. Тормозят выборочно.,1
Пешеходный переход радужный (прямо на светофоре ) парень ты бессмертный показал им фак.,1
Чубаевская-Толбухина. Посадили на капот мопедиста. Полиция,1
Эпицентр стоянка бус и 3 оливки,1
"Бусик тонированный пособника боевиков с номером 314-04 ОВ стоит за АТБ на генерала Петрова.Внутри никого,террористы куда то ушли.",1
"Таврия маршал, патрульная полиция, тормознула машину, 16:40.",1
Радужный «Ассорти» напротив стоит тип в черном внимательно смотрит на машины,1
"Добрый вечер. Проезжал только что на велике через Дерибасовскую. тцк малыми группами лазят по заведениям. И что характерно Я как раз проезжал когда они заходили в в столовку, бывший кинотеатр Уточкина там сейчас столовка и подумал, что даже звери на водопое не трогают друг друга а эти шакалам пофиг",1
"Спеповая Таврия, два утырка в белом бусике фольксваген пока пьют кофе",1
Блок пост ОККО объездная на выезде с поселка,1
Спасибо девушке что маргнула на ОККО окружная там БП,1
Привёз парнягу на Суворовский военкомат Петушиный Ланос СВ4405 [ болгарские номера ],1
Окружная дорога ОККО блок пост.,1
Окружная с поселка ОККО санта клаусы с черными сейчас.,1
Окружная дорога перед Поскотом заправка Окко очень много и опасно… и те и другие,1
Пересыпь трамвайная остановка облава,1
Объездная дорога возле кладбища стоят человек 15 ловят в обе стороны,1
Многие не знают что Пересыпь это раЙОн в городе Одесса а не остановка возле моста пересыпского.,1
"Пересыпский мост облава, пиксели и полиция с планшетом возле были возле копейки и на против!",1
Возле сильпо на генерала петрова. Бус ментовский. Поехали со дворов в сторону сильпо,1
Со стороны теплодара на въезде в Беляевку стоить ДПС без зелёных,1
Два пятнистых уебана возле аэропортовского время 16.35,1
Багато тцк приїхали до дерибасовської.Три бусики,1
Доброе утро с новым годом!!!! По Одесской улице Слободка катается и стоит возле магазинов мицубиси L200,1
"20:15, 10ст. Б.Ф.иэкипаж полиции на приусе подрулил к Сильпо",1
В радужный заехала люстра,1
"Трасса Одесса-Ильич стекло,аккуратнее!",1
"Поворот на старую люстдорфскую и сразу налево там лежит перевернутая машина, возле нее никого не было в салоне не разглядел - видно не справился с управлением.",1
Про 12ю подробнее скажите. Тцкашников нет? Только на алкоголь водил проверяют? Думаю идти на море,1
"Люстдорф,Луч,ул.Троицкого-леденцы в обе стороны,свет,ремни,алкоголь.",1
"По поводу того кто на море захотел)))) ты дурак? В любом случаи пробьют по (армор) если ты чист то иди,если есть сомнение сиди и не пизди. Либо ботинки плачут по тебе",1
Пересыпьский мост. На против конечной первого трамвая ТЦК+Полицейский. Белый Рено Эксперт,1
По Жолио-Кюри катается Деу Ланос белый на болгарских номерах,1
"Ублюдки были замечены.Копейка 7-я пересипская..Инфа + 2-е шмары на кассе тоже с ними,аккуратней!",1
БП с 2 сторон Ствол на ЖД,1
Остров-блок пост,1
7я пересыпь за переездом. Полицейский ‍ бусик парканулись напротив копейки.,1
"Радужный. Ходят по домам, стучат",1
Замечены радужный 11 дом,1
Посреди Куяльника ставят БП чел 25 с автоматами,1
"Доброе утро.На заправке окко обкружная Куяльника,тцкашник приехавши на Тайота Кемри гос ном.ВН96-79ІХ,чёрного цвета,пересевши в золотистое рено,и уехали в сторону посёлка",1
"Окружная, Латовка, за БРСМ в направлении Котовского патруль полицаев.",1
Блокпост объездная поселок Котовского в две стороны,1
Генерала Петрова. Магазин Мясолюб. Зашли два пикселя. Время 10.11.,1
"Объездная дорога,в обе стороны! Блокпост!!!",1
"Здравствуйте, объездная дорога, выезд с посёлка в сторону Куяльника стоят ТЦК и полиция в обе стороны блок пост",1
Объездная возле куяльника ТЦК е***,1
На куяльнике СТОИТ ТЦК. В СТОРОНУ ПОСЁЛКА,1
Объездная посередине куяльника всё ещё стоят в обе стороны,1
Камыши Объездная ещё стоят.,1
Канатная-Куликовое поле Блок пост 14.10 выставили,1
Жолио-кюри рядом с домом 64.,1
"Добрый вечер, кто будет ехать до 19:00 по обьездной возле Куяльника в сторону поселка, сообщите пожалуйста чисто или нет.",1
"Будьте осторожны минут 20 назад было ТЦК возле Ситицентра Поселка. Сейчас не знаю где, надеюсь что парень убежал.",1
Остановка Дом мебели-авто полиции,1
Окружная.После Нерубайского за заправкой Мотто ПОЛИЦАИ,1
БП Латовка брсм Окружная в сторону Посёлка,1
"Зелёный Вито, пасётся ул.Данченко 3",1
Эпицентр Таирово полиция!!!,1
Выезд на Ильичевскую дорогу с Одессы заправка VST стоят с леденцом.,1
Не доезжая авто рынка заправка БРСМ блок пост ТЦК и полиция,1
Латовка БП заправка БРСМ в сторону Посёлка,1
"Мост пересыпь, обменник, конечная трамвая и вокруг ходят мусор с тцк пробивают по планшету, не суйтесь. 10:35",1
Ленпосёлок серый бус транзит инстр номера внутри гоблины пошол по встреч горизонтальная,1
Metro-Таирова/ Отдел Продаж Акварель стоят мусора белый Renault Duster пробивают по планшету! Время 11:25,1
БРСМ Латовка в сторону Посёлка всё ещё блокпост актуален,1
Конечная трамваев пересыпский мост по гражданке,1
Объездная дорога в БРСМ мусоров ТСК нету,1
ТЦК Радужный,1
"Уточняйте пожалуйста, Александровка возле Ильичёвска или за Одессой которая?",1
На углу Екатерининская-Греческая стоят два зелёных и один полицейский. Высматривают.,1
"Админ, по поводу ул.Сахаровавысоцкого, и поселка, менты и тцк ждут счзшников по месту прописки или последнего их места жительства. Все кто ушел в счз домой ни ногой, завтра утром пока за хлебушком пойдете упакуют сразу. Теряйтесь по знакомым, никаких адресов родственников троюродных сестер и тд.,сразу пасут и пакуют в бус",1
Заправка БРСМ менты по направлению на посёлок.,1
Окружная. Нюхачи с БРСМ переехали на Amic возле Ямы. В обе стороны,1
"Ильичевск, номер Дастера 1449 HS, черный, тонированный, белая круглая наклейка сзади справа.",1
"Пересыпский мост,ходят пидоры с ментом пробивают по планшету",1
Пересыпь АХТУНГ...За вас взялись!,1
Генерала петрова ( сильпо стоянка),1
Отель Чёрное Море. Задний вход.,1
"Добрый день! Слободка. На Левадной стоит Спринтер на жёлтых номерах, за рулём седой дед, внутри не понятно - тонирован.",1
"Вапнярка ул Степова, мент в засаде стопает машины",1
Юр Академия 4 станция. ТЦК,1
Тцк и полицай возле вулканизации в Теплодаре.,1
Теплодар оливки и ментозавры,1
Ловят на радар брсм по Киевской а сторону города. Спрятались за фурами и выскакивают. Не нарушайте,1
Доброе утро. Шклярука4-а во дворе стоят грузят мужика. Пытаются затащить в бус. 08:55,1
Говорова-зоопарковая военные похоже на тцк,1
"Ленинградское шоссе в сторону города с Киевской трассы, за БРСМ, контроль скорости",1
(Терешковойвозле АТБ много полицейских и ТЦК. Ходят с папкой высматривают жертв. Будьте аккуратны.,1
"Добрый день всем. Ехал вчера до Б.Хмельницкого около 9ти вечера, видел как парень шел в наушниках один, и его стопанула полиция, сразу начали доставать планшет, мужики шо с вами, неужели вам на себя плевать, для чего ходить в темноте да ещё и в наушниках зная что сейчас происходит???",1
Жолио-Кюри 22 возле стоянки припаркованная тцкашная машина будьте бдительны,1
Пересипи магазин копейка,1
"Синий Форд Сиерра. Бус. На черных номерах, заехал на парковку эпицентра, поселок",1
"Извините, Форд Транзит, синий. На парковке эпицентра, поселок. Внутри 4ро в форме",1
"Степная стоят мрази с парнем, не выходите, берегите себя пожалуйста",1
15:30 рено-гамно повернуло Добровольского-Бочарова к Жолио,1
"Теплодар опасность, возле фемели....менты,вояки",1
Ленпоселок возле церкви крутятся оливки и маслины. Советую вообще возле церквей города быть осторожнее.,1
"Завтра утром,будет облава по Ильичёвску, с самого утра..будьте осторожны.",1
Выезд из Ильичёвска перед кольцом Черный Дастер с ментами и ТЦК,1
Возле заправки татоил на выезде с Ильичёвска тцк,1
"Рынок Черёмушки АТБ,ходят сегодня опять, асех шмонают пидорасы!!",1
По поводу блокпоста на Щорса-останавливают все маршрутки.Так что ребята аккуратнее,1
Менты окружная перед кладбищем,1
Балковская-автовокзал блок пост,1
Ленпоселок возле церкви крутятся оливки и маслины. Делают вид что охраняют порядок.,1
"09.39 полиц патруль напротив кладбища перед Окко(объездная) остановили фуру и бус одновременно с 2-х полос, беседуют с водителями",1
Окружная с Посёлка перед кладбищем,1
Окружная после АЗС ВСТ перед светофором на Латовке полиция.,1
"Море мразей, полиция. Правая сторона перекрыта 10.36",1
Разумовская-Косвенная контроль поворота налево в сторону Староконки стоят два гоблина,1
", поехали по дворам в сторону бочарова, номера гражданские",1
Окна стеко рынок початок на парковке стоят напротив рыбного отдела,1
"Теплодар заехали гости. Бус голубой, бус белый и дастер!",1
"Теплодар, Серый бус, белый бус и Дастер ездят гуськом друг за другом по кругу закидывают людей",1
ТЕПЛОДАР ПО ВСЕМУ ГОРОДУ!!! последний раз были между церковью и 40домамт,1
"Юго-Западный в сторону города,мусора выборочно тормозят",1
Жолио-Кюри 26 магазин Копейка полиция пробивает документы у мужчин. Будьте осторожны!,1
Юго-западный в сторону города мусора,1
"10 линия, детская больница. Ездят мусора с выкл люстрой. За пол час 3_й экипаж петухов",1
Молодежное степная катаются легавые,1
БЛОК ПРСТ ВОТ ВОТ ПОСТАВЯТ ОБЪЕЗДНАЯ НА ПОСЕЛОК КОТОВСКОГО!,1
"Б/П окружная дорога в кармане,в камышах дименторы",1
"Маяцкая трасса, направление в сторану Маяк за базар с.Петродолинское стоят люстры,тормозят.",1
"Окружная,Ставки челок 20-30тцк+полиция. Не ЕДТЕ ТУДА",1
"Водителям ехавшие в сторону Маяк огромный привет, вы наверно не слышали о водительской солидарности, ни одним не моргнул (((",1
Обездная перед куяльником в две стороны,1
Порт ВНИМАТЕЛЬНО!!!!!!,1
"Пожарка, Ствол 9:10",1
"Ленпосёлок возле Новой Почты 15, катается чёрный Т5 внутри три Ухылянта, без полиции.",1
"Теплодар заехали гости, берегите себя!!!",1
Два леденца между заправкой Мотто и Маршал сити в сторону города,1
Блок ПостЖукова/Ствол в сторону города. Пиксели+полицаи,1
"Окружная возле куяльника остановили маршрутку,забрали водителя,люди добираются на попутках",1
"Киевская траса, за заправкой БРСМ стоят полицаи в сторону города",1
5 ст большого фонтана- мусора рядом с розеткой с мигалками,1
Красноперые на Генерала Петрова возле парка стопают машины! Без ТЦК,1
"дальницкая-бугаевская,шаурмечная,за ней стоят гоблины человек 5,пасут кто заходит на фабрику бизнеса или магазин рядом,и снимают на телефон,",1
Теплодар менты катаются по дворам,1
На обьездной посреди Куяльника куча тварей.,1
Новая почта 82 Возле Старосенной пост сильный и серьезный,1
Пересыпский мост на 12:35,1
Окружная дорога блок пост на две полосы актуально на данный момент,1
Военная полиция кататься новая Слободка и старая Слободка,1
"Въезд в Одессу по киевской перед первым светофором,БРСМ стоят стилисты с феном, могут сделать прическу на деньги",1
Теплодар катаются ТЦК на бусе,1
Ленпаселок ( перон застава 1) опущеные стоят,1
Теплодар ходят по квартирам,1
"Пересыпский мост на Головатого ДТП! В сторону города,сразу под мостом.",1
"Стоят на заправке БРСМ в сторону 7 км,с заднего двора,возможно будет БП в том месте,будьте внимательны",1
Гагарина-Французский блок пост в двух направлениях,1
"Поселок Добровольского-Махачкалинская в сторону города военный с полицией, выборочно останавливают.",1
6 км за БРСМ БП полиция и ТЦК пробка огромная. БП только в одну сторону в сторону 7 км,1
"Китайский рынок в сторону епика менты шманают машины, будьте аккуратнее",1
6 км БП между БРСМ и светофоров,1
Серый хундай 7889 на баштанной проверяли доки у пешехода поехали на фонтанскую дорогу,1
Теплодар. Мусора и зелень. Патрулька и белый пирожок курсируют по всему городу,1
Проспект Шевченко Политехнический остановка Блок пост,1
Красный Пежо универсал внутри в пиксели вокруг староконного!,1
"Возле таврии маршал 3 тела трутся. Возле газовой заправки, высматривают.",1
"Доброе утро. Полиция Латовка сразу за БРСМ, останавливают в обе стороны.",1
Латовка брсм выхлоп,1
"Китайский рынок в обе стороны БП, 07.49",1
Нюхачи с Латовки БРСМ переехали за Amic. В обе стороны,1
Таирово Китайский рынок перед Эпиком блок пост,1
Между двумя БРСМ заправками полиция,1
БП Китайский рынок! Таирова.,1
Китайский рынок БП в обе стороны!,1
Китайский рынок актуально 10.07,1
По Ленпаселку катается серый бус не увидем Марку модели,1
Китайский рынок в обе стороны БП.,1
"Да, это китайский рынок. Блок пост",1
Китайский рынок все еще стоят,1
совеньён таврия тцк джили докопались до прохожего,1
"Скай Сити, 25 Чеченская аозле копейки черти",1
"Скай Сити 25 Чепаевска,возле копейки красный фольцваген.",1
Возле Фонтанского сельсовета.,1
Таврия Маршал прямо перед входом бронемашина и оливы стоят,1
Таврия Маршал стоят у входа и ходят внутри,1
"На автомойке возле ТЦ Суворовский моют свой мерс 3 пикселя тцк, 14:35",1
Ленпаселок (ваз) во дворах общаги где укр -почта мусара.,1
Прямо под Пересыпью дтп планируйте маршрут 17:50,1
Менты перед Эпицентром Поселок в сторону города останавливают!,1
"Латовка, БРСМ, БП",1
"Окружная, с поселка перед кладбищем полиция,нюх, ремень, свет.",1
"БП перед куяльником, заправка ОККО вроде",1
"Объездная Окко, блок-пост. И чуть раньше полиция стоит возле кладбища. Ставят кого хотят",1
Объездная,1
"Окружная как с посёлка выезжать, заправка ОККО тцк и полиция",1
Ленпосёлок ВАЗ 2 буса тцк,1
"Радужный, проезжал белый спринтер на черных номерах,9:50",1
"Королева-Вильямса,район конечная 150й, человек 12, стоят кучей, обходите этот район",1
"Таврия Маршал, в сторону Ильичёвска перед заправкой, три леденца-нюхача стоят до сих пор",1
Радужный глаза во внимания целый день. Намечается сегодня догонялки там. Инфа 100%,1
"Блок пост, Объездная дорога",1
Б. Хмельницкого возле кафе Оливки враги и убийцы украинцев Ищут жертв,1
"Радужный возле атб 10:47, не знаю тцк не тцк но будьте внимательны",1
"Сразу за Эпицентром на 7 км, как сворачивать в сторону гонок, стоит паирулька, три леденца, тормозят всех на ремень и выхлоп. Берегите себя",1
"3 машины поехали в Теплодар, 1 белый бус, черный джип на желтый номерах и белая рено. Будьте бдительны ‍",1
Аккуратно Теплодар тцк 3 машины!,1
"Латовка,в сторону Поскота,заправка БРСМ,блокпост",1
Блок пост БРСМ на Латовке в сторону поселка,1
"Латовка,в сторону Поскота,заправка БРСМ прям на ней стоят не кого не пропускают,блокпост",1
"Объездная БРСМ стоят 12:00 актуально, только что проехала",1
Объездная БРСМ стоят,1
"Ходят по Староконному рынку человек 5,военная полиция представляются Лють,Проверка документов, учёта,будьте осторожны!",1
По поводу Староконного и Люти.,1
На среде фонтанскую выставку только что заехало два буса Богдан с голубыми полосочками и голубой спринтер мабудь буде блокпост,1
Блокпост итальянский бульвар-канатная. Сейчас,1
пошли от дома 1 к 6 в сторону Радужный 2,1
"Котовск! Черемушки,возле Гермеса! Блокпост и их оочень много!",1
"Маршал, с леденцом в сторону города, сразу за кладбищем. Актуально на 7:33",1
Военная академия БП даже трамваи проверяют,1
Юр академия стоят,1
При въезде в город за мостом перед БРСМ готовятся на радар,1
Угол Парковая-маловского патрулька,1
"7-пересыпская напротив магазина копейка, красный Ауди на черных номера «Форест»",1
"Слободка, 11 больница, внутри на территории возле приёмного отделения, белый бус, чёрные и зелёные, пресуют людей",1
"Юго-западный БП, в сторону Таирово, актуально на 12:24",1
"Этот новый Мерс с пидо…ми с Поселка сегодня на днепропетровских номерах АЕ6051, катается центр-слободка, присматривайтесь к машинам вокруг и берегите себя.",1
"Генерала Петрова на стадионе возле 53 школы, пасутся 2 мента,один в военной форме,и 2 по гражданке,может кому будет полезно,",1
"Молдаванка. 78 новая почта. Стоят менты пробивают по планшету всех парней, мимо проходящих. Не ходите туда.",1
Лонжерон Дельфинарий верхняя стоянка возле разрушенного роддома три пикселя один черный. На стоянке стоит два буса,1
"Внизу на Ланжероне возле муcapни ходит вояка по гражданке,высматривает мужиков по заведениям и звонит по телефону.",1
"Два Гоблина на Генерала Петрова, рядом парикм. Ножницы, что то высматривают. Будьте осторожны!!!!",1
Гоблины на г. Петрова!!!!!,1
Катаются по Цветаева-Лазарева-Болгарской,1
"Также и с утра стабильно около 8 утра заезжают на парковку Таврии маршал, видели их не однократно",1
Слободка.Детская больница стоит мент и фишки на дороге.Будьте окуратны возможно что-то намечается.,1
Глинки Липского за мегадомом авария мусора уже поехали,1
"Вильямса-Сильпо,стоит полиция-дтп",1
м. арнаутская 6,1
"Ильфа-Петрова АТБ, 2 тцкашника на Ауди А4 ВН2501РС темно зелёной выкрашена кисточкой присуют парня!",1
"Ильфа-Петрова 72 школа, 2 тцкашника на Ауди А4 ВН2501РС докопались до молодого парня!",1
"Ильфа-Петрова 17 возле ларька, 2 тцкашника на Ауди А4 ВН2501РС стоят мониторят!",1
Свердлово Иваново радар.две машины.ещё третья заехала в село на 1 отделение!!!!!!,1
Радужный мойка возле густо трое остарожно пьют кофе,1
Беляевка автостанция бусик зелёный с вояками. Кто такие неизвестно будьте аккуратнее,1
"Жолио-кюри 60, в кармане для зарядки электрокаров, полицейский бусик, внутри люди в военной форме, факта выдачи не видел",1
По юго-западном медленно ездит белый хюндай тонированный микроавтобус. В нутри увидел пиксель. Акуратно,1
"По поводу района Черёмушки - в выходные по утрам тоже ездят Ze-выродки, особенно по дворам, и люстры мусорские, и Варта, они подрядили уже всех. Дворами лучше не ходите!",1
Пересыпь копейка обмен валюты (всё плохо.),1
Маяки Таврия тцк.,1
"Маршал в сторону Ильичёвска, стоят менты с леденцом. Проверка доков.",1
Блок пост на против военной академии возле Юр академия,1
"Жолио-Кюри копейка возле восточной, золотое рено с черным и зеленым смотрят по сторонам, будьте внимательны",1
В закрепе нет бп Грушевского-Парковая мойка,1
7-я Пересыпьская,1
"Жолио-Кюри копейка стоит золотистая Renault, и ещё чуть ниже напротив стоянки стоит УАЗ на чёрных номерах",1
"Блокпосты на всех выездах с Ильичёвска, с Бугово на Санжейку аж два в разные стороны. Берегите себя!",1
Киевская трасса брсм стоят с феном,1
Маршал выезд с города леденцы,1
Зор-ставят б/п. Будьте осторожны,1
В сторону ильичёвска под мостом ебейший блокпост!,1
На въезде в город возле БРСМ на киевской трассе ловля на радар полиция спряталась за фурой их не видно,1
Александровка мост строительный рынок блокпост,1
Теплодар ТЦК пешие по городу,1
ТЦК ТЕПЛОДАР ВОЗЛЕ СИЛЬПО,1
"С.Александровка, возле Ильичёвска... Ездит разукрашенный тёмно-зелёный универсал на иностранных номерах....",1
Metro блокпост с посёлка в сторону города,1
Блокпост напротив metro посёлок Котовского в сторону города,1
магазин Наташа,1
"Доброе утро. Маякская трасса Великий Дальник. Напротив стадиона в сторону Маяк, патрулька стоит. Стопнули фуру.",1
БП ухилянтов просроченного на среднефонт. Розетка терроризируют гражданских,1
"Канатная-Стекляшка, Админ здания 2, Блок пост",1
Серебристый бус Хендай Н1 гос. номер 7889 проехал во дворах улиц Академика Королева-Архитекторской в сторону черной Таврии. Внутри людоловы.,1
"Старая ильичёвская трасса, возле пивзавода, в обе стороны менты-леденцы тормозят",1
"ВНИМАНИЕ ПОСКОТ! ЖИЛЬЦЫ И ИХ СОСЕДИ! Активно ходят по домам, чуть ли не выносят двери, стучат по 15-20 минут, во дворе в этот момент стоит белый бус с тварями! Осторожно! Информация с 9 утра по сейчас актуальна район Высоцкого-Сахарова, скорее всего вечером будут повторные обходы",1
"Есть информация, что на 7км рынок,заедет несколько бусов пидор@сов.Парни берегите себя! Нужно защищать друг друга,от этих фашистов не законных!7Км.не когда не сдастся,этим фашистам,нас они не смогут окупировать",1
Рынок нефтяникова приехали тцк 11.05,1
"Ленинградское шоссе в сторону города с Киевской трассы сразу один экипаж, а потом не разгоняемся, дублирующий, за БРСМ второй экипаж,контроль скорости",1
Теплодар ухилянты,1
Генерала Петрова 33 во дворах бус и 2 демона кофе пьют,1
"Радужный. Филлетово-синяя Нива (ВН 2898 ТА) с 3 непонятными личностями. Вышли из 14 дома и уехали. Все в темно-хаки форме, с сумочками на брюшке.",1
тцк парковая-ул зеленая,1
Радар киевская заа брсм,1
ул. Генерала Петрова,1
"Окружная, выезд с Посёлка, заправка ОККО блок-пост в две стороны",1
Нефтяников рынок куча оливок ходит,1
Люстра на Б.Хмельницкого остановили мужчину пешехода. Смотрят доки,1
Посёлок 10 линия на остановке забирают хлопца,1
10 линия зелёный бус собирает прохожих,1
Таврия Б. П. В сторону коминтернова. Мусоров пока нет.,1
Окружная. Нерубайское. Экипаж ментов за заправкой Мотто.,1
"Какая- то пробка на Юго-западном,возможно блокпост будьте бдительны",1
Золотая горка- пивзавод. Полицаи тормозят в обе стороны. Спасибо всем водителям за маяк. Актуально на 8 00.,1
"Окружная, заправка окко готовят блок пост в обе стороны",1
"Окружная ОККО с посёлка подъехали окна и мусор, выезд с посёлка мусора wog и перед кладбищем",1
"ОККО, окружная БП с посёлка.",1
Пересыпьский принимают называйте левые фамилии без паспорта ходите не показывайте документы,1
Пересыпьский мост золотое renault латвийские номера,1
"Пересыпь,Золотое renault,останавливается возле каждого ларька ( кофейни )один зеленый выходит с машин проверяет",1
око блокпост окружная. выезд с Шевченко перекрыт полицией ниже ОККО в сторону куяльника,1
"Доброе утро! Ленпосёлок, новая почта 15 патрулька и непонятный бусик! Будьте осторожны!",1
ОККО окружная с двух сторон БП,1
На 11:10 Костанди-Ёлочная Блокпост.Мусора и петухи в пикселях.,1
Жолио-Кюри дворы шляються,1
"Окружная, ОККО, блокпост в обе стороны",1
В Ж/м Радужный Дастер с ментами напртив Одрекса,1
"Виа-Рома, по 25-й шатаются пара маслин",1
"Остановка Радужный (с города, как ехать), стоит одна зелёная",1
"Дачное- универсам(зеленый дом),подъехали пиксели. Тцк или военные интересоваться не стал.",1
"Ленпаселок, катаются по улицам, тёмный бус фольс или мерин.",1
"Пересыпь, зелёный пирожок,рядом четыре рыла,мужик тикал от них, аккуратно.",1
"Ленпоселок катается бус,он же тоже не маленький.Можно было хоть немного уточнить,по такой-то улице проехал.Понтмаю,что пишется всё быстро",1
"Окружная ОККО, выезд с Посёлка блок-пост во все стороны",1
"Доброе утро всем! 8-10, Таврия Маршал заезд возле Егаза стоит приус без люстры, выходят курят поочереди и цинкуют по сторонам, акуратно!",1
Объездная в сторону посёлка не доезжая латовки перед подъёмом стоят мусора,1
"Доброе утро, вы уточняйте пожалуйста какой порт!!",1
Одесский порт,1
Комарова- между 25-й и Промсвязью в сторону центра,1
поскот окружная стоят тцк на окко и возле военкомата,1
"Объездная дорога, возле кладбища, в обе стороны блок-пост",1
Заезд на поселок Котовского со стороны куяльника заправка окко с двух сторон блокпост военные и полиция,1
По Лазурной во дворе проехал черный Рено Дастер с тцкунами в сторону маг.Копейка.,1
БП - юго-западный в сторону таирова!!!,1
Юго-Западный БП в сторону Таирова. Вместе с полицией,1
Ленпас на ваз рено кенгу с,1
Пересыпский мост прям на трамвайной остановке два мусора и тцк крепят мужика. На белой машине на черных номерах. Актуально на 13:00.,1
"Объездная перед поворотом на Нерубайское в сторону поселка стоят мусора на обочине, без люстры, аккуратно, пасут",1
В сторону Николаева за эпицентре возле заправке полиция стоит с синими мигалками,1
"Мост Пересыпь, аккуратно,стоят возле аптеки,около четырех,цынкуют.",1
"Пересыпский мост выезд с Головатого, 2 мусорских дискотеки стопнули копейку, хз почему но будьте аккуратны, 18.57",1
"Магазин копейка,пересыпский мост! Двое у входа,полиция,проверяют доки по гражданке,и ещё двое возле за обменником,тоже по гражданке,идите в другой магазин!",1
Окружная / Латовка БРСМ БП менты + ТЦК в две стороны,1
Объездная дорога ЛАТОВКА АЗС БРСМ много зелёных собираются ПОХОДУ БП БУДЕТ(,1
"Латовка БРСМ в сторону поселка БП менты + ТЦК человек 20 стоит. Будьте осторожны, объезжайте по возможности",1
Брсм латовка. Блокпост. Тцк и полиция.,1
"Больше спасибо тем, кто предупредил за Радужный!",1
"Латовка БРСМ в ДВЕ СТОРОНЫ ПЕРЕКРЫЛИ БП менты + ТЦК человек 20 стоит. Будьте осторожны, объезжайте по возможности",1
Латовка заправка БРСМ много оливок + пидоры с двух сторон,1
Объездная дорога за съездом на хаджибеевскую менты остановили машину,1
"Ставят пост на 7 км, после заправки БРСМ",1
Заехал белый ренно на черных номерах к таврии на территории жк одесские традиции.,1
На старый ильичёвской дороге менты стоят,1
Между Кабельный-зерновой в сторону города шмон тцк,1
"Поехали два бусика подозрительных, ленпас в сторону ваза",1
Зоринская-Почтовая машина черных без люстры у магазина,1
Генерала Петрова 7 - обходите стороной,1
"Теплодар, догоняли парня у 12 дома",1
"Теплодар, прямо сейчас мусора медленно ездят по дворам, будьте бдительны!!!",1
Полиция рынок Анжелика со стороны АТБ,1
"Пересыпский мост, напротив Копейки. Стоит кучка зелёных и чёрных",1
"Копейка, обменник",1
На Б. Хмельницкого,1
"На 13:15 рынок, Анжелика,, облава три машины полис и чёрный бус тцк на центральном ряду.",1
Особенно Юго-Запад области.,1
"Мечникова-Родина мусора стоят на зебре, в сторону Богдана Х, ждут без люстры",1
б/п 25-космонавтов на кругу,1
Теплодарлвский поворот Тцк +полиция,1
"Банковская,вог напротив брсм блок пост",1
Менты на окружной перед кладбищем в сторону Куяльника,1
"Объездная, с Посёлка,перед кладбищем -патрулька выборочно останавливает.",1
Стоит полиция перед кладбищем (объездная дорога) и ставят блок пост тцк на Окко.,1
"Окружная, Шевченко, зп ОККО в две стороны блокпост!!!",1
По окружной до кладбища менты после кладбища готовится БлокПост в сторону куяльника,1
"Объездная у кладбища БП в две стороны, перед ним со стороны поскота патрулька",1
Радужный за варусом возле Евы вяжут пацана,1
Между эпицентром 7км и заправкой сокар - менты на 9.35,1
Объездная поселок ОККО блок пост!,1
"ЖК Одесские традиции, ходят три пидора с папками, мужики аккуратно",1
"Старый пересыпский мост в сторону порта БП,3 - 4 оливки в балаклавах.",1
ДТП УГОЛ ГЕНЕРАЛА ПЕТРОВА-ГАЙДАРА.,1
Б.Хмельницкого выгрузились возле м-на Ствол 5 военных,1
Боженко -Столовая бп в обе стороны не только в сторону города,1
"Перед Переездом на развилке направо как ехать с на Паромку, а на лево на старую Люстдорфскую, стоят в две стороны менты",1
"На остановке 13 трамвая, Экспострой (Таврия) мини Блокпост, пару тех и тех",1
"Теплодар, катаются,менты, ментовские машинах, и менты в обычных машинах.",1
"Ленпоселок, на станции застава, стоят, высматривают мужчин",1
Генерала Петрова 23/3 23/5 во дворах - бус с тцк.,1
На генерала Петрова 23/5 много их,1
Юго-западный в сторону Таити бп,1
"Насчёт кучургана,вообще в те края не ездите без отсрочки и тд,очень мал шанс шо не загребут.",1
"Припаркован черный тонированный бусик,на иностранны номера,на стороне Сильпо, светофор..",1
Доброго вечера група бусик белий хлиб завод Слободка 5ч тцк актуально на сейчас,1
"Пересыпский мост, Маг.Копейка тцк и менты, не выходите",1
"Химическая-Грушевского стоят человек 25 оливки и маслины.. Тормозят всех, заезд в город на треугольнике.. 5.40..",1
Проспект Шевченко политехнический выставляют бп,1
06-30 поехали в сторону Ля-Сильпо,1
"Окружная выезд с посёлка перед ОККО, 2 приуса на люстре.",1
"По Ильичёвску катается белый бус, поехал с Александрийской в сторону утреннего.",1
"Объездная, после ОККО на повороте, много, только раскладываются. Готовят БП.",1
На объездной на выезде с Поселка возле кладбища перед ОККО - две патрульки пластмасовых нюхачей! А через 1 км дальше блокпост на Куяльнике. Актуально 7:25,1
"Окружная ОККО, выезд с Посёлка менты",1
Въезд в город с Киевской трассы За заправкой БРСМ спрятаны оливки,1
ленпоселок. Белый бус Вито возле базарчика.тцк Разговаривали с парнем,1
"Доброе утро! Мусора на выезде с Маяк в сторону города возле заправки Вог,тормозят выборочно, актуально на 8.15",1
"Посëлок, окружная, ОККО БП пробка.",1
"Окружная, прям перед поворотом на Красноселку полиция. Сразу за Укрнафтой!!!",1
"Окружная, прям перед поворотом на Корсунци - Краснаселку полиция. Сразу за Укрнафтой!! До сих пор стоят",1
При въезде на брсм Латовка стоит маслина и оливка,1
Заправка БРСМ перед силикатным,1
"Ленинградское шоссе в сторону города с Киевской трассы, за БРСМ, возле DAF центра,контроль скорости",1
"Стоит полиция на въезд в город киевская трасса, возле брсм",1
Сегодня будут трусить Таирово и Черемушки целый день.,1
Окружная движ продолжается,1
"Радужный. Катается патруль,без люстры,поехал в сторону АТБ.",1
"Объездная дорога, в сторону посёлка, в конце Куяльницкого лимана, перед поворотом на подъём!!!! Жёсткий Б/П!!! Зелёные нелюди с автоматами и чёрные фашисты, человек 50, тормозят всё! Берегитесь! Храни Вас Господь!!!",1
Маразлиевская-Сабанский переулок. Зелёные. На Т5 серого цвета. Осторожно.,1
Въезд в Одессу по киевской трассу за БРСМ радар спрятались за прицепом фури и их не видно,1
Черемушки магазин бакалея через дорогу бус тцк,1
"Радужный по бетонки в сторону 24 дома, Приус патрульный снова кружляет 13.36",1
"Новая почта номер 89. Авария стоят менты, зеленых не видно.",1
"окружная пробка в сторону поселка,дтп не бп",1
Окружная перекрёсток Латовка ДТП поэтому пробка,1
Люстра стоит в сторону поскота на середине куяльника,1
"18.08 Одесса восточная, копейка, подъехал синий бус с людьми в форме. Будьте аккуратны",1
"Грушевского-Парковая БП,много зелёных,будьте осторожны!",1
"Блок пост на БРСМ, перед 6-м элементом",1
6км заправка Брсм блокпост в сторону 7км,1
"БРСМ 6й км, в сторону 7го км БП, менты и ТЦК",1
Полиция тормозит. Не доезжая БРСМ у Борея в сторону паромки сразу после переезда со Старолюстдорфской,1
"Дальник маякская трасса в сторону маяк, полиция на против стадиона",1
"Маршал Сити, возле АТБ",1
Блок пост Политехнический институт много зелени и полиции!,1
"Начало пьяной дороги(Пересыпский мост)Золтистое Рено,рядом две олики и маслина.",1
"Мост пересыпь,возле магазина МЯСО В черной тойоте сидят 4 пидора",1
"Генерала Петрова 23,магазин "" Перекресток"" Тцк 3 по форме,рядом человека 2-3 в гражданском,чёрная одежда. Стоят пьют кофе. Ребята,берегите себя!",1
"Один зеленый в Варусе, Радужный. Ходит высматривает",1
Белый Hyundai 3358 поехал на шклярука,1
Маякская трасса за Дальником в сторону Маяк стоят с леденцом,1
"Ехали по Генерала Петрова и остановили напротив биржи,высматривать кого-то скорее всего",1
"Серый бусик Фольксваген с оливкой на генерала Петрова, напротив райадминтстрации",1
"Слободка, де памятники продают",1
"Серый бусик Фольксваген на чёрных номерах с оливкой на генерала Петрова, напротив райадминтстрации",1
Березовский район село Петровка Какая-то белая будка стоит на станции (ул. Привокзальная),1
Радужный курят возле атб 3 зеленых,1
"Станция Одесса-Поездная, стоит патрулька, в ней экипаж. Актуально на 17:50",1
К Таврии аэропортовскоц подъехал бум нац гвардия + полиция 20:22,1
"Больше всего похоже что человек который писал АТБ,просто ошибся наверное,он имел виду Копейка.",1
"6км, заправка БРСМ, БП в обе стороны готовится",1
Заправка Брсм на окружной бус 5 чел,1
Ленпоселок. ТЦК. Горизонтальная / П. Лещенко(Коминтерна). 09:00,1
Юго-западный магазин миратон ставят блокпост менты и тцк,1
"Амик генерала Петрова мусоровозка стоит, внутри и зелёные и черные",1
"Люди! Ромашковая-Петрашевского, возле магазина темный бус""добровольчий батальон-осторожно!",1
Радужный ждите гостей. Возле 9 дома сортируют повестки 3 коробки повесток на капоте,1
"Радужный поквартирный обход, одного уже в 6 доме запаковали!!!! Не открываем!!!",1
"Тцк бусс возле фурнітура Філатова 52,зашли в 1 подьезд",1
Синий Ситроен по шклярука в сторону жд больницы,1
На Ланжероне какой-то движ в районе 2х шаров. Пару патрульных машин катаются.. внимательно в этом районе,1
По Ланжерону катается несколько патрульных машин.. может просто смотрят за порядком.. но всё же..,1
"Бус полиция с тцк на заправке аmic,генерала Петрова",1
"Добрый день! По Гордиенко, Слободка, пошел чел, с седой бородой, в военной форме в сторону Левадной. Хер знает,",1
"Шклярука перед больничкой менты тормозят, сейчас кого-то мучают",1
"Пересыпский мост в сторону поселка, дтп, один экипаж леший не видно.",1
За баром по Жолио-Кюри стоит зелёный бус на чёрных номерах,1
Ленпоселок Горизонтальная магазин Вкусняшка 2 машины ментов пока пьют кофе,1
"Генерала Петрова, заправка Amic бус и Дастер полиция с тцк,просто стоят часа полтора",1
Одинокая зелень возле Ля Сильпо,1
"КОПЕЙКА!7-Я Пересипская прямо возле входа(17.20),четверо и в черном непонятные 2-е!",1
7 люстдорфсков партульная машина проверяет как водителя проежают кольцо,1
Набережная,1
Левитана-Жукова Шаурма на дровах целый кодляк пиксельных выгрузился только что,1
"Ленпаселок, ездят черти по району на бусе, марку машины не заметил.",1
ленпосёлок 130 мерседес принтер 5 додиков смотрите окуратно,1
Добрый вечер заметил машину Новая почта но в ней сидели два ТЦК будете бдительны замечен на Нефтяников,1
"Остановка Экспострой, прямо за катком, ближе к конечной 13 трамвая стоит бус нацгвардии, рядом с ним полно людей в черном",1
Блок пост Водопроводная-Бассейная актуально на 5.10,1
"6 км, возле БРСМ БП в обе стороны. Берегите себя",1
"6.00.2 столба,Маяцкая,на город,патрулька стоит.Уже одного тормознули,что то пишут,водила возле их машины стоит.",1
"Радужный осторожно!!! Пытались упаковать парня 22 лет без резерва якобы, АТБ стоит бус белый",1
"Объездная перед кладбищем патрулька ступает машины.Фары,ремень",1
Доброе утро!Стоят нюхачи за ОККО на против Эпицентра в сторону Николаева.,1
Хюндай 7888 катается во дворах Юго-Западный,1
"Зелёный автобус с военными заехал в александровку,та что возле Ильичёвска",1
Напротив эпицентра в сторону Николаева нюхачи так и стоят,1
"Окко окружная перед поскотом ТЦК, выборочно останавливают",1
9.10 Окружная в сторону поселка Котовского в районе кладбища ставят БП пока стоят без полици,1
окружная окко заправка с посёлка возле бани стоят,1
"Окружная, пос. Шевченко напротив окко в сторону посёлка, стоят тцк",1
Объездная. Выезд с поселка. Разворачивают блок пост. 09:20,1
"Доброе утро. В Теплодар заехали гости, 9:28",1
"БП Объездная дорога, заправка ОККО возле поскота",1
Китайский рынок подъехал бус с Тцк. Аккуратно!!!,1
"Окружная ОККо полиция и эти, в две стороны. Берегите себя и других.",1
10:25 Теплодар поехала полиция по городу,1
Окружная выезд с посёлка заправка окко стоят черти с 2 сторон тормозят всех актуально 10.35,1
На Ланжероне на парковке за полицией в сторону вилла отрады стоит 2 патрульных машины.. рядом никого не видно.. возможно внутри сидят черти... осторожно в этом районе,1
Конечная 145 маршрути за жк Радужный стоят Тцкашники!,1
"Доброалександровка по-прежнему стоят,вторая машина полиция поехали на Новоградовку",1
"Окко, окружная дорога Б/ П стоят гремлины, в две стороны",1
Объездная окко б.п.в две стороны.,1
"Переезд ленпас бегают, сидите дома!!!",1
белый бус с воякой катается между домами юз массив. Сильпо.,1
Теплодар ТЦК два буса,1
"Старая столовая, дтп 15:05",1
"ТЕПЛОДАР 40-41 в дом,внизу дома ментовские бусы.",1
1-й заливной.в переулке к порту.полностью тонированый Спринтер,1
Ездят менты по генерала Петрова на люстре,1
Теплодар дача тцка бусики,1
А где именно в Теплодаре?,1
"Генерала Петрова 51 пиццерия возле Сильпо, стоит один в зелёном",1
"Доброй ночи, кадор Таирова, кружляет белый хайс от сильпо до атб",1
Доброе стоят возле заправки БРСМ в обе стороны в сторону 7 км,1
Сходняк чертей окружная таврия В,1
"По городу ИЛЬИЧЁВСКУ катается тёмный Toyota Hiace в старом кузове 8765 с пикселями, и кошмарят мужиков. За рулём старый дед. Будьте внимательны!!!",1
Юго-западный готовят блок-пост в сторону города 9:30. Аккуратно!!!,1
На Юго-западном мусора трут с тцкунами будет бп,1
7 пересыпь перед переездом гены и полицаи,1
"Восточная, Жолио-кюри 26 гаражи. Патрулька 2 мента стопают машины. Тцк не видел",1
БП юго-западный,1
"Брсм 6 км много люстр, дтп, машина на аварийке",1
Кривая балка Слободка как ехать 125 школу машина остановилась вышел мент и тцэкашник,1
"Золотистый Рено, очень не спеша катаеться по сахарному поселку, слободка, с чмошниками!",1
"14.44 вн6537еi бусик от сахарного на пересыпь, оливки внутри",1
"Ленпаселок в сторону заставы поехала белая тайота хайс с буквой ""К"" на лобовом стиле.",1
"Таврия, менты стоят",1
"Добрый вечер, Генерала Петрова сидят в бусе Т5 смотрят по сторонам,может кому полезно будет",1
"Добрый вечер. О посте в 20 ч 26 мин. Генерала Петрова - некороткая улица, пожалуйста, поконкретнее, где опасность. Спасибо.",1
"Центр-фонтан катается куча патрулей, большинство без люстр, не нарушайте, светофоры, рядность, все лампочки... не давайте повода себя оставить!",1
Объездная/Нерубайское за заправкой в сторону Клевера стоят нюхачи.,1
Возле памятника Хмельницкого см1ття домахалось к Человекам! Смерть чертям!,1
"По поводу Ланжерона(Арки) полиция пропускает по несколько машин с интервалами, в целях безопасности, проводится легкоатлетический забег(полумарафон)",1
"Эпицентр 7-й, на остановке в сторону города бус с тцк",1
Ухилянти поставили БП среднефонт розетки,1
Іцхака рабіна поворот с 25 чапаєвско блок пост,1
Восход в сторону Генерала Петрова БП,1
"Генерала Петрова 53,55,57,это район Сильпо,менты ездят по дворам,люстры потухшие,бережем себя парни",1
Пересыпский мост стоят тцк,1
Пересыпь под мостом в сторону поселка 2маслины 3 оливки,1
"Рынок ""Восход""Микроавтобус+ментовский prius",1
Пересыпьский мост Табакерочка. Кого-то прессуют,1
Мост Пересыпь много зелени и чёрных Будьте бдительны.,1
"Пересыпский мост. Возле аптеки"" от склада""вояки останавливают,проверяют доки",1
"Пересыпский мост. Возле аптеки"" от склада"" вояки с ментами останавливают,проверяют доки",1
Пересыпский мост возле аптеки напротив трамвайной остановки два мусора и ТЦКашные крысы,1
Пересыпьский мост Митсубиси аутлендер чёрный полный зелёных и мусоров,1
"Теплодар ходят по квартирам по гражданке оборотни, всем внимание сейчас....",1
"Торговая-новый рынок, штрафуют за парковку.",1
Теплодар. Белый Дастер,1
Радужный 15 ( Варус),1
Генерала Петрова 36 ахтунг,1
"Новая почта 1,Малодолинское.",1
Пересыпский мост. Белста. Трое стоят,1
Сегодня кошмарили центральный рынок родного города русской славы Измаил. Увы там практически инфы нет по зловонному ТЦК(((,1
Улица дача королевского,1
"Одесса-Малая, на платформу, возможно и дальше пойдут, зашло три оливки, выгрузились из патрульки. Осторожно. Пару минут назад.",1
Пеший патруль нациков 3 чела дворы Затонского-Бочарова,1
"ОПАСНЫЕ МЕСТА: Сарата ""пяточок"" магазин ""Дуплет"" сборище чертей, магазин ""Тарас"" автостанция - вечный гнев и контроль, кпп - развилка могут растянуть ежей.",1
От седьмой в сторону Пересыпьского моста мусора на люстре едут,1
Стеко поехал по Окружной в сторону Куяльника,1
Стеко приехало на БРСМ на Латовку. Тут же уже готовится БП,1
Брсм латовка.Блокпост,1
Латовка брсм тцк,1
"Брсм Латовка,стоят тцк с двух сторон,уже подъехали менты",1
Успенская-Александровский авария,1
Фольц бусик темно серий на воен номерах проехал 7 Пересыпьскую в сторону Поскота,1
"Слободка, чуть ниже хлеб завода по улица курсирует бусик черный фольцваген, в нем ТЦК. Будьте аккуратны. Время 8:40",1
"Теплодар,заехали оливки с полицией",1
Теплодар катается Кенго по дворам сидите дома!!,1
Ильичевск-Молодежное стоят нюхачи в елках(пятиминутка),1
"Доброе утро, С.Молодкжное перед светофором на Санжейку-Черноморск, полиция в обе стороны, останавливают всех, проверка",1
Пересыпский мост менты по гражданке.,1
"ТЕПЛОДАР, катается белый бус,по дворам..",1
"Пересыпский мост, порт Одесса лучше не туда не ходить.",1
"Мост Пересыпь. Два военных и полицейский, проверяют доки у мужика",1
Теплодар мусора катаются по дворам,1
Юго-западный по прежнему стоит синий Ситроен и люстра,1
За переездом на 7-й Пересыпьской золотое Рено пробивают дворника.,1
Одесский порт актуально,1
"Ленинградское шоссе в сторону города с Киевской трассы, перед БРСМ, контроль скорости",1
"Проспект Шевченко, блок пост, политех-мак",1
За обжорой на 25-й во дворах поехал синий Ситроен 0926 с приусом,1
Черемушки возле авроры два гнойника высматривают че то,1
Порт ещё гоблины ходят,1
"Перед мостом пересыпь, поселок, проверка документов",1
Пересыпьский мост. Конечная 1 трамвая. 2 полицейских и 1 военный,1
Порт осторожно тцк,1
Пересыпь мост не по форме около аптеки,1
Белый бус возле Атб на генерала Петрова. За рулем пиксель,1
БРСМ как на 6 км ехать готовят блок пост,1
"6 км, БРСМ, блокпост в обе стороны.",1
"Объездная, заправка Окко в обе стороны. 9:03",1
Слободка Хлебзавод полиция актуально на сейчас,1
"Ул. 10 линия, Поскот. Трамвайная. В сторону города переодетые 6 чел встречают с трамваев,всматриваются, ищут мужчин",1
Metro уже стоят возле дороги в сторону города с посёлка Котовского походу будет сейчас блокпост,1
4 станция фонтана-блокпост в сторону города,1
"Район Борея, между ж/д переездом и БРСМ в сторону паромки, стоит полиция без мигалок, останавливают",1
"Пересыпский мост, недалеко, возле Сяйво 3 ухилята курят пьют кофе",1
Китайский рынок Таирова менты,1
Окружная ОККОставят б/п,1
по М.Арнаутская до Ришельевской- ДТП просто,1
Объездная ОККО с двух сторон 9.00,1
За брсм в сторону 7 км стоит 3 патрульки,1
"Ленинградское шоссе в сторону города с Киевской трассы, перед БРСМ, контроль скорости и так же в обратную с Ленинградского шоссе перед Киевской трассой на мосту",1
"объездная дорога, тцк штук 8 пакуют",1
Объявления в Днепропетровске - https://t.me/doski_goroda/11,1
6км. Стоят леденцы и зелёнка за БРСМ. Останавливают выборочно.,1
Окружная ещё стоят. Никто даже не моргнул фарами....,1
Блок пост в две стороны окружная вдоль посёлка Шевченко,1
"На 12.35 - объездная дорога, заправка ОККО, перед посёлком Б/П!!! Зелёных мразей штук 20 и с ними чёрные тараканы!!! Берегите себя!!!!",1
Окружная дорога поселок Шевченко блок пост стоят,1
По дворам Черёмушки,1
"Он постоянно катается на Таирова и возле компаса по дворам, во дворах акварелей возле входа на склад эпицентра, был замечен не раз",1
По рынку Черёмушки шарятся несколько зелёных чмов.,1
Новосельского- ольгиевскя возле Точки тцкашники и полицаи,1
"7-небо. Копейка, одинокий мусарок. Не местный. Хз чего стоит",1
БРСМ 6 км пьют клофе шт 20,1
"6км, заправка БРСМ",1
"Таможенная, порт блок пост",1
6км перед БРСМ блок пост тормозят все что едет.,1
Посёлок. Окружная за заправкой укрнафта поворот на корсунцы Б.П 8:08,1
"‼ Окружная, поворот на Красноселку, БП",1
"6 км, METRO блок пост",1
Генерала Петрова сбоку Сильпо белый бус,1
"Район 6км, между АЗС ""БРСМ"" и АЗС ""Shell"" - БП в обе стороны",1
"Объездная дорога в районе поворота на Межлиманское перед заправкой БРСМ как ехать с посёлка, патрулька и три чупачупса.",1
"Радужный первый въезд, заехал патруль",1
"Порт ТИС ТЦК пробивают по планшету и смотрят документы,на проходной останавливают всех",1
"6 км, заправка БРСМ БП в обе стороны, проверяют всех.",1
Посёлок. Окружная за заправкой укрнафта поворот на корсунцы Б.П,1
"Объездная с пос кота БП,оливки,будьте осторожны",1
"Объездная дорога, автомойка GrinWash, Б.П. прям на Мойке в сторону куяльника",1
"Шевченко 2 выезд на окружную и через посёлок перекрыли мусорьё и черти,с посёлка окружная перекрыта,с красноселки на окружную не выехать.",1
За таврией Маршал в сторону эпицентра стоят у машины оливки,1
Заправка амик за таврией маршал 4 зеленых стоят назавравке,1
"Окружная дорога с посёлок Котовского, стоят",1
"Окружная, блок посты в обе стороны возле Вог",1
На Куяльнике съезд со объездной стоят менты всех останавливают 9:25,1
Порт ТИС не тцк а погранцы на проходной проверяют обликовые документы!,1
"Рынок восход, аккуратно",1
"Выезд с Красноселки БП, выезд на объездную в сторону Куяльника БП. По объездной в сторону города, напротив ""Окко"" БП. Очень много и оливок и маслин",1
Объездная дорога поселок Котовского б.п.в обе стороны на 10.00,1
"Поселок, объездная, объезды через частный сектор Шевченко все перекрыты! Будьте осторожны!",1
Переселенец в сторону Маяк стоят пидоры с радаром,1
"Теплодар ТЦК,заехали между 6 и 7 домом. 10:26",1
На въезде в Одессу по киевской трассе за БРСМ патруль ловит на скорость будьте осторожны не нарушайте,1
В сторону маяк Роселенец радар,1
Поселок объездная БП возле ОККО в сторону поселка,1
Объездная стоят в засаде тцк будьте осторожны,1
"Киевская трасса В сторону города, за заправкой БРСМ. Ловят на радар",1
Зелёные военные Шклярука/геллера,1
Объездная с посёлка перекрытая вдоль и поперёк в сторону Латовки.много демонов разных.,1
"Канатная-Куликово БП, Акуратно.",1
Серый вито с зелёными кошмарят Ленпоселок,1
"Непонятно почему но стоят менты, смотрят в сторону киевской трассы, Грушевского- выезд на Киевскую трассу!!!!",1
"Аккуратней, на Ленпосёлок заехали людоловы в пикселях, серый бусик катается по району ловит ребят",1
Радужная Таврия,1
Полный автобус тцк и менты Таврия Савиньйон,1
Маршал. Стоят на заезде в город. С чупачупсами двое.,1
"2 блок поста подряд окружная, выезд с Котовского напротив Укнафта и сразу второй справа за поворотом на Красноселку в районе мойки самообслуживания",1
Объездная на посёлок с посёлка до сих пор перекрыта работает ТЦК,1
Юго-западный масив раскладывают б.п в сторону таирова,1
7-я пересыпская за переездом менты и тцк,1
"Мариинская- Итальянский, не успели кинуть шипы, пацану повезло. Будьте бдительны.",1
Киевская трасса на въезде в город возле БРСМ за фурой как мыши спрятались два экипажа полиции с радаром ловят на скорость,1
Зашли а Ситицентр,1
Два экипажа мусоров на киевской БРСМ на 16.30,1
Киевская трасса заправка БРСМ при вьезде в город радар спрятался за при цепом,1
Маршал Сити на остановке бус с подливами,1
В районе Староконного патрули пешие,1
"‼ Окружная, ОККО, БП. 10:40",1
Жк Одесские Традиции вояки ходит вынюхивает,1
Латовка в сторону поселка Котовского на БРСМ полиция,1
Менты БРСМ Латовка,1
Окружная ( дамба ) ближе к Нати дтп собирается не хилый затор,1
"Блок пост БРСМ 6км, 6 элемен в обе стороны",1
БРСМ Латовка менты стоят,1
БРСМ Латовка менты стоят 8:25,1
Шестой километр в оби стороны пробках Блокпост Где брсм заправка в две стороны ухилянты в Балаклава и синие с ними.,1
Киевская трасса в сторону города брсм радар и на холодильники под мостом полицаи стоят.,1
Окружная заправка ОККО стоит одинокий зелёный в сторону города,1
"БП на объездной, в сторону Куяльника, стоят на ОККО",1
"Окружная Окко напротив военкомата блок пост петухов. Спасибо огромное всем, кто моргал!",1
Мусора Китайский Рынок,1
"Теплодар поворот на дамбу ВНС два экипажа мусоров стоят, бомбят легковые!",1
"По Ильичёвску катается уже не первый день хюндай Н200 белый тонированный, одна оливка за рулём. По ходу работает разведчиком. Но могут и отлавливать, номера не удалось увидеть.",1
Киевская трасса БРСМ патруль ловит на радар на въезде в Одессу как мыши спрятались фуры из-за сильного тумана не видно их,1
"Эпицентр, Лиманка белый бус, уже стоят выписывают мужику",1
"Объездная, заправка ОККО, пос. ШЕВЧЕНКО в обе стороны черти и менты!",1
"Киевская трасса БРСМ на въезде в Одессу,перед первым светофором.",1
"БРСМ НА выезде с Одессы,Стоят с радаром.",1
Возле отеля Чёрное Море блок пост.,1
"Окко, объездная. БП в две стороны. Актуально на 11:50",1
Китайский рынок опять приехали маслины на тоже место,1
"Киевская трасса В сторону города, перед заправкой БРСМ. Ловят на радар",1
Легавые по киевской возле БРСМ С ФЕНОМ,1
Киевская трасса на въезде в Одессу БРСМ стоит патруль с радаром ловят на скорость туман их не видно не нарушайте не попадайтесь,1
"Эпицентр 7ой. КМ. Три Мента, зелёных не видно. Зашли в кафешку.Всем хорошего дня.",1
"Белая Ванетта с черной дверью с объездной,повернули на Жолио-Кюри!",1
Теплодар одесские мусора,1
В теплодаре полицейские остановили парнишку на мопеде,1
Рынок восход большой автобус синие полоски на нём на жёлтых номерах будьте осторожны,1
"18:45,Хлебодарское,на остановке,как в сторону Теплодара. Зелёный стоит. На всякий случай.",1
"Пересыпь,копейка/обменник,стоят дырявые планшетники, актуально на 21:00",1
Стоит полиция и военные возле входа в порт. На Таможенной.,1
Окружная между Куяльником и пос.Шевченко.,1
"Доброе утро! Пастера-Старопортофранковская блок пост, менты+тцк, я когда проезжала то останавливали пока машины, но для маршруток опасность есть тоже понятное дело! Всем хорошего дня и берегите себя. Актуально на 6:57",1
"Доброе утро, объездная, там где обычно в камышах какают они, приехала уже мигалка, встали на то место, ещё не приехали, 07:28",1
"Объездная, камыши. Собираются. Полиция и несколько машин с тцкашниками",1
Окружная с поселка в сторону куяльника,1
⏺Южный продолжат работать.,1
Зондер командос между Куяльником и пос.Шевченко.,1
На юго-западной блок пост.,1
Юго-западной стоит их автобус ждут ментов. Пряна Хата,1
Конечная 146 ( Жолио-Кюри) по дворам катается мерседес зеленый с военными,1
Окружная блок пост,1
"Окружная дорога, между куяльником и Палермо, мощнейший БлокПост в две стороны, пробка с посёлка с поворота на красноселку",1
"Объездная дорога возле заправки 7-ая миля стоят менты с мигалкой,останавливают выборочно (в сторону паскота) 9:45",1
Дмитрия донского-ДТП,1
Ленпосёлок аккуратно белый бусик спринтер полный пикселей катаются по улицам,1
Теплодар тцк с полицаем катаются дворами,1
Окружная возле куяльника в две стороны ТЦ комменты,1
Объездная дорога между Куяльником и заправкой ОККО БП в обе стороны. Дохера чёрных и зелёных. 10:40,1
Блок пост объездная дорог эта в обе стороны. Проверяют почти все машины!,1
Радужный за конечной маршруток тцк,1
"Объездная дорога, не доезжая кучльницкого моста, очень много тцк, блокпост, около десяти легковых автомобилей пустые, уже приняли водителей. Будьте осторожны!!!!",1
Во дворах на Генерала Петрова. Ходят и вылавливают пацанов. Будьте аккуратны!!! Мир!!!,1
"Ивановский мост-кордонная, стоят менты",1
"Генерала Петрова, 50, полицейская машина у подъезда на люстре",1
Маякская трасса в сторону маяк присутствует полиция,1
Напротив брсм,1
"Великий Дальник, ул Б. Хмельницкого 30 каждый день стоит рено камужное",1
Развернулись на перекрестке и пошли в сторону уже суперм.Копейка,1
По ЛенПасу катается черный бус с черными номерами.,1
6 км заправка БРСМ тцк собираються пьют кофе,1
БРСМ 6 км людоловы тьма пьют кофе и готовятся ставить блокпост,1
БП 6км за Брсм в сторону Овидиополя,1
Пересыпский мост на остановке 232 в сторону посёлка 3 оливки.,1
за заправкой БРСМ в сторону города с радаром,1
"За переездом,перед Бурлач.Балки,возле БРСМ стоит полиция",1
КИЕВСКАЯ ТРАССА НА ВЪЕЗДЕ В ОДЕССУ БРСМ ЛОВЛЯТЬ НА СКОРОСТЬ.,1
Окружная начало кладбища стоят синие активно ставят,1
Генерала Петрова 1.бус ТЦК серый вн 26-12? Принималово стали возле приёмки втор сырья высматривают жертву актуально 10:45 будьте осторожны! Нацисты в поиске новых жертв!,1
"Внимание кто едет в город по киевской трассе, мусора ловят на радар первая сразу за БРСМ, вторая перед последним светлофором за фурой стоят",1
"Серебристый Вито район ваза,поехали в 11:50 в сторону ленпаса.",1
"Менты стоят, выезд с Красноселки на развилке- кладбище, окружная",1
"На Шклярука, возле жд больницы 2 экипажа полиции штормят пацанов",1
На углу жд больницы (Шклярука/Октябрьской Революции) полицейская машина. Полицейские прессуют людей.,1
КИЕВСКАЯ ТРАССА НА ВЪЕЗДЕ В ОДЕССУ ЗА БРСМ DAF ЦЕНТР СТОИТ ПАТРУЛЬ ЛОВИТ НА СКОРОСТЬ НЕ НАРУШАЙТЕ,1
"25-чапаевская,перед кругом патруль тормозит,выборочно",1
(Заправка ОККО или Новая почта),1
"Напротив Эпицентра, второй наряд полиции стоит для контроля в начале Китайского",1
Во дворах по Данченко проехал бус Мерседес Вито белый(многим известный уже),1
"На въезде в Хлебодарское со стороны Маяк шакалы с родаром стоят,напротив мойки и заправки время 14.22",1
М.Арнаутская-Шмидта-блок поста уже нет.Актуально на 15:19,1
Объездная в сторону ямы за заправкой и вог стоят менты,1
"Генерала Петрова,напротив заправки AMIK три полицая остановили парня.",1
Ленпас базар стоит тонированный бус и через дорогу На Лещенко возле банкомата стоят менты Осторожно,1
Чёрный вито нарезает круги садовая-Соборка-Коблевская-торговая,1
На 2 шарах на Ланжероне непонятный движ.. мусора катаются,1
"Теплодар, бус завернул в сторону 15 дома по Плиева. Двое назгулов вышли и пошли вверх по аллее.",1
"Теплодар, не открывайте двери. У них целая связка чипов от домофонов и они стучаться и звонят во все двери.",1
Александровка что возле Ильичёвска менти по центральной ул катаются медленно,1
Чёрненькие на машине возле Укр.почты.Слободка.,1
Таврия (в) поскот.,1
"Информативно! Какая ""Таврия""???",1
Только что золотое рэно на бляхе медленно проехало дворами через Заболотнго 38,1
"Латовка заправка БРСМ в доль кладбище, ТЦК с мусарами",1
Дача Ковалквского бус цвета хаки на бляха в сторону города.,1
БРСМ в сторону седьмого блокпост,1
Доброго ранку группа Слободка хлеб завод тцк актуально на сейчас актуально,1
"На поле между Ленпасёлком и 7 км. мусарилы гестаповские, караулят водителей объезжающих по полю.",1
Стоят на METRO при выезде с поселка в сторону города,1
ОККО объездная будет БП 9:04,1
"Объездная возле военкомата много пятнистых, может будет блокпост",1
ОККО Палермо окружная блок пост в обе стороны,1
"Ленпаселок полно мусоров ездят туда сюда. Будьте осторожны, могут доебатся.",1
"Объездная ОККО с поселка, стоит целая куча зелёных",1
Ленпосёлок будьте окуратны сегодня там много ментов и оливок! Район переезда!,1
Таврия волшебный мир Савиньен на парковке целый автобус зеленых,1
Паромная переправа в сторону ильичёвска менты и тцк стоят,1
Костанди-Левитана ездит Ментовской Оутлендер номер 1684 едет мозги мужчинам,1
"Шмидта-Малая Арнаутская, геи на охоте БП",1
"Прошли мимо цытруса,не увидела то-ли в базар зашли,то-ли куда повернули",1
Стоянка Таврии Маршал бус с черными и зелеными,1
"Киевская трасса БРСМ, на въезд. маслины с леденцом",1
Нерубайское мини бус новая почта с чёрными номерами внутри тцк,1
"Великий Дальник,нова почта свинорылых много",1
Черемушки серый бус Хюндай оливки и маслины катаются дворами! Космонавтов-Филатова. Район садика. 14:45 актуальное!,1
Доброе Эпицентр тцк менты готовят блок пост. Таирово.,1
Окружная с поскота. На заправке ОККО стоит уже патруль. Блок пост скорее всего будет,1
Люстра ОККО окружная с поскота,1
Доброе утро! На Б. Хмельницкого чёрные ходят записывают номера машин припаркованых на обочине. Берегите себя!,1
"Окружная с поселка возле ОККО мусора уже стоят,и зелёные раскладывают блокпост,берегите себя",1
"Мусора объездная окко все еще стоят, пока без чертей",1
"Объездная ОККО, выезд с Поскота одинокая машина леденцов. Вероятность БП.",1
Теплодар тцк! Берегите себя!,1
"Окружная, камыши подтягиваются",1
Объездная. Камыши. Готовится БП,1
"0683 темно синий бусик вито,возле хлебзавода на генерала петрова,доебались к парню",1
"Окружная (камыши )где арбузы продают,бп менты и тцк",1
Пробка аж от ОККО начинается на объездной в сторону куяльника,1
За Куяльником в сторону просел Котовского БП,1
"По слободке рынок катается Фольксваген зелёный хаки,,,оливки в машине много",1
Эпицентр Таирово на повороте полиция проверяет документы - без тцк.,1
Мусара с выключенной люстрой катаються по дворам в районе Жолио-кюри 64.,1
"- Отрывок из Библии ""когда творишь милостыню, пусть левая рука твоя не знает, что делает правая, чтобы милостыня твоя была втайне; и Отец твой, видящий тайное, воздаст тебе явно.""",1
Химическа-степная-столбовая катается синий бус с тцк,1
Черный внедорожник нацгвардии заехал на станцию Одесса-Поездная,1
"Окружная камыши,стоят и кошмарят всех по обе стороны!!!!",1
Пересыпский мост конечная трамваев. Проверка документов,1
Люстра на спуске от ямы к куяльнику,1
Проспект шевченко-шампанский пер два подозрительных мужчин в гражданке высматривают мужчин 17:30,1
Хлеб завод Слободка два дастера с двух сторон шманают,1
"- Пешеходный переход – остановись у края проезжей части и посмотри, как учат Правила, налево-направо.",1
Пять оливок тцк стоят напротив мойки медуза около въезда в радужный. Будьте внимательны,1
"Доброе утро,в сторону пересепского моста на против брсм стоят гады с БП",1
Объездная камыши опять кучкуются возможно БП будет,1
Объездная с Поселка (арбузы) - странно припарковались на обочине (блокпоста ещё нет),1
Объездная камыши много зелени,1
Море мразей 9.54,1
Люстра с феном брсм с киевской в город,1
ТЦК заехали на китайский рынок будте бдительны,1
"За Брсм Латовка стоят менты в сторону Ямы, берегите себя!",1
Добрый день по классике жанра на въезде в Одессу за БРСМ в карманчики спрятался патруль ловит на скорость не нарушайте,1
Радужный уже видел где то восемь машин. Катаются смотрят.,1
"Здравствуйте, перед Хлебодарским с Маяк радар",1
"При выезде с Маяк в сторону Беляевки менты в обе стороны. нюхают,проверка доков. Будьте осторожны...Сцыкунов пока небыло 11.50",1
12-10 7-я пересыпская прямо на переезде подъехала белая машина с белым военным номером ГШР. Выскочил мусор с военным и докопались к мужику с проверкой,1
"Экспострой белый форд транзит,зелень внутри",1
При въезде в город БРСМ стоят две патрульки ловят на радар,1
Радужный - Полиция,1
Вдоль дороги Таврия Зоряна(детский мир)стоит на габаритах минут 20 белый тонированный бус с рамой на крыше Вн 74-96РI никто не выходит.С него видна вся парковка и подходы,1
Спасибо пацану что моргнул. На 6 км БРСМ чуть не попали уже стоят,1
Напротив нового мегадома стоит без света ментовская машина,1
Metro посёлок....пока люстра стоит...можно проехать...на парковке,1
Рампа стоит пиражок с маслиной. Работникам Сильпо осторожнее.,1
Вільямса люстра з чупачупсом напрти АТБ,1
Белый бус 3358 и Серый бус хундай.Бреуса-рекордная,1
Киевское шоссе напротив БРСМ в сторону города гаи с феном,1
Въезд в город киевская брсм гномики с леденцами,1
Выезд с поселка окружная.,1
Свернул на колоническую к ЗРС,1
"Ленпоселок (ваз) мусаюора с ними зелёный мудак, стоят на обочене.",1
Блокпост если ехать с эпицентра к маршалу,1
На въезде в Одессу (киевская трасса) БРСМ стоят мусора с феном,1
Порт выезд белый дастер чёрные номера. Принимают,1
Уточните какой порт?,1
Радужный.Варус.пацана поймали.повели в бусс,1
"Головатого, заправка БРСМ. Стоит 2 патрульки. Пока пьют кофе.",1
"СА 0683 ВС синий Мерседес Вито во дворах на Королева-Архитекторской. Внутри людоловы в балаклавах, погнались за парнем - успел убежать. Будьие осторожны, не выходите в этом районе.",1
Ленпаселок в сторону двух поехал фольксваген разукрашеный без номеров,1
Мусора шастают по Теплодару!Что то вынюхивают,1
Мужики стали на 6 км только что возле БРСм не суньте,1
"ТЦК в две стороны 6 км, БРСМ заправка.",1
"БП БРСМ 6-елемент опять развернули (8;50), был перерыв между 8;10-8;25.",1
Конечная 148 ч.таврия бп,1
Всем привет внимательно возле АТБ радужный сотрудник только что нарвался на ТЦК но успел убежать,1
"Радужный прямо на против атб стоит машина тцк,выжидают жертву",1
Коминтерново По ул. Б.Хмельницкого ездит оооочень медленно черный мерс. Повернул на соседнюю улицу,1
"Через Александровку в сторону Ильичёвска поехал белый бус полный ТЦКшными рожами, всем приготовиться.",1
Генуезька ля сильпо авария пробка,1
Петрадолина за заправкой в сторону Маяк,1
Петрадолина за заправкой в сторону Маяк стоят мусора,1
Радужный конечная 145 маршрутки. Стоит полиция останавливает всех.,1
ж/м Радужный конец 145 маршрутки стоит полиция ставит всех подряд,1
12:05. Экипаж полиции заехал на РАДУЖНЫЙ - походу что-то намечается!,1
Черемушки копейка…Берегите себя.,1
"Радужный только что 2 мента зашли в 6 дом 3 парадная. Не местные, т.к. ждали пока откроют парадную. На всякий случай.",1
Нефтяников Слободка 3 оливки на машины. Около остановки,1
Великий Дальник. Нова почта много свинорылых.,1
"Радужный, второй заезд, стоит бус на остановке. Лазят пидорасы вокруг, забрали парня одного",1
"Красная ""Таврия""с зольдатами разъезжает по городу,могут быть ТЦК",1
"Почти каждый день, киевская трасса при въезде в город там уже 5лет знак 50 типа ремонтные работы мостика уже 5лет сразу за БрСМ и въездом в Даф сервис пидорасы прятают корч за фурами где их не видно но хуесос с радаром иза фуры ловит на скорость!!!",1
Ля сильпо. Патруль почему-то стопнул беху прям на входе,1
Шклярука ДТП полиция на люстре оформляют,1
"Левитана-Жукова, на парковке Копейки нацгвардия пресуют.",1
"Хлебодарском мусора, Таврия на стоянке",1
"Пересыпь таможня, возле детской площадки кошмаряд пацана",1
Таврия Маршал. Сбор оливок.,1
Болгарская-Цветаева ездить ментовской кадик неспеша 10.30+-,1
"Таврия Маршал, сбор зеле защеканов, может будет блок пост, может просто будут Таврию шмонать.",1
"Таврия Маршал,стоянка.Сбор оливок.",1
Какая именно Таврия в??????угол какой улицы? спасибо.,1
Парковка Таврии маршал,1
Таврия маршал дохрена гнид зелёных,1
Утренний рынок,1
"Только что на Юго-Запад. массив подъехали два бусика. В одном маслины оливками,второй оливы.",1
"Что значит ""заправка выезд в сторону Ильичёвска""?Пусть пишут конкретнее и яснее,откуда выезд и куда!!!",1
"Люстдорф,рядом с аркой стоят с леденцами.",1
Китайский рынок менты проверка док в сторону эпицентра,1
"Юго-Западный масив в сторону Таирова блок пост, но пока не останавливают",1
"Александровка та что возле Ильичёвска,общежитие- полеклинника стоит потрулька",1
Генерала Петрова 47 во дворе мусора сидят в бричке пасут,1
Генерала Петрова возле заправки Amik мусора тормознули бус но отпустили,1
"Полиция возле Сильпо на Генерала Петрова выписывают штрафы за парковку на местах для инвалидов, но все равно будьте аккуратны",1
Давида-Ойстраха 20 нацгваридия два пеших патруля разделились,1
Доброе утро. 6 км БРСМ гестапо выставляет блок пост. Всем внимание берегите себя,1
На радужный поехал отряд.. будьте острожны,1
Пять оливок тцк стоят напротив мойки медуза около въезда в радужный,1
"заезд в Радужный прям возле ворот Евы стоят без фар и без люстры, смотрят по сторонам!",1
Радужный 15/1 только что на втором этаже чуть ли двери не выламивали и пошли дальше по соседам,1
"Окружная (на против ОККо) полиция, бус Окна рядом 4 зеленых( стоят поют кофе)может будет БП, направление (как ехать на поселок)",1
"Окружная, возле кладбища ТЦК",1
Китайский рынок леденцы,1
Варус радужный 2 пацана только что забрали,1
Блок пост окружная с поселка возле кладбища,1
Выезд из города киевское шоссе напротив брсм люстра на 9.10,1
"Объездная в сторону посёлка, не доедая Окко бп, еле свернул в частный сектор",1
Варус радужный 2 затолкали в бус,1
Вокруг староконнки с 7 утра и до сих пор курсирует хайс бежевый хватают пацанов,1
"Доброе утро, окружная дорога,заправка ОККО, Блок пост.",1
Кадорр Таирова катаются мусора!,1
Радужный второй выезд ходят,1
"На парковку сити-центра Таирова, заехал белое рено (типа кенго), на черных номерах, будьте аккуратны.",1
"Парковщики Слободка, вокруг 11 больницы! Внимательно!",1
Авдеева-Черноморскоко белый спринтер желтые номера пресвят пацана,1
Непонятная военная машина стоит 14:30 возле Одрекса ж/м Радужный,1
Радужный новый заезд высадилась толпа с ментами очень опасно,1
Киевская на брсм мусора щимят водителя на 16:30,1
"Парковка атб маршал сити, белый бус Рено с зелеными. Будьте аккуратны",1
"Те кто начинает качать за права будут с пометкой,когда вас приезжают забирать ""базар"" предупреждают что этот вот сильно умный и вы половину времени в учебки с упора лежа вставать не будете,вам еще дадут бревно с котором вы всю учебку должны будете ходить (на личном опыте говорю ).",1
Черёмушки 10 квартал. Черные с мигалками блудят по дворам,1
"Латовка, БРСМ в сторону посёлка, стоят нюхачи, будьте окуратней!",1
Латовка БРСМ в сторону поселка Котовского менты останавливают,1
Латовка за брсм люстра в сторону поскота,1
"Подъем с Куяльника с (Поскота) леденцы только подъехали, без люстры.",1
"На окружной после подъема на Куяльнике, перед заправкой Амик стоят наглые мусора, останавливают фуры. В сторону латовки.",1
"Во дворах за сильпо 1 ст. Люстдорф дороги, белый хундай.",1
"Блок Пост!!!: 6 км., от БРСМ в сторону 7 км уже пробка!!!",1
6 км БРСМ все накаленно,1
"Объездная, между лиманами на Латовке 2 ментика стоят, караулят нарушителей.",1
"Напротив эпицентра 7км, сучара на бусе тормозят выборочно",1
Юго-Западный возле ПриватБанка уже блокпост как ехать на Таирова,1
"Радужный, ходят по квартирам",1
Угол Училищная-Нерубайская стоит патрулька,1
Атб генерала петрова бусик,1
"Дорога с Фонтанка-Крыжановка, 2 машины полиции, одна в районе мехколоны спрятались за магазином, 2 чуть дальше ближе к вианору тормузнула мужчину на авто. Аккуратно.",1
Порт ТИС 1проходная стоят.,1
"Пересыпский мост, 2 ублюдка, не по форме возле обменника прессуют парней. Становятся спереди, чекают по телефону не дают людям пройти. Чисто черти.",1
"Двое в штатском - Пересыпский мост, Копейка, обмен валют.только что.",1
Ленпоселок катается черный бус оливки,1
Пересыпский мост полиция и скорая. Не видел чего 20.28,1
"⏺Южный!! такое ощущение, что усилили облавы, ожидаем того же и завтра",1
"Доброе утро, спасибо водителю что моргнул. БРСМ 6 км пьют кофе но мы проскочили скоро будет БП",1
Окружная ОККО выезд с Посёлка блок-пост в три стороны.,1
БлокПост в сторону города metro,1
Окко объездная. Выставляют! Друзья моргаем!,1
Окружная выезд с поселка возле ОККО рпзворачивают БП,1
Окружная око б/п,1
Окко окружная в две стороны бп,1
"Окружная, Корсунцы, чуть дальше заправки ОККО БП. В 3 стороны, так что объехать через 43 линию не получится.",1
"Доброе утро, окко окружная бп, через шевченко тоже не объехать",1
Бп окружная за окко как ехать к куяльнику с двух сторон,1
"6йкм, Овидилпрльска дор БП. Возле брсм. С города",1
"Окружная, возле ОККО, БП в обе стороны в сторону Куяльника и и в город",1
Шклярука/авдеева серый бус хундай мусор выскочил к мужику,1
На шклярука тоже видел демонов.Такой же Хюндай серый номер КА...,1
"На улице левадной(слободка) спрятались мусора и видят тачку,выскакивают и сразу тормозят",1
"под мостом пересыпь в сторону поскота ДТП, движение в трауре",1
"Добрый день, информация!!!всеми известный бус хюндай н1 7889 который курсирует таирова,Черёмушки поменял номера КА9582ЕО Возможно цифры наоборот сильно не присматривался,чтоб не привлечь внимание.",1
"Напротив окко объездная,ехал с куяльника,проехало навстречу машин 20,ни одна не моргнула фарами,товарищи водители вы скисли все или что с вами?кстати навстречу в сторону ямы поехал зеленый мерс с гнидами на бляхе",1
Одесса-малая большой зелёный автобус MAN на жолтых номерах ТЦК,1
"Новая дорога на Черёмушки,",1
"Грушевского-Нефтяников в сторону киевской трассы, не БП, дтп копы на месте",1
"Радужный, 2-й заезд, поехал патруль полиции, будут кататься по ж/м. Внимательно!",1
Таврия маршал НЕ бп-сломался троллейбус на перекрестке,1
Генерала Петрова Возле центра занятости,1
"В сторону Киева,на выезде из города,напротив БРСМ,стоят ловят на радар.",1
Осторожно ездит бусик темно синий весь тонированный ат 3929аа генерала Петрова,1
Собираются на заправке БРСМ,1
Пьют кофе на БРСМ 6 км скоро встанут,1
"Не доезжая 7-й пересыпьской очень много,в сторону посёлка",1
"Доброе утро, вечерний рынок менты 3шт.",1
Доброго дня инфа через минут 40 будет огромный блок пост на голубой Дунай (слободка ),1
"Эпицентр, Таирово патруль, без люстры на парковке",1
Доброе утро.китайский рынок леденцы,1
Объездная заправка ОККО 2 пикселя пьют кофе возможно будет блокпост,1
Добровольского-Марсельская за хлебным ларьком два зелёных труться,1
Китайский рынок тормозят за свет там уже считается не населеный пунк на светофоре табличка Одесса закончилась включайте свет,1
"Ленпоселок Юхима Фесенко 13 возле магазина, серый Мерседес Вито с военными",1
Белый бус 1028н5 с жимирской поехал в сторону Ленпоселок,1
Теплодар будьте аккуратны проехала полиция!,1
‼‼ 1-й ЗАЛИВНОЙ В СТОРОНУ ПОСЕЛКА БЛОК ПОСТ‼,1
"Академіка Вільямса, 89а",1
"Китайский рынок, стоят с леденцом,на дастере",1
"Банковская,БРСМ пост,а также напротив в обратном направлении тоже, ещё пост под мостом где трамвай ходит",1
Банковская!!!!БРСМ В СТОРОНУ ГОРОДА И НА ПОСЕЛОК!!блокпост в обе стороны.так же есть небольшой туннель рядом под мостом там тоже стоят!!,1
На Балаковской возле брсм по две стороны зелень 6 рисуют одного,1
сообщают что ленпосёлок сегодня будут сильно штормить,1
Пересып конечная 20 трамвая потом брсм вог промто тьма их,1
"Ленпоселок, Северная 14 стоит, будьте бдительны",1
Слободка хлеб завод тцк актуально на сейчас,1
Мусора на приусе в сторону Куяльника уже остановили машину. Поедут по окружной пробивая номера,1
Гаражный корпаратив ближе к днепропетровской дороге,1
Н1 заехал в гаражный коператив ближе к днепропетровской дороге,1
"Круг Королёва-Вильямса - ДТП, две патрульки с мигающими люстрами на месте (одна - на кругу, другая - на островке безопасности).",1
"Ленпас, нодозрительный серый хюндай стоит напротив супермаркета Надежды, будьте аккуратны",1
Усатово-Баня стоит патрулька,1
Рено золотое. Едет по объездной. В сторону куяльника,1
"Блок пост Каролино-бугаз, перед ж.д переездом (Чёрное море)",1
"Пересыпь, остановка трамвайная.Трамвай 1.одинокий пидор заглядывает в окна трамвая.он с папкой",1
Киевская въезд за брсм гномики с радаром,1
БП Юго-Западный в сторону города. Только выставили,1
Блок пост Юго-Запад. В сторону цнентра,1
Вапнярка Степова облава ходят по домам билетеры,1
Объездная хаджибей полицаи работают по грузовикам,1
Новая Почта возле входа,1
"Рынок Черёмушки, ходит и проверяет доки",1
7я пересыпь. Возле магазина копейка мусора и тцк. Уже словили мужика пробивают,1
Район ЖК Одесские традиции белый Пежо полиция по гражданке выскакивают к парням и проверяют по планшету!,1
"Стоят менты, генерала Петрова Сильпо остановка!!!!",1
"- патрулька (Prius) у обочины через дорогу от Сильпо (напротив магазина спортпита Crocos), просто стоит с вкключенными фарами и люстрой;",1
"Добрый вечер, генерала Петрова 49 -51 ( Сильпо) ходят трое с полицией, проверяют доки, бус стоит возле 47 дома. Будьте аккуратнее",1
6 км заправка БРСМ продолжают кошмарить маршрутки,1
Двое на конечной 190 маршрутки Пересыпьский мост,1
Доброго времени слободка психбольница заехали тцк актуально на сейчас,1
2 машины мусоров (Дастер и вторая какая-то и мужчина лежит на земле лицом в асфальт!!!,1
Платформа Одесса -Малая белая маршрутка Тецкуны с какими-то в штацком.,1
3 станция Люсдорфа перед пл. Толбухіна за Сокар БП,1
Таврия Маршал машина ментов на парковке,1
"Ствол напротив радужного,только стали бп",1
копейка напротив радужного блок пост(,1
"Ленпосёлок, серый бусик поехал в сторону станцию застава 1",1
Здравствуйте стоят с полицией возле магазина ствол на против радужного,1
"Сегедская-луный пер 3, водворе",1
1183 transporter с пидорами на Б. Хмельницкого 15/19 на обочине,1
У входа в Сильпо на площади тольухина менты с пикселем,1
"Черёмушки, очень много патрулей ездит, будто бдительны,.",1
Окружная с поскота три патруль.,1
По поводу hyundai h1 с чёрными номерами минут 5 назад был замечен в районе староконного рынка где центральный вход,1
Мерс тцк советскому прогулку катаются Слободка,1
Таврия Маршал возле входе 2 оливки на бусе,1
"Котовского объздная Латовка не доезжая Брсм, менты тормозят выборочно, несколько легковушек стоят на обочине, ещё сразу 2е Дестеров поехали в направлении Котовского...",1
"Китайский рынок в обе стороны,менты!",1
"Объездная круг перед 7км. Начало гоночной трассы. Полиция. Ремень ДХО перегар, а дальше как пойдет.",1
Академика Вилимса возле магазина обжоры,1
Еще два дырявых возле мусарни на ланжероне,1
"Здравствуйте! Парковка сельпо на генерала Петрова полиция, высматривают",1
"Три тела с нац гвардии шарятся, район платформа Одесса-Малая проверяют документы.",1
6 км БРСМ блок-пост в обе стороны,1
"Доброе утро за эпицентром (поселок) стоят менты с включенной люстрой тормозят, по направлению на Николаев.",1
Таирово Эпицентр становится люстра,1
"Доброе утро, объездная перед кладбищем леденцы. Уже остановили первую машину.",1
За посёлком мусора с лединцом напротив эпицентра,1
Пересыпь брсм блок пост в сторону города,1
"Балтсткая дорога, перед подъемом на брсм менты",1
"Старая Ильичёвская трасса, Золотая горка, пивзавод Богемия, три лединца, фары, ремень, выхлоп",1
Так же блок пост не доезжая перезда там где маленький сокар 3ак с Куяльника ехать в сторону города,1
"Пересыпь мост, готовится бп в сторону города, актуал на 9:23",1
KA 9582 EO бус с военными катается возле СитиЦентра проверяют,1
"Б/П БРСМ 6км, только что 9:46 в сторону 7км",1
Блокпост окружная возле Окко как ехать с поселка тормозят в обе стороны!,1
Объездная район выезда с 49-52 линии б.п,1
"5 мин назад. Серый хюндай h1, на парковке ситицентра Таирово крепили парня",1
Блокпост Объездная заправка ОККО тормозят обе стороны стоят человек 30 пидорасов стоят,1
Добрый день. В сторону 7 км за заправкой БРСМ БП. Актуально на 9.55,1
Слободка белый Рено на черных номерах катается по переулкам.5 минут назад был замечен на Бадаева-Мациевской.,1
"Улица степная, 2 черных и 2 зеленых, приеб...лись к парню! У них белый кадик на черных номерах!!!",1
"Ленинградское шоссе в сторону города с Киевской трассы, за БРСМ, DAF, контроль скорости, а также на выезде перед Киевской трассой на мосту, из города",1
"Объездная, ОККО актуально на 11.10. выборочно бусы и легковые",1
На ОККО объездная так и стоит зелень с маслинами,1
"Добрый день Сельпо на Генерала Петрова, подъехало два бусика полные зелени.Ищут жертв по сторонам.Будьте осторожнее,Вы нужны своим близким дома",1
Брсм в сторону города по киевской трассе менты с феном,1
По киевской возле БРСМ С феном,1
Петрадолина в сторону Маяк стоят с радаром,1
Мусора встречают с киевской трассы за БРСМ,1
"Петродолинское. В сторону Маяк, практически на перекрёстке патруль, пресуют машину",1
При въезде в город заправка БРСМ и на выезде из города на киевскую трассу ловят на радар,1
Пересыпьский мост остановка в город стоит патрулька,1
Точка теплодар,1
7-а пересипская копейка стоит бус тонированные стекла будьте осторожны,1
"Про север области,, там уже только привозят ребят хоронить, или пропавшие без вести... Одни старики инвалиды остались...",1
Мой родной город Котовск тоже штормят хорошо и есть блок посты. Все сидят дома. Маршрутки пустые. Базар вообще закрыт наполовину. Как хочется домой,1
Патрулька по объездной несётся в сторону Куяльника,1
Только что Киевский поезд встретили людей шманают,1
"Одесса-Малая, три ТЦК и мент пошли на платформу, 7.30 утра",1
"Доброе утро,Одесса-малая встречают с электричек,менты с планшетом и ТЦК",1
Ванетта поехала с поскота в сторону Куяльника,1
"Всем доброе утро, Бурлачая балка в сторону брсм стоят менты с леденцом, тормозят выборочно.",1
Менты хладокомбинат за поселком не доезжая эпицентра,1
"БРСМ у Борея, полиция на 08:00 ещё стояла за ж/д переездом в сторону паромки",1
Копейка Мерукрий осторожно,1
Ленпаселок общаги шухер,1
Жк Апельсин приняли парня.,1
"Пересыпский мост, курсирует патрулька, едут медленно по дворам, высматривают, осторожно",1
"Поскот. Курская-марсельская, во дворе за АТБ по гражданке шмонают людей проверяют телефоны, с ними телка бальзаковского возраста",1
"Во дворе на Генерала Петрова 44, полиция заблокировала таксиста!",1
Копейка возле восхода несколько тел в пикселе труться,1
"Палундра!Рынок ""Восход""много военных!Блокпост",1
"Юго-западный стоит люстра напротив ежа ушел во дворы не успел заметить что там, вторая поехала во дворы все там же не лазьте",1
"Восход рынок пидоры пакуют силой двух мужиков, очень много их там!!! ОБЪЕЗЖАЙТЕ!!!!",1
Слабостей рынок поликлиника 17.25 две маслины щимят мужика рядом стоит опель на евробляхах синего цвета за рулём оливка,1
"К посту выше, Большое спасибо Человеку, написавшему про БП на Куяльнике! Вы спасли не одну жизнь!",1
За куяльником на подъем стеко и полиция остановили авто,1
По жолио-кюри в сторону электрички(восточная ) поехали демоны на двух машинах.белая дэу и ещё одна евробляха.,1
Генуэзкая напротив ле сильпо бус на жёлтых номерах штормят мужика,1
На подъёме куяльника полиция с люстрой и окна стеко,1
Менты и бус викна стеко прессуют седанчик на подъёме на куяльником,1
"Жёлтый спринтер с поста выше сейчас по центру катается, стопнули возле мор.академии и сразу повыскакивали остальные, будьте аккуратнее стопнулись прямо на повороте",1
"Хлебодарском стоянка Таврия, автобус тайота со свинорылыми.",1
"Ленпосёлок, переезд - новая почта катаются туда сюда белый т4",1
Объездная дорога перед поворотом на Нерубайске (Аккорд) стоят мусора,1
"геи на Мерседес Спринтер ВН 8971 ездят возле Староконного, будьте аккуратны",1
Радужный конечная 145 с леденцом стоят,1
Слободка медленно ездит по району.Мицубисши Оутлэдер чорный.Внутри все и зелееые и чорные.Кошмарят прохожих. Гос.номер не понятный поехали в сторону кладбищя и Новой Слободки,1
"Генерала Петрова звёздочка во дворах бус серый хюндай полная машина,парни убежали. Уехали в сторону генерала Петрова на дорогу",1
"Радужный, заехал бус Сталкер 2",1
Базовая напротив эпицентра. Полиция,1
Людоловы на Староконном. Проверяли доки у мужика предпенсионного возраста.,1
"Пл.Толбухина-Краснова, в сторону города стоят ТЦК+полиция на 12.30.",1
"Заболотного- круг,у 109 номера две машины с полицаями",1
"На заправке БрСМ оливки тормозят на против кладбища, объездная дорога (міжлиманьске)",1
Ленпоселок тцк с полицией ходят по дворам.проверяют документы.на предмет сзч или в розыске.осматривают визуально кто живет.сейчас стоят на ул Уманьской в районе 29номера звонят,1
"По киевской трассе, пере БРСМ в сторону гопода стоят с феном",1
"С маяк, в город, пробивают по планшету, останавливают почти все машины.",1
"Радужный катается белый тонированный бус. Бывает паркуется и не глушит двигатель. Не уверен кто в нем, но будьте аккуратны",1
"Актуально на 16:00, белый свежий Хьюндай с полосой «ритуальные услуги» остановка Одесса-Поездная",1
По Шклярука белый бус полный тунеядцев и маслин. Был 15 мин назад,1
"На юго-западном в районе 51 лицея медленно ездит полицейский микрик с выключенной люстрой и полностью тонированный, притормаживает, стоит и едет дальше.",1
"Два существа в пикселе на остановке Заболотного-Добровольского в сторону города. Едут куда или на задании непонятно, но лучше быть внимательными.",1
Чмошники поехали по базовой в сторону эпицентра,1
"КПП-Центролит,пробивают по планшету всех подряд.без тцк",1
Ни в коем случае не объезжайте через 7 Пересыпьскую по пьяной дороге. Там БП!,1
Окружная ford ДТП встретились три одиночества объезд по обочину ДТП в сторону Нати,1
Радужный конечная 145маршрутки поехал в сторону Гаражей ментовский бус полный не знаю куда он дальше поехал может там села какие-то есть,1
"Радужный 10а,стоят возле машины",1
"Ленпас бус вн 8971 катается внутри черти, ездят высматривают",1
Ильичёвск-одесса перед БРСМ в сторону Одессы полиции,1
Сильпо много вояк заходят внутрь г Южний,1
Юго-западный за маком в сторону города актуально,1
По куяльнику ездит дастер без мигалок,1
"Бурлачья-Балка, ул Центральная, возле детской площадки рядом с магазином",1
"Поселок!!Три мусора 10 линия,в районе детской поликлиники,ходят смотрят,ищут жертву!",1
В сторону пересыпьского моста,1
Таврия.монастырь.маршрутка.191.тцк.пасут.осторожно,1
Дом мебели- блок пост,1
Окружная дорога. Камыши. Блок-пост в обе стороны,1
"Объездная дорога, камыши, от поселка в сторону куяльника, уже выгружаются вояки, будет бп",1
Окружная между куяльником и окко,1
"Киевский поезд прибыл на ЖД, пошел шмон на перроне",1
На куяльнику ТЦК с полицией в дві сторони,1
Радужный копейка! Ищут владельца белой Тойоты короллы тцк + менты!!!,1
БП на окружной в камышах на Куяльнике. Создали пробку аж от кладбища.,1
Metro Таирова стоят менты,1
Объездная напротив куяльника в обе стороны,1
Объездная за поворотом от авторынка в сторону Латовки,1
Александровка та что возле Ильичёвска возле поликлиники и тцк и полицаи будьте осторожны,1
"Доброе утро, объездная в камерах БП и полиция в обе стороны не доезжая Куяльника",1
"Ленпоселок, район Ваза аккуратно,гиены!!!!",1
"По объездной дороге, не доезжая до куяльника стоят",1
"Киевский пост,дофигища вояк,и ментов,патрулей 10 насчитал пока бп нету",1
Ленпосёлок ул.Профилакторий.Паканули пацана на ходу даже не останавливаясь.Серый Рэно микроавтобус.Номера не успел посмотреть.Кросовок только остался на дороге.,1
"Объездная, Хаджибеевский лиман, возле лимана менты",1
Тип в машине сидит на остановке высматривает мужчин!!!! Очень внимательно Черемушки облава дворовая!,1
"Киевская трасса, напротив БРСМ по обе стороны патрули ловят за скорость",1
На повороте генерала Петрова и Кирова серый бусик h1 выпрыгнули кого-то крепят,1
"7_я пересыпская сразу за переездом в сторону головатого,стоит люстра!выключенная",1
"Староконка, ходят 4 мусора",1
Роздільна. Базар. ТЦК та поліція.,1
Золотое renault кружлает в пару кварталах возле блокпоста на Пересыпь,1
"За Пересыпьским мостом по направлению на поселок напротив райотдела блокпост, 9,45",1
"Доброе утро всем, ленпас кто знает новая почта отделение 15, стоит военный джип зсу прямо напротив заезда на почту",1
Юго-Западный в сторону Таирова уже стоят,1
"Радужный, второй въезд, заехал реамобиль ну черных номерах, с двумя зелеными, ехали медленно, высматривали",1
"За Пересыпью в районе мусорки блокпост, военные тормозят выборочно",1
В радужный второй въезде. Заехала скорая на чёрных номерах. Внутри в форме.,1
Эпицентр 7км. Заправка СОКАР. Экипаж мусоров стоят на треугольнике возле заправки. Стопают всех кто на мост и с него,1
"Канатная-ямчитская очень много полиции,тцк,подъехала скорая,что там неизвестно но ворота открыты,не дают закрыть",1
В районе Пересыпьского моста ездят двое полицейских и двое военных. Останавливаются около мужчин,1
Тцк Теплодар. Будьте бдительны.,1
"Теплодар, срочно!!!!",1
В Теплодар заехали гости! Берегите себя и своих родных!,1
на парковке дельфинария видела два буса h1 тонированные внутри были военные.. будьте бдительны.. не попадайтесь этим гадам..,1
"Да, завезли в Киевский военкомат",1
Ленпаселок ваз общаги белый форд транзит в дворах,1
5 станция Сильпо. Точно было 2 с папками прям возле входа. Рядом был припаркован синий бус тойота хайс тонированный с табличной новой почты на 16:30. Берегите себя.,1
"Зеленый трафик в сторону генерала Петрова, будьте аккуратны!",1
Нюхачи латовка между брсм и поворотом на яму,1
Маршал сити.продолжают прессовать.не ходите,1
Менты объездная дорога на авторынок,1
Ленпаселок новая почта 15 на парковке стоит форд транзит с пятнистыми,1
Насчёт военного собирающего деньги напротив Сити-центра.,1
"В Ильичёвске тоже периодически наблюдаю картину, где пиксели устраивают сборы на всякое под патриотичные песенки. То, куда или кому уходят деньги, собранные с сборов - это и так понятно. Но со стороны это жалко смотрится.",1
Тцк на площадке генерала петрова между домами 41 и 45.,1
Пересыпский мост конечная трамвая тцк выпасают 2-3 человека,1
Рынок Черёмушки. Зашли двое в чёрном с папками. Видно что не гражданские.,1
Маршал на парковке патрулька стоит пустая,1
Королева-Вильямса медленно ездят высматривают,1
Патрулька мусорская приехала на ОККО напротив Эпицентра Таирово,1
Ленпаселок сомолетнная люстра с чертами шнырят,1
(квадрат Гайдара-ген.Петрова-Космонавтов-25-я)ездят по дворам,1
ядова-шилова - аккуратно,1
На повороте на яму окружная дорога.,1
Генерала Петрова 7/4 бус и кадик задержали человека,1
Доброе утро. 5 минут назад серый Хендай Н1 возле АТБ на Генерала Петрова.,1
Объездная Окко уже стоят сбоку в сторону города,1
ОККО окружная в сторону куяльника бп,1
Оливки ездят по Генерала Петрова,1
Поселок - Днепро-Заболотного- ходят по гражданке и проверяют документы,1
Окружная ОККО БП на 08.20 останавливают выборочно,1
"Петродолинское, на трассе в сторону Маяк",1
Пьяная дорога перед эстакадой в порт питухи,1
"Пьяная дорога, БП между Пересыпью и Сахарным",1
Стоят на вазе ленпаселок,1
Херсонский сквер-Маринеско.Два упыря и мент,1
"Маякская трасса в сторону Маяк Петродолина, полиция на скорость",1
По Ленпасу катается зелёный мерс 124 с приборами..видели возле спорт-космо),1
"Маяцкая трасса, Петродолинское направление в сторону Маяк остановка, две машины мигалки.",1
"Добрый день.Порт Бориваж-Дельта Вильмар,поехал бус Хюндай серого цвета с тцк,в сторону Визирки,забрали парня с остановки",1
11больница слободка тцк,1
Слободка псих больница полиця актуально на сейчас,1
Проспект Шевченка Политехнический институт БП человек 10,1
"По объездной дороге,напротив Куяльника, в сторону поселка Котовского стоит полиция. Останавливают. Будьте осторожны. Это остановка,пятачок,там где маршрутки останавливаютя,когда едут с 7км",1
"Теплодар поворот на Беляевку стоят разных мастей, берегите себя!",1
"Обездная,за поселком возле кладбища,в сторону Куяльника полиция-выборочно тормозит.",1
"Перекресток Говорова-Армейская, остановка 168 маршрутки отбросы на люстре на 9:20 крепили пацана",1
"14 люстдорф перекресток ДТП, сейчас мусора прискачут",1
Блок пост Генерала Петрова напротив заправки AMik возле спортклуба смайл тормозят выборочно,1
Генерала Петрова возле копейки ближе к детской поликлинике блок пост в обе стороны тормозят,1
Менты на объездной. Выезд из красноселки в сторону Куяльника,1
"Теплодар поехал белый рено кенго, л200 и менты за ними будьте осторожны!",1
"Объездная, выезд с Красноселки за автомойкой в сторону Куяльника, полиция",1
"Ленинградское шоссе, выезд на Киевскую трассу, мост, а так же въезд с Киевской трассы за БРСМ, контроль скорости",1
Ленпас рынок переезд,1
"Обычная маршрутка белого цвета на жёлтых номерах и в рекламе эпицентра, на ней написано ""для покупателей эпицентра""",1
"Где именно,ленпас?",1
По Щорса номера 3530 катается военный бусик темно-зеленого цвета.,1
"Приветствую, сегодня соседу на дверь приклеили повестку(явится 06.02) две бабы на красном Polo.Слободка",1
"На выезде из города две патрульки, и одна за БРСМ при въезде в город, стали на радар.",1
К посту о Сильпо на Петрова 51.,1
"Добрый вечер, Генерала Петрова 30 тцк +полиция,по квартирный обход, ахтунг",1
Между 6 и 7 домом заехали Тцк теплодар. Серый бус и менты,1
Kia sorento в сторону Круга по заболотну камуфлированно высматривает,1
‼ Рынок Черёмушки облава мо всех сторон вокруг и внутри!,1
Генерала Петрова возле АТБ тцк и мент на сером бусике,1
Х-5 и приус стоят на обочине возле квмышей в сторону куяльника,1
Объездная камыш БП,1
БП на окружной на Куяльнике в камышах.,1
7 км в рынок заехал черный бус хюндай на черных номерах,1
"Пушкинская-Малая арнаутская, менты с планшетами ходят",1
Ездят на сером бусе по Генерала Петрова я убежал...,1
Объездная камыши на 9.45 питухи так и стоят,1
Стоят мусора с чупачупсом где животных продают Староконка,1
‼‼ Объездная с поселка в сторону Куяльника в камышах БП и полиция.,1
Между 46 и 32_й школой (Черёмушки) стоят скорая и пару патрулей ментов.,1
"Ленпоселок белый Ситроен, это же важно!",1
Возле Таврии Маршал стоит белый бус возле входа,1
"Добрый день! Киевская трасса в сторону Киева,напротив заправки БРСМ стоит полиция и бусик с ТЦК.Тцкашники прячутся в посадке,будьте аккуратны.",1
Таврия маршал. Экипаж и белый бус тойота стоят у главного входа Таврии,1
"Срочно только что установили блокпост зелени с полицаями за Таврией маршал в сторону городу, перед стволом",1
Оливки на перекрестке Таврии маршала в сторону города блокпост,1
Золотое Рено только что заехало во дворы Жолио-Кюри между 60 и 62 домами,1
Платформа Одесса-Малая возле будки где кофе пьют стоит бус хозчева жизни пьют каву...бдите..,1
"Ленпоселок белый Ситроен с черными номерами ловят, окуратно!",1
"Генерала Петрова 51, Сельпо",1
"Окружная, на Куяльнике, между спуском с поскота и поворотом на санаторий, полиция и в военной форме",1
К посту по ленпасу микроавтобус н1 номер ка4600на белый и с ним Дастер,1
Пересыпьский мост. Конечная #1 трамвая. Трое полицейских ходят пробиваю по планшету,1
Ленпосёлок машины с пидороми разъехались по разным улицам три штуки будьте внимательны 12:57,1
"СВ2210КВ - Степная проверили доки у мужика, уехали в сторону Дальницкого переезда.",1
"Химическая-Степная-Столбовая ездят людоловы на черном джипе, пресуют мужиков",1
Люстра заехала во двор Генерала Петрова 7,1
"Радужный, зеленые возле атб",1
32 школа (Черёмушки ). Мусора кого то прессуют.,1
"Генерала Петрова 50,54,56 во дворах катается канарейка с выключенной люстрой",1
"Радужный, старый въезд Полицейская люстра ездит вдоль бетонки до 24 дома (по маршруту 145) и назад,уже 2-й круг делает... Кого-то вылавливает.. Будьте осторожны.",1
"2) Если вы передвигаетесь на автомобиле. Купить самый дешёвый регистратор. Фиксируйте все события на видео и аудио. А в дальнейшем это может вам помочь очень. Пусть у вас в автомобиле будет полезная литература. Например я в эпицентре купил ""ваш адвокат"" что-то наподобие.",1
"Менты БРСМ Котовка на объездной в сторону поселка, тормозят выборочно",1
Вокруг староконного ездит серый транспортер. Домахались до парня.,1
Привокзальная,1
Пидоры с чупачупсами на яме в сторону куяльника,1
"На новой недостроенной дороге, ""обьезная"" с моста 7км в сторону ленпаса, посередине дороги стоит белый автомобиль, не легковой, может бус может джип, далеко не видно кто именно, может строители.",1
окружная дорога перед камышами,1
А привозят обратно Героев только в ГРОБАХ,1
Пересыпь Сахарный в сторону города БП,1
10:58 с поселка Котовского пост в сторону города за заправкой брсм,1
Объездная дорога возле хаджибея стоят полицаи тормозят выборочно машина и грузовики,1
"Таврия волшебный мир савиньен, куча пикселей",1
Маршал сити обход,1
Машина военной инспекции поехала в сторону староконного рынка,1
"130 школа ЛЕНПАС серый бус грузит пацанов, шухер",1
Теплодар! Осторожно!!!,1
"Возле круглосуточного душегубка (ожидает), пешие по Теплодару гуляют!",1
"Пересыпский мост, Копейка, внутри 3 по гражданскому, щимят мужиков, не хотите на 0 не ходите тудой",1
Радужный как едет 145 возле варуса в темноте патрулька,1
Бусик окна стека поехали в сторону куяльника полная машина,1
Китайский Рынок в сторону Эпицентра блок пост зелёные и мусора тормозят только в сторону эпицентра,1
Поправка Китайский Рынок тормозят в обе стороны,1
Люстра окружная возле поворота на яму,1
"Китайский рынок БП, обьезжайте, берегите себя!!!",1
"Китайский рынок, район Ниссан центра, блокпост в 2 стороны",1
3 зелёных зашли в р-н черемушки со стороны генерала петрова,1
"Теплодар,мусора пробуют прессовать уже мусорщиков,собралось человек 12, приехал директор",1
Радужный возле варуса остановился бус вышло 5 рыл и разошлись,1
Ленпаселок (ваз) облава,1
Ж м. Радужный 12 дом зелёные ходят,1
На генерала Петрова возле копейки недалеко детская поликлиники по тротуару ходят два военных и полицейских высматривают жертву будьте аккуратны,1
"Ленпоселок, Нескучная- одинокий зелёный гоблин с телефоном...не сильно спешит.",1
Ля сильпо пиксель возле входа хз кто но будьте пожалуйста осторожнее,1
Таврия Маршал на парковке белый бус на черных номерах. Имейте ввиду,1
"По поводу Таврии Маршал и белого буса - отбой, загрузили покупки и уехали. Извините, но не могла не предупредить. Лучше перебдеть, чем уехать в нем.",1
"Пересыпьский мост, шаурмишка два тела ждут шаурму, опасно",1
Киевская трасса в сторону Киева напротив БРСМ 2 экипажа полицаев с радаром.,1
Объездная дорога поворот на посёлок Нати стоят менты без люстры ловит на мигающий жёлтый не нарушайте,1
"Клубничный–посмитного перекрыто, полиция и конусы не проехать",1
На Тополева-Люстдорфская на трамвайной остановке тцк или военный один.,1
Сренефонтанская-транспортная. Два буса!!один с вояками и полиция.,1
Латовка в сторону большевіка стоять мусора.,1
Варненская номера 11 -15 - только что спаковали человека в бус и дальше ездят по дворам,1
Были замечены возле сильпо на Чикаленка!!!!Таирово внимательно,1
"Под мостом, как ехать на 7км с города. Где МРЭО, эпицентр: стоят менты - свет, ремень, перегар ловят",1
На Одария-Щеголева ещё стоят,1
"11:00 золотистое renault поехало по окружной, стороной Куяльника",1
Недопал стоит под пересыпьским мостом!,1
"Днепродорого 77/1 заехал чёрный хюндай,джип, номера начинаются на ВА",1
ленпосёлок катаются менты без люстры проверяют документы 130 школа,1
"В конце китайского рынка направление на эпицентр справа четыре машины мусоров,что за движь пока непонятно",1
"7 км в сторону ИЛЬИЧЁВСКА леденцы, сами пока",1
"Розселенец в сторону маяк, сразу за знаком, покимоны с радаром.",1
Полицейские уже курсируют Самолётная-Житомирская-Просёлочная.,1
Генерала Петрова 27/5 полицаи разбираются с мужиками. Рядом стоит патрулька,1
"Таирово Ситик-школьный, курсирует серый хюндай н1 +таксон камуфлирований,",1
"Окружная, поворот на рынок яма, полиция",1
"Добрый день, Генерала Петрова,возле Сильпо,ахтунг",1
8 я люстдорфс кой. Заправка wog. Менты.,1
"Одна машина остановила доставщика, вторая машина просто мужика который шел по тротуару",1
Таирово эпицентр белый бус с тцк проверяют двух парней,1
Латовка окружная проверка документов... Два мусора,1
Бочерово 13.перед входоив сильпо.трутся зелень,1
"Генерала Петрова, магазин Мясолюб три военных",1
"Менты, возле маршала сити, останавливают через одного, в обе стороны",1
Доброе утро радужный Ева приехало пару человек,1
Слободка тцк около червоного маркета стоять актуально на сейчас,1
Полиция планшет окружная перед кладбищем,1
Возле варуса радужный пошли вокруг дома,1
Радужный ближе к АТБ стоят кофе пюьт на каждого почти смотрят но не трогают наверное завтрак,1
Радужный 20 стоят 4 тела трутся,1
"Теплодар, аккуратно! заехал бус",1
Ленпоселок Ваз БП,1
"Добрый день всем,аккуратно Блок пост Ленпоселок АЗС Катрал",1
Радужный мойка стоит белый бус и возле него 4 зелёных и один мент,1
"1-й заливной, возле райотдела БП",1
Сильпо генерал Петрова мусора на парковке,1
"У дворах між ільфа і Петрова до Корольова катаєть білий хундай на цивільних номерах, в середині з тцк і мусорьониш тормозять хлопців намагаються забрати, бачив як хлопець від них тікав! Кошмари чортові!",1
Конечная 168(таврия сувор....),1
Ребята будьте осторожны и окуратны. Возле дома Шклярука 4 А. Стоят две машины бусик и машина с ТЦК,1
"Таврия Маршал, 5 вояки стоят",1
Мост Пересыпь аптека от склада 2 по гражданке стопают мужиков.,1
Мост Пересыпь ещё стоят.,1
"Ленпоселок, катаюсь мусора без мигалок район Надежды",1
Themost (степная) приус грузит пацана,1
Юго-западный в город БП,1
на юго-западном в сторону города на остановке люстра,1
Блок пост на остановке политехнический института,1
"Пертодолина (маякская трасса) со стороны маяк, менты тормозят почти всех подряд! Будьте аккуратны!",1
"Доброе утро.Поселок,Окружная,между мойкой и кладбищем.Приус,перегар",1
За пересыпьским мостом в сторону поселка там где ментовка БП,1
"ВН 3518 внутри сидят,район китайского рынка едут в сторону эпицентра машина серого цвета",1
"Мэрс Вито,у.л Данченко,напротив Евы...",1
Окружная укрнафта в сторону города,1
Окружная Укр.нафта что??????,1
"Слободка кружит зелёный мерс 124,пробивают документы.",1
"Слободка кружит зелёный мерс 124 на евробляхах,пробивают документы.",1
Зелёный мерс Новая Слободка,1
Таирова/черемушки,1
Поворот на пятиминутку в сторону ИЛЬИЧЁВСКА мусора,1
Окружная укрнафта полиция тормозит,1
Ленпосёлок переезд на базарчике Нацгвардии Renault Duster,1
Только что произошло Дтп на юго-западном в сторону Таирово.будет пробка через минут 10.ть,1
Теплодар мусора со скорой катаются,1
"пересыпский мост,на остановке справа мутный хундай h1,тонированный белого цвета,напроьив ощадбанк",1
Мост Пересыпь аптека от склада 2 по гражданке крепят мужиков.,1
Мост Пересыпь аптека от склада 3 по гражданке щимят мужиков..,1
Копейка Мост Пересыпь три людолова,1
Взрыв слышно Черёмушки.,1
Теплодар. Стрельба над домами.,1
"Стоят в Большой не доезажая до БРСМ человек 10,с двух сторон всех подряд тормозят.Будьте аккуратны! На 7 км тоже тормозят,проверяют",1
Между АТБ и БРСМ,1
Маршал сити с двух сторон Нюхач,1
"Бусик ""викна стеко"" по 7 Пересыпькой по базам лазают",1
Район староконного медленно ездит пидорпара красный спринтер с мусорским приусом.,1
Ленпаселок северная дастер с тцк по гражданке,1
"Объездная дорога,в сторону поселка Котовского,в камышах,на прежнем месте ставят блокпост. Много зелёных,ментов ещё нет",1
Окружная камыши напротив Кучльника в сторону поселка БП,1
"Окружная Камыши БП в сторону Поселка! 14,25",1
"Экспострой, два зелёных ТЦКуна зашли купить покушать в выпечку возле Таврии",1
Приезде в город за заправкой с БРСМ ловит на радар,1
"""Вікна Steko"" по Жолио-Кюри в сторону станции ""Восточная"".",1
Мусора под Сильпо 13 а,1
"Не доезжая Силикатного, за заправкой БРСМ. Радар.",1
Генерала Петрова 49 тцк и менты вдоль дороги возле ларька,1
Генерала Петрова приняли мужика погрузили в бусик мерседеса и увезли. 5 жлобов накинулось и забрали.,1
Въезд в город БРСМ в кармане радар плюс военные (возможно тцк) 17:50,1
Объездная дорога поворот на Нати на пятачке притаились менты без люстры ловят на желтый светофор не нарушайте актуально на 18:40,1
Теплодар круг мусара,1
"Квадрат Черемушки последние недели ходят прям группами,сегодня даже шли в составе 9 человек.",1
Брсм 6 км. Пьют кофе. Два буса. Ждут походу полицию. Будьте бдительны,1
Бус Стеко Слободка,1
6км брсм заправка блок пост в обе стороны,1
Ленпоселок -Т5 принимают всех подряд-даже вопросов не задают -а сразу в бус -с ними рядом Дастер на люстре,1
Ленпаселок -заблокировали конечную остановку 201 маршрута -обходите мимо,1
Теплодар облава на завод газ воды.Берегите себя.,1
"3 люстдорф напротив сокара, белый спринтер пакуют",1
"Мусора прямо на выезде с Акварель 2, как ехать на Эпицентр Таирово",1
"Объездная дорога, перед поворотом на Хаджибеевскую дорогу (в сторону Поселка) менты стоят",1
Ребятули. Алексеевская. Угол. ЛазареваБелый. Рено на. Черных. Номерах. Тонирована. На. Глушпень очень. Медлено. Ездит. Берегите. Сябя. 09.36,1
Объездная! В сторону поселка! За хаджибеевской стоят мусора!,1
Объездная с поселка перед авторынком леденцы с двух сторон,1
Въезд на поселок со стороны Куяльника за рынком серый бус и зеленые,1
Ставят б.п на окко в сторону куяльника.,1
"Ребята, ездит мерседес спринтер ВН7152BI,красный цвет, тупо отлавливают людей, тираспольская-розумовского катаются по центру, РЕБЯТА!!! будьте предельно внимательны - ОХОТА НА ПЕШЕХОДОВ",1
"За 49 жемчужиной белый бус, остановился возле мужчины, пара минут за руку завели и поехали в сторону маршала. На 11:05",1
Объездная дорога возле Ока с двух сторон блокпост очень много тцк и полиции проверяет документы,1
Срочно блок пост выставили только недавно Котовского объздная за Око заправкой спук к Куяльнику много тварей будь они брокляты с двух сторон 11:40,1
Бус траспортер серый и белое рено дастер. Поехали в сторону петровского бесорбки ленпоселок катаются аккуратно. 13:50,1
"Ленпасёлок всех кто под линию идёт с работы с 7 км принимает ТЦК -ухилянты, серый бус и белый бус,и белая легковая типа кенго, эти три машины по очереди дежурят под линией астальные ездят по близь лежащим улицам",1
Радужный ахтунг!!! Полицаи и тцк ищут возле копейки владельца белой Тойоты!!!!,1
32 школа Черёмушки заехали мусора на Дастере,1
Ленпоселок белый бус возле либры окуратно тренированный,1
"Ленпоселок, бус от либры уехал",1
"Добрый вечер, сеченова-новосельского-пастера ездит полиция на дастере с выкл люстрой. Будьте предельно внимательны.",1
"хундай серый h1,на конечной 191 мост пересыпь,мутные типы по гражданке стояли 3 чел,на сейчас",1
Ошибка. Оливки на заправке по Днепропетровской дороге,1
"Окружная, заправ ОККО, выезд с Посёлка. Блок-пост в сторону Куяльника",1
Доброе утро объездная дорога б/п выезд с посёлка ОККО в сторону Куяльника,1
Радужный центральный въезд мусор и какашник щи чт человека,1
Махачкалинская-Добровольского напротив Варуса около десятка мразей готовят блокпост.,1
ОККО окружная в сторону куяльника БП много.,1
На окружной на выезде с посёлка заправка БРСМ блокпост,1
Радужный возле АТБ 3 оливки. Будьте бдительны. Актуально на 6.50,1
Тцк мост пересыпь конечная 191 маршрутки.,1
"Зелёная заправка напротив Пересыпьского моста, заехал жёлтый тонированный спринтер, внутри пиксели.",1
Окружная ОККО актуально на 08.38,1
‼Пушкинская/Успенская‼,1
Ребята одесса-поездная только что проезжаю пришла электричка стоит серебристый volkswagen упыри внутри,1
Заправка ОККО объездная с поскота БП.,1
"Левітана 119 у дворі білий бус ВН3358ЕК,военні зупинили чоловіка виписали повістку і відпустили,будьте обережні",1
Белый бус с чёрной дверью поехал в сторону конечной 198 маршрутки возле кладбища Слободка,1
"Гагарина-проспект Шевченко бусик спринтер заезжает во дворы и выскакивают тела за мужчинами, одного парня прессуют сейчас",1
В сторон куяльника мусора с леднца и пробивают по планшету,1
"ЖК Одесские традиции возле 4 дома патрульная полиция. Непонятно почему,но будьте аккуратнее",1
"Петродолинское в сторону Маяк базарчик стоит экипаж мигалок, Окуратно.",1
"Жолио-Кюри,28 и26.Между домами,возле,,Троицы"" и,,Копейки""полно,,зеленых"""".",1
На 6-м БРСМ стремный бус,1
"6-элемент,за БРСМ блокпост!!!",1
"6 км, заправка БРСМ блок-пост в сторону 7 км",1
БП окружная Хаджибей. Перед подъемом на Латовку в сторону Поскота.,1
6 км после БРСМ заправки блок пост,1
"Окружная Поскот возле кладбища, менты с двух сторон, тормозят всех,.",1
"Китайский рынок, стоит люстра, стопнули авто!",1
"Объездная дорога, дамба, стоят с обеих сторон, будьте осторожны",1
Пересыпьский мост где заливная где порт стоит тцк и мусора с двух сторон,1
Блок пост пересыпь мост /чипиги в обе стороны,1
"Китайский рынок, в обе стороны стоят полицейские.",1
"Если стоят только полицаи, без зелени, это не значит безопасно. Они больше привозят в военкомат",1
"Ребята сегодня крайне осторожно,очень тяжёлые бои идут сейчас за Юг особенно в море, будьте осторожнее,дай бог ещё немного и падёт ""Зе"" режим,берегите друг друга и ждите домой своих любимых",1
"Радужный, возле варуса бус с тцк курсирует",1
"Слободка, остановка голубой дунай - щимям мужика. Зелёный мерс 124 на евробляхе.",1
Ленпосёлок возле котлована по полю ТЦК и менты пакуют,1
Бусик на черных номерах заехал на рынок 7км. В нем ТЦК! Аккуратно ребята!,1
Шклярука Водников — ДТП. Патрульные на месте.,1
Ленпоселок катаеться белый дастер на синих номерах и серый T4,1
На Шклярука больница Ж.Д.,1
"Это было уточнение, на ранее опубликованное сообщение, что ДТП на Шклярука Водников.",1
"Теплодар Т5 походу тцк, со стороны Беляевки занырнули, поехали мимо Берлоги в сторону Тирасы, берегите себя...!",1
Минут 20 назад на юго-западе массиве в сторону первой станции шол одинокий пиксель высматревал по сторонам будте внимательны!,1
Таврия Маршал очень много мусоров и нацыков (на парковке),1
"В Курске массово сдаются в плен, на востоке разносят Всу, оружие не дают, разведданные отключили, спутниковую информацию не дают, у Европы денег нет на содержание, Тимошенко за три года сказала срочно надо заканчивать войну, раз сказала значит пора, у неё нюх, Маск Илон сказал что отключит Украине Старлинк для остановки войны.",1
"Зелёный идёт от рынка Черёмушки дворами, возле общаг",1
Б. Хмельницкого угол мечнекого сидит черт с папкой втыкает в телефон. Возможно сливает.,1
"Гросад, возле фонтанчика у будки с кофе, 3 зеленых. 20:13. Вроде никого не трогают, но все же. Хорошего вечера",1
На Дерибасовкой стоят возле Реберни мусора с тцк шо то рассматривают,1
Сити-центр Таирова?,1
"Возле сундука,прям на повороте на радужный,принималово",1
Балковская-мельницкая перекресток какая-то пробка. Пока не понятно.,1
"Слободка,Новая -Слободка,Кривая балка,Пересыпь!",1
"Пересыпь,Аптека от склада очень опасно!",1
"6.45 менты катаються проселочная-самолетная в сторону 45 школы, тормозят парней и пробивают доки",1
"Только что брат звонил Одесская, 30-й номер тоже заехали ошибки природы, короче походу Слободка облава",1
"Слободка облава, не выходите вообще",1
"Блокпост с погранцами,переезд Великодолинское-Барабой",1
7 Небо-Артвиль полиция стоит. Сидят внутри авто с включёным люстрами. Один ходит возле препаркованых авто,1
Стоит бусик черный на польских номерах во дворе за Обжорой на Космонавтова,1
"Полицейская машина напротив ОККО, со стороны Эпицентра.",1
"Слободка сидим сегодня дома очень много их, ездят кругами",1
Черемушки 2 полиции,1
"Народ, Слободка, сидите дома, очень много ездит по кварталам, не суйтесь никуда",1
Внимание. Черёмушки. По дворам ездит зелёный Мерседес. Легковой. 190-ый. Тонированный. Внутри зелен и мент,1
"Добрый день, Объездная дорога перед заправкой укир нафта как ехать в город стоят тцк двое на улице и трое сидят в машине, белый бус написано полиция",1
"Слободка, 3 хлебзавод полиция и военный",1
"Преображения 59,61 выписывают штрафы",1
отправились вдоль ипподромного,1
"Пересыпский мост возле заправки сидят, вынюхивают шо то.",1
Пионерская 20 Люстра во дворах,1
Копейка океан,1
"На сахарном ситуация такая, половина гестапо ушли на Головатого(Богатого) вторая половина осталась в сквере.",1
Под мостом на порт у тец БП сторона слободки от жд,1
"Проселочная-Дальницкое шоссе (ленпоселок)блок -пост,много зелёных выродков +черти",1
"Дальницкая-Проселочная и там и там БП,во все стороны и в город и с города",1
"Объездная, за светофором (Нати) в сторону поскота менты тормозят на скорость,свет,ремень",1
Теплодар замечены тцк в районе круга 9:30,1
6км на заправке. БРСМ Мерседес 124 зелёный трое хунтезелянтов находятся на территории БРСМ. На данный момент.,1
Внимания кривая балка ул четвёртая стоит белый микроавтобус в нем седят нелюди курят,1
"Генерала Петрова-космонавтов во дворах 2 пикселя и иент,проверяют, зелёный мерс",1
"Рівьера копи на вьезде на парковку, со сторони поселка.",1
"Слободка-кривая балка,мусора медленно по Круговой в сторону 125 школы выискивают!",1
"‼‼‼Ильичевск, не расслабляйтесь сегодня. Мощная облава по всему городу. Особенно порт и конечные маршруток.",1
Много оливок на 6 км возле брсм,1
ВСЕМУ ИЛЬИЧЁВСКУ!!!,1
БП после брсм в сторону 7 км,1
Менты объездная поворот на Корсунцы,1
Вторая проходная даже не суйтесь. Стоят мусора и черти. На 10:10,1
"Ленинградское шоссе, за БРСМ в сторону города, контроль скорости, а так же в сторону Киевской трассы, мост, два экипажа на скорость",1
Генерала Петрова звёздочка фольц темно синий выехал через дворы на дорогу,1
‼‼‼Ильичевск,1
Ленпоселок поле на 7 км опасно,1
Рынок Початок на сейчас,1
"Пересыпьский мост 11:50 был один мент и два ТЦК, 12:50 один мент уже другой. Чёт очень активно они работают...",1
рядом с Сильпо стоит зеленый. Центр.,1
Национальная гвардия на Генерала Петрова,1
Латовка.БРСМ патрулька в сторону поскота.,1
"Брсм возле Латовки менты с леденцом, актуально на 8.05",1
Латовка между брсм и поворотом на яму нюхачи выбегают на дорогу как долбанутые,1
Объездная дорога за заправкой вог как ехать з посёлка менты,1
Б.Хмельницкого. ТЦК на Рэно Клио.ВН 0387 ТЕ.,1
"Теплодар,Рено дастер",1
"Генерала Петрова 56,54,58 во дворе серый хюндай и три черта",1
Тираспольская-Преображенская,1
"Таврия маршал напротив стоят менты, тормозят выборочно",1
БРСМ менты в сторону 7 км,1
Аккуратно Базарная-Утесова-Успенская,1
14я люсторфкой строй рынок в сторону Совиньен а тормозят,1
Зеденый мэрс GVR только что заехал на рынок Початок к оптовикам,1
"Рынок Початок,посёлок Котовского заехали менты",1
Менты стоят напротив Маршала в сторону Эпицентра,1
"Днепропетровская дорога 111, медленно катается белый бус нисан с чёрной дверью на иностранных номерах.",1
Слободка3 хлебзавод полиция,1
"В жк Атмосфера куча мусоров по гражданскому, некоторые уехали на собственном транспорте",1
"Под мостом Пересыпьским менты ходят,пробивают, будьте аккуратны",1
Балковская-Зенковецкая стоит полиция,1
"Ленпоселок между двумя переездами,возле заправки Катрал на канарейке два мента в касках останавливают",1
"Ленпаселок в сторону города поехал зелёный форд транзит на чёрных номерах, будьте осторожны.",1
"Белый автобус,зашторенный,по колонтаевской-автовокзал",1
"Выезд с таировских кадров, маршал Сити менты что-то меряют рулеткой",1
Ленпаселок ваз зелёный джип на чёрных номерах,1
Ленпаселок Юхима Фесенка 11 Стоит бус в дворах. Будьте осторожны,1
"БРСМ как ехать на 7-км зелень собирается,вероятно будет БП!!!",1
Эпицентр блок пост как на 7 км,1
Пересыпьский мост. БП,1
"За БРСМ 6 км, блокпост стоят полиция и тцк по обе стороны проверяют всех.Маршрутку также остановили",1
"Слободка, патрульная машина, катается, медленно, тормозят парней.",1
"Пересыпский мост, бп",1
Поедут на Люстдорфскую.,1
Ленпаселок ваз белый магазин гуси стоят,1
"Доброе утро! Объездная ( Вокзле Палац Спорта) стоят за катралом на остановке, человек 5-7 зеленых, без люстры. Тормознули только 1 маршрутку. Пока стоят никого нету. Возможно приедет люстра, осторожно!!!",1
"ВНИМАНИЕ, ПЕРЕСЫПСКИЙ МОСТ ГДЕ КОНЕЧНАЯ 191 ШТУК 30 ЗЕЛЕНЫК ТЦК ПРЕДАТЕЛЕЙ-УХЫЛЯНТОВ СТОЯТ, БЕЗ ПОЛИЦИИ!!! 9:36МИН.",1
Проверяют по планшету. Разумовская-Косвенная. Полицейский + в гражданском,1
"Пересыпь, конечная 191 маршрутки бп",1
Объездная дорога возле хаджибея стоят в полиции тормозят грузовики пока,1
Генерала Петрова вдоль парка люстра,1
"Таирово,кадры возле Сильпо на стоянке стоит черный бус на черных номерах",1
"Бочарова-крымская,перед пешеходным переходом,стоят 2 буса,тонированные,набитые.",1
"Хюндай 2273 что писал ранее проехал по дворам выехал на 3 жемчужину, поехал в сторону Сильпо",1
Вторая акварель выехал бус тцк на Черных номерах,1
Базар нефтяников заехало две машины ментов,1
"Здравствуйте!Прям под Пересыпский мостом,возле аптеки толка тцкшников с ментом кошмарят мужика,бусик рядом.",1
"вул. Степова, буд. 1 ""б, Корсунці",1
Нефтяников Базар 4 нациста прессуют мужика напротив ПриватБанка,1
Генерала Петрова синий Дастер на черных номерах во дворах за Сильпо,1
ТЦК заехал на Одесса-Поездная,1
Черти на белом ланосе Паустовского- Добровольного.9.10,1
"Доброе утро! Минут 10 назад на Радужный, со второго заезда заехал бус, цвет мокрого асфальта, хюндай, номер не увидела. За рулём военный, рядом полицейский, сзади тоже кто-то был, но окна затонированые не увидела кто. Мужчины, будьте осторожны",1
Сильпо на юз. Массиве 2 ментов зашли в магаз. Предельное внимание!,1
інглезі 20,1
Новая Слободка очень аккуратно,1
Добрый вечер! Объездная дорога перед въездом на поселок возле Окко трутся копы.,1
Заправка ОККО пересыпь,1
"Объездная за светофором на Нерубайское,стоят два мусора по направлению на поскот",1
Пересыпьский мост под мостом конечная 20 трамвая блок пост,1
Metro ATB с посёлка пока стоят на парковке,1
"Посёлок, перед Эпицентром менты в сторону города, выборочно",1
Платформа Одесса-Поездная нюндай h1номер 2646 сцыкуны проверяют документы.,1
Стоит полиция перед Эпицентром со стороны Николаева.,1
Окружная перед заправкой мото менты,1
"когда выезжаешь с 6й Степной, налево блок пост где Тиристическая, и если направо повернуть тоже блок пост где 7я Степная. Вобщем там лучше вообще не ехать. Некуда свернуть",1
объездная дорога. на хаджибее. перед подъёмом на латовку. полиция,1
Добрый день. Киевская трасса перед заправкой БРСМ в сторону Одессы менты с радаром.,1
"Возле сильпо на Генерала Петрова стоит пикап военный на британских номерах, возле него никого не было, поэтому аккуратнее",1
На радужный заехала люстра,1
Теплодар. Проспект Энергетиков/раен Точки были замечены пидорасы зассатые.,1
Юго-западный на таирово ставят БП,1
На парковке Эпицентра(поселок) стоит машина военной инспекции. Уже долго стоит. Внутри пусто. Будьте остожнее,1
С 6 км до заправки БРСМ в сторону города б/ п.Проверяют всех.Останавливают маршрутки.Берегите себя,1
Между 6 елементом и брсм в сторону города черти в пикселе блок пост ставят,1
Юго-западай в сторону Таирова БП,1
С посёлка на против эпицентра люстра,1
"Юго-западный стоит БП на Таирова, знак на дороге но никого не трогали, внимательно!",1
10 линия на остановки бус стоит на аварийке с чёрными номерами,1
"Ромашковая-Глинки, БП",1
"По посёлку старайтесь меньше ганять, суворовский военкомат будет очень упорно «работать» лишний раз не выходите из дома пару дней",1
Окружная Окко стоит блок пост!срочно!,1
БП Поскот окружная заправка ОККО.,1
Радужный второй выезд ахтунг менты плюс тцк!!! Прицепились к студенту молодому парню,1
Радужный ходят менты + тцк по домам,1
Объездная дорога прямо за заправкой вох менты,1
радужный возле варуса пошли 2 мента и 3 зеленых,1
радужный возле ресторана фрумушика стоит 2 оливки и 1 мент,1
радужный менты с тцк ходят по каартирам очень много вокруг варуса этгго дома половина стоит по гражданской форме по углам высматривают,1
Тянется от Сильпо.,1
радужный возле евы на вьезд на парковку стоит 3 тела возле остановки,1
3я станция люстдорф. Бп,1
радужный на парковке ресторана уже идет принималово,1
Фольц т5 во 07...возле ріф пьют кофе,1
Радужный Варус два буса пакуют пацанов!!! 09:04,1
"Белый Т5 на военных номерах катает по дворам в районе Высоцкого-Заболотного, высматривают. Будьте осторожней",1
радужный 11 дом стоят 5 дибилов,1
радужный варус стоят цепляются к пацанам,1
"Экспострой, возле Натариуса, четыре зелёных на темно-сером бусике выскочили, проверяли у парня документы, отпустили",1
"Радужный 15/1, тцк+менты ходят",1
С ленпаса на авангард воен машины ездят,1
"Объездная с поселка, перед заправкой ОККО стоят мусора.",1
"Только что на генерала Петрова возле хуманы на сером H 1 номер КА цифры не увидел, люди в черном, без опознавательных знаков, проверяли доки у парня.",1
За жк Радужный гоняй комуфляжный бусик с двумя синими люстрами на крыше!,1
На перекрестке Авдеева/Шклярука ДТП. Тянучка. Не БП,1
"Между 16 и 14 домами Радужный ходят мусора, в касках с автоматами",1
Генерала Петрова 1 новая почта белый бус спринтер тцк,1
БП Канатная-Куликовое Поле.,1
ахтунг черемушки рено на черных номерах внутри сардины по кварталу,1
"Ленпасёлок, переезд, на остановке, возле новой почта №15, 2 мусара на машине штормят парня",1
"Генерала петрова, мойка, завправка амик разворачивают бр",1
"Генерала петрова, мойка, завправка амик разворачивают бп",1
Таврия Сундук. На парковке бус поллюции. Не орки. Принимают воришку в Таврии,1
ЖК Радужный возле магазина варуса в сторону конечной 145 проехали мусора с выключено люстрой!,1
Серый т5 колесит по парковки сити на Жукова-ждут и пихают в бус,1
"6 км пьют кофе на БРСМ, будет блокпост",1
"БП 6км (сразу за БРСМ), пока только в сторону 7км",1
6 км за Брсм БП в сторону 7 км,1
БП под мостом на порт со стороны слободки перед тец,1
Объездная с посёлка за АЗС окко на спуске перед куяльником ДТП,1
6 км БРСМ в сторону 7 км БП,1
Теплодар на сейчас черные с зелёными катаются по дворам,1
"Мельницкая-Аккордная,человек 10 в форме и полицейская машина",1
Ленпас ездит рено самбул оливкого цвета с красным капотом наглухо тонированные стекла ТЦК!!!,1
"Ленпас, мусорская курица и тцкшник на базарчике у шаурмы крепят парня",1
Люстра заехала на Люстдорфскую 176,1
Авария чуть дальше ОККО. Объездная с поселка,1
Все кто едет в обьезд с поселка в город:блок пост 1линия-Известковая,1
6 километр БРСМ ДТП три машины не блок пост.,1
"10 больница мрази стоят на дача Логан военные номера и рядом мусора,выходят к мужикам!!!",1
как ехать на паскот.7 пересыпь.блок пост,1
"Хлебодарское в сторону маяк ДТП уже пробка, менты на месте",1
"Китайский рынок, бус Мерседес два ТЦК а и менты. Шмонают работников. Внимание на бус серого цвета с надписью -Не ТЦК!",1
Возле эпицентра,1
Объездная с посёлка возле кладбища менты стоят,1
Степная мусора шманают прохожих,1
"Белый бус, по полю 6км-ленпас-7небо в сторону ленпаса поехал!! Актуально 14.00",1
Поехали на охоту( Киевский тцкунарий,1
Теплодар. Полиция медленно катаются во дворах.,1
Перша пекарня на Пантелеймон/Ришельев 5 мин назад была полна военных,1
"11 больница, слободка. 4-5 тцк на светофоре",1
Генерала Петрова на против детской больнице серый бус остановили парня проверяли доки! Уехали в сторону Сильпо!,1
Приемная комиссия на Эпицентре-китайский рынок -серый т5,1
Рено гавно напротив Сильпо бочерово 13,1
Генерала Петрова. От хлеб завода в сторону рынка курсирует серый хендай. Внутри 2 тцк и 1 мент,1
"Менты окружная за Корсунцами таки где мойка,сто",1
"Окружная, Корсунцы, мойка. Стоят мусора.",1
"Остановка Океан в сторону Маршала,белый бус,высматривают жертву...",1
Киевская трасса. Въезд в город. Стоят петушки с радаром. За заправкой БРСМ.,1
10.20- известковая-лакокраска блокпост.зеленых много все в кадр не поместились.),1
"Сразу за 2-м въездом в Радужный, на троллейбусной остановке стоит бус 0915",1
"Сразу за 2-м въездом в Радужный, за троллейбусной остановке уже стоит БП.",1
Радужный лазят внутри домово с полицаями тцк!!!,1
Ж.м. Радужный. Непонятная сходка мужиков по гражданке между 12 и 19 домами.,1
"Вокруг староконного питушня ищит жертву, будьте окуратны",1
"Стоят тцк после второго заезда на радужный, выборочно тормозят",1
Юго-западный собирается бп в сторону города напротив миратона,1
"Лесопосадка от 6км к ленпасу, целая засада из ухилянтов, два буса, без мусоров.",1
На юго-западной в сторону города готовится лох пост. Знаки уже на дороге.,1
Юго-западной блокпост выставляют в сторону города!!!,1
"От 6км в посадке на ленпас реально два буса в посадке,чё за движ там хз",1
Пьяная дорога между Сахарным и Пересыпью стоят,1
10 Линия Тцк,1
"10 линия, поселок, возле стоматологии золотая Рено щимят мужика",1
Юго-Западный в сторону Таирова ещё стоят. Чудом повезло проехать. Было просто уже несколько машин остановлено..,1
Плюс стоит патрулька на кругу на островке безопасности прям на против жд.,1
"Молодая-Кишиневская стоят черные проверяют доки, тормознули мопед Голов",1
Окружная дорога АЗС «ОККО» 4 оливки пьют кофе.Возможно будет блок-пост,1
"Окружная ОККО военная машина стоит,но она там часто,и три военных пьёт кофе",1
7 люстдорф. - люстра,1
Генерала Петрова 23/1 гоблины на Н-1,1
Г. Петрова 23/2,1
"Напротив ЖК Одесские традиции, останавливают машины",1
ВОДОПРОВОДНАЯ- БП,1
"Теплодар, возле стадиона две патрульные, остановили повозку, возможно пробивают по планшету",1
"В районе Староконного рынке катается белый спринтер, жёлтые номера в нутри гоблины с полицаем",1
Киевская трасса. Въезд в город. За заправкой Брсм. Стоят петушки с феном,1
"Пару дней назад забрали мужа менты в тцк. За 2 дня я видела очень много ментов, которые привозят туда. Сейчас они хватают. Будьте предельно осторожны. Не нарушайте права и не ходите по государственным учреждениям.",1
"Пересыпь за тоннелем где главная направо уходит стоит мосарская машина с двумя гнидами, шмонали мужика",1
Киевское шоссе въезд в Одессу заправка БРСМ полицаи с радаром,1
Между 3 Фонтанной и Вапняркой менты и ТЦК,1
Доброе утро всем.скверик возле 11 больницы слободка стоят зелень и менты человек 10.осторожно,1
Только что серый хюндай номера 2646 стоял на остановке Королёва-Вильямса!,1
"Объездная, Форд центр, на заправке стоят два патруля, четыре леденца работают",1
Объездная дорога. Где две заправки друг на против друга. Три патрульки. Человек 6 черных. Стопают грузовики,1
"Пересыпь, зелёный фольц т4 катается по предприятиям складам сто",1
В Теплодаре гости! Берегите себя!,1
"Днепропетровская 108, средина дома",1
"Днепропетровская 108, зашли половина в парадную, половина пьет кофе",1
Въезд в город с киевской АЗС БРСМ!! Мусора с феном!!! Соблюдайте скоростной режим!!!,1
"Днепропетровская 108, поскот",1
Под пересыпьским мостом остановилась мусоровозка. Высматривают.,1
Теплодар. Мусора медленно катаются во дворах,1
"Левитана-Жукова на кругу встал военный джип,полный вояк,возможно будет блок пост",1
Серый Фольксваген с ТЦК на Юго-западном поехали в сторону Первой,1
"2 военных, УАЗ с пулеметом. На островке безопасности.",1
"Так и стоят на кругу Левитана-Жуково, напротив Радужного. Возможно ждут милицию. Актуально на 16:52. В любой момент могут поставить блок пост и тд. Объезжайте.",1
Орион. Вито хаки. С полосой белой на боку. Водила за рулём. На въезде,1
Золотистое Рено Нижний Большевик-Долинская-Балтская дороги,1
"Золотое рено Жолио Кури, рынок восточный",1
Добрый вечер! Радужный между номерами 24-23 стоит ментовской Дастер кто внутри не видно!,1
"И в этом месте РЕГУЛЯРНО ходят пешие патрули и катается ""полиция охраны"" т.к. огромный поток людей в АТБ/Обжору/Еву/Аптеки и ещё мини-рынок на 7 станции‼‼‼",1
"Напротив Эпицентра менты, на выезде с посёлка",1
Стоит полиция при выезде с посёлка в сторону Николаева за Эпицентром.,1
Выезд с Нерубайского на объездную дорогу за АЗС БРСМ стоит патруль,1
"Поселок,окружная возле кладбища,где раньше был цемент.Duster без ТЦК.Сначала свет,потом перегар.Аккуратно",1
"Окружная возле хаджибейского лимана с двух сторон полиция, тормозят машины в две стороны",1
"Петродолинское, базар,",1
"На подъёме перёд Ямой на Куяльнике три экипажа ментов,останавливают выборочно",1
Походу сегодня у них Педагогическая-Тенистая-Клубничный стоит в плане - не выходим кто там живёт,1
Под'ем перед ямой с куяльника 3 екипажа,1
Всем доброго времени суток. Перед эпицентром в сторону посёлка стоят ухилянты и менты. И по другую сторону с города тоже стоят с мигалкой.,1
"Поселок Котовского, Окружная, 52 линия - менты с леденцом.",1
"Черная Таврия, аптека энтер- стоят четверо, проверяют документы",1
"Латовка, светофор(БРСМ) зелёный бус мерседес щимит мужчину.",1
"Фольц транспортер 9105, Черемушки, дворы 32 школа",1
"Дворы Генерала Петрова по курсу 100 школы,патрульные внутри ТЦК",1
Мусора на подъёме Куяльника 2 екипажа,1
"Ленпоселок Ваз ( напротив заправки ) стоит экипаж, кого то проверяют",1
Дача ковалевско монастырь прессуют на остановке,1
"Объездная дорога БРСМ заправка собирается, пока просто стоят",1
"Звездный-ОСТОРОЖНО!!!! Гуляет одинокий Зетник вокруг парка, высматривает и постоянно на телефоне, пошел в сторону АТБ парковки",1
Генерала Петрова перед входом в Сильпо стоят черные и машина припаркована,1
"замечены,,курортный рынок,,",1
Менты возле радужнего по маршала катаются,1
7 км заправка БРСМ блок пост,1
На Пионерской напротив духовной академии стоит люстра и выборочно останавливает машины.,1
"Объездная, менты, проверка документов.",1
Подьем с куяльника перед разборками менты,1
"Добрый день! По последней публикации - в ж/м ""Черемушки"" - не один магазин АТБ. Укажите конкретнее, где именно. Спасибо.",1
"Генерала Петрова напротив ""Смайла"" возле заправки Амик - выключенная люстра, но двигло работает. Сидят внутри, втыкают в телефоны, мин 20 назад",1
Дом Мен на кругу Рабина-Филатова полицаи щимят парня,1
Слободка ринок тцк актуально на сейчас,1
"Люстра,Колонтаевская-стали на против Ощад банка, выборочно ловят.",1
Окружная возле кладбища леденцы,1
Люстра окружная с поскота перед ОККО,1
"Менты окружная,при выезде и возле кладбища",1
Окружная сразу за Вог заправкой менты,1
"Волна-Молодежное. Стоят полицаи на Дастер, напротив магаза Точка.",1
Пересыпь окружили полностью.вплоть до Хаджибейской дороги. Воздержитесь пока в передвижении в том направлении,1
Тцк киевське стояли на розвязке на1ст люстдорф,1
Окружная за вогом опять встали чёрные з леденцом,1
"За заправкой вок,перед поворотом на Шевченко в сторону Куяльника менты",1
Круг 7 км в сторону Авангарда (Ленпоселок) менты,1
Преображенська/Щепкина,1
Стоит полиция со стороны Николаева перед Эпицентром.,1
Генерала Петрова 23/3 23/1 во дворах бус Hyundai с тцк,1
"52 линия, Окружная, посёлок Котовского. Менты паркуют",1
Хсерый хундай поехал от Генерала Петрова 61 в сторону сильпо,1
Мобільний б п люсторф дорога в сторону жд не доіжаючи до перехрестя Філатова,1
Инглезии 12/3 возле парадной стоит бус форд транзит,1
11.26 известковая-лакокраска подъем на крекинг блокпост. Трусят 111 маршрутку.,1
"Пересыпь, сахарный второй заливной, ходят демоны по дворам, будте внимательны",1
На 12.15 Окружная за поворотом на красноселку МУСОРА с леденцами И бус. Оливок не наблюдал,1
"‍‍‍Выезд с Паскота в сторону Куяльника, за поворотом на Корсунцы",1
"Генерала Петрова на против парка серый хендай во дворах, перед пекарней. Кружат мужика",1
"Поселок. 10 линия,на трамвайной остановки как в город. Человек 7",1
"Жолио-Кюри 26, Копейка, 2 машины вояк. Будьте осторожны!",1
Копейка восточка зелёные,1
"Жилмасив Радужный, конечная маршрутки 145,",1
Радужный второй заезд возле АТБ стоит Дастер полицейские,1
Слободка щимят парня возле базарчика,1
"Новая почта 25, рядом непонятный движ: несколько мусоров и ещё мутные типы.",1
"Сегедская-Армейская, катается подозрительный бусик по дворам! Берегите себя!",1
Развод происходит в паркинге Таврия в,1
"Хуторская-ближе к старой заправке,кто местный тот вкурсе:непонятный движ толи блок пост,толи менты.не резкнул дальше ехать!!!",1
"Объездная. После поворота на Корсунцы, перед кладбищем - полиция! Останавливают выборочно.",1
Окружная люстра за поворотом на корсунцы,1
Объездная выезд с посёлка за поворотом на Красноселку с обоих сторон мусора перегар свет ремень,1
"Слободка, коперативная улица, мусорня ездит по переулкам, выискивают мрази, слободку трусят сильно уже не первый день, сидите дома, ездят такими закаулками....",1
"Белый спринтер с ТЦК, катаються район ЖК Апельсин, забрали парня.",1
Вокруг староконного нарезает круги белый спринтер,1
"Таврия Маршал, кошмарят людей, кто в том районе будьте осторожны",1
Юго-западный масив б/п в город,1
Окружная в сторону ямы на повороте корсунцы(или как там оно называется)ЭКИПАЖ ПОЛИЦИИ,1
"Маршал сити атб ДТП, огромная пробка в сторону города",1
За пешеходом как ехать в черном. Опт рынок Спратолись полиция останавливают ребят,1
Поправочка на счёт Второй заливной.!!!В сторону поселка б.п. 1-й Заливной!,1
БугаевскаяСредняя папковщики выписывают штрафы,1
"Ленпаселок, катается рено кенго на чёрных номерах",1
"Окружная дорога, поворот на авторынок Яма, блок пост в обе стороны. Стоят менты и зелёные.",1
"Блок пост 15:00, объездная, поворот на яму",1
Известковая-пьяная. ⬇,1
"Стоит один мусор с оливкой, с той стороны что Таврия",1
"Теплодар, Одесская обл. заехали гости, аккуратно, берегите себя и своих близких....",1
"По поводу жд станции Застава1 (это ленпаселок, если кто то не знает). Скоты тцк стали прятать свои машины в районе альфатеров/шлакбаума, чтоб их с перона не было видно. Инфа 100 % от знакомого, который там рядом живет! Всех Нам благ!",1
"7-я пересыпь газель на военных номерах, внутри оливки",1
Между Евой и Сильпо,1
Юго-Западный возле Миратона по направлению в центр,1
Объездная в сторону киевской хаджибеевская дамба после спуска стоит патрулька на люстре 7:40,1
Окружная полиция как ехать вгород перед подъёмом от хаджебея,1
"Мужики осторожно сегодня Киевский Военкомат отрабатывает Черёмушки!!! Кто пешком сидите дома очень опасно,уже 3 раза видел как ребят забрали бусинками!!!!",1
"Белое рено пирожок на чёрных номерах, поехало между Жолио-Кюри 62, 60",1
"Доброе утро! На Амундсена Таврия (около Дома творчества писателей) стоят военные и полицаи, пока пьют кофе. Будьте бдительны, всем удачи!",1
Генерала петрова. Амик. Военые+милиция,1
Здравствуйте Генерала Петрова заправка amic стоят серый бус с пятнистыми пидорами будьте осторожны 8:44,1
"1я люстдорф, в сторону тобухина, бп",1
Юго-западный в город 9:18,1
Ля сильпо одинокий пиксель,1
Внимание!Два буса медленно курсируют Бреуса-Шота Р.-Ефимова-Малиновского.,1
Старокон со стороны кошачий собачий рынок!серый бус упаковал пацанов 10:10,1
Серый Хайс и хундай подъехали на Пересыпский мост в сторону конечной 191,1
Юго-запад массив в две стороны 🪖,1
"Бабичев ставок, новая слободка 2 буса",1
Все 4 бп на юго-западном,1
Шерстят рынок вместе с полицией,1
И так же Юго-Западный в сторону Таирова,1
Экипаж ловят на радар в сторону маяк,1
Часто начали ездить люстры в ЖМ Радужный. Раньше такого не было. Практически каждый день.,1
"17.10 Жолио-Кюри, 26 во дворе пятнистый х...р на телефоне.",1
Радужный за густо дастер без люстры стойт!,1
"Круг Левитана-Жукова, заправка VST, военная машина,стоят цинкуют.",1
"Уже не первый день на Утесова-Заславского-Базарная-Щепной-Успенская после 23.00 ходят упыри в чёрной одежде. Ещё и трутся возле припаркованных машин, заглядывает в них и что-то пишут",1
БП Объездная возле ОККО,1
Б. П. ОККО Объездная с поселка 05:40,1
Объездная блок пост ОККО.Срасибо что моргали!!!,1
Брсм 6 км стоит бус и много зеленых будет блок пост,1
"В сторону 7 км заправка Брсм пьют кофе, оливки. Мини грузовик полный ими.",1
Готовят блок пост брсм,1
За брсм 6км блокпост берегите себя,1
БРСМ 7 км блок мост в обе стороны рыл 20,1
Генуэзкая Ля Сильпо напротив черный Вито на желтых номерах,1
"Черёмушки очень аккуратно, много патрулек, едут медленно, выскакивают.",1
Окружной в районе куяльника поехала патрулька,1
"Пионерская угол Курортный, мрази двух чёрно-фекальных мастей пристали к прохожим",1
Ставят блок пост на въезд в радужный,1
Серый мультиван проехал с 14 ст люстдорф в сторону 16 ст. Внутри сидели черти по форме. Минут 10-15,1
Въезд в (Радужный) аккуратно блокпост,1
7км Перед мостом на эпицентр блок пост в обе стороны,1
3 ст Люстдорф. Дор,1
"радужный, старый въезд/розетка БЛОК ПОСТ",1
"При выезде из маяк, в сторону Молдавии, возле Таврии куча полиции, выборочно останавливают машины, проверяют документы",1
"Генерала Петрова 50, парковка перед домом между детской площадкой и смайлом. Стоят несколько тел у машины, мужчина и женщина по гражданке, с ними 2 оливы. Проверяют или просто стоят, неизвестно",1
"6 станция БФ, напротив Сильпо менты проверяют доки, тормознули серую Тойоту",1
Один ушлепок в зелёном стоит на входе в копейку жил.комплекс Скай сити ул.чапаеаской дивизии,1
Ленпоселок поддоны проезд к 7км стоят тцк,1
Стоят Николаевка при въезде! Со стороны маяк шлахбаун проверяют всех,1
"Днепропетровская дорога 108, военком на велосипеде высматривает звонит, пишет в телефоне что то, не далеко бус катается, тактику сменили.....",1
На Дерибасовскую заезжает маршрутка с пикселями,1
Объездная ближе к посёлку блок пост,1
"Объездная, возле окко, посёлок Шевченко 2. БЛОКПОСТ",1
Бреуса-фунтового на остановке 10 трамвая 3-е оливковых доходяг хромых щимят 2 парней,1
"Окружная, заправка окко в обе стороны бп, спасибо всем моргающим",1
"Окружная ОККО в обе стороны, много, пробка с Куяльника.",1
Заславского- пешие менты,1
Слободка т 5 серый тцк на военых номерах,1
"Шыршова, Слободка,",1
Пересыпь. Копейка. Два полицейских с планшетами,1
"Окружная район окка как ехать на поселок,тцк и менты",1
По стороне Сильпо,1
Балковская-Дальницкая на перекрестке копы с мигалками,1
"Нац гвардия гуляют по дворам. Затонского-заболотного, а может и шире. по нижним дворам в районе жолио.",1
Пересыпский мост на посёлок стоит ГАИ,1
Стоят мусора не доезжая эпицентра в сторону посёлка со стороны Николаева,1
Эпицентр на поселок стоят мусора,1
Блок пост заправка Амик возле Таврии Маршал,1
Metro таирово в обе стороны БП,1
Добрый день есть инфа что после 9 часов будет рейд тцк по предприятиям и организациям на заводе электрон маш и бизнес центр Маршалл,1
Киевская трасса. въезд в город. За заправкой БРСМ стоят отброски общества с радаром.,1
"Маршал Таврия, в сторону города- толпа с бусом. Тормозят",1
"В начале китайского в сторону эпицентра стоит полиция, скорее всего выборочно проверяют машины",1
Таврия Маршал блокпост,1
Объездная дорога прямо за WOGом стоят менты,1
Таврия Маршал пост,1
"Ленинградское шоссе, выезд на Киевскую трассу, мост, а так же въезд в город, за БРСМ контроль скорости",1
"Генерала Петрова,заправка Амик,серый бус с пикселями 5122.Будьте осторожны",1
Александрийская рынок курортный,1
Паркощики на бочарова-добровольского,1
"2 экипажа ментов на подёме от куяльника к яме, останавливают кого успеют",1
Блок пост Кадоры Таирова Сильпо 41/40 жемчужина,1
Срочно ‼ Блок пост как ехать в кадоры Таирова ( там где Сильпо) только поставили,1
Блокпост в Кадорах на Таирова. Возле Сильпо,1
Сильпо Кадоры 11:50,1
40 жемчужина Kadorr возле разгрузки SilpoБлок Пост Время 12:10,1
"БП на Жемужной, на выезже с Кадорра, где Сильпо. Прямо с парковки выезжаешь к ним.",1
Отдел Продаж Акварель Блок Пост Правый ряд в сторону ЭпицентраВремя 13:00,1
ТЕПЛОДАР катаются менты по дворам,1
Привезди в город с Киевской трассы Возле заправки БРСМ фен также на выезде из города на Киевскую трассу возле моста фен всем аккуратно,1
Ленпаселок в деревьях стоят вылавливают. И вроде еще в поле катаються на белом бусе,1
РОВД пересыпь БП правая полоса,1
Патрульные пешие 4 человека по Генерала Петрова прям по дороге,1
"И «новые «Копейки», «Сильпо» и т.д., хотя бы примерно",1
Посёлок.. 10 линия полиция на остановке крепит мужыка.,1
К Хлеб заводу подъехали полиция. Слободка актуально на сейчас,1
Объездная за ВОГом полиция всех подряд тормозит,1
Радужный.варус,1
Добрый день перед поворота на Шевченко 3 Объездная дорога стоит полиция пробивают по планшету,1
"Хюндай Аш1 «КА9582ЕО», две оливки, маслина и еще одна оливка в машине, будто на стреме, сначала общались с мужиком, а потом резко загрузили его! Уехали в сторону 25-ой",1
"Теплодар, мусорской Дастер катается по дворам",1
7-км первый заезд к эпицентру мусорная стопает всех подряд.,1
"Киевская трасса, въезд в город, БРСМ - радар 2 патруля.",1
Два черных гнома завезли на своей люстре в Киевский Тцк мужнину в кепке если кто ищет,1
"Лески-Крыжановка в сторону города, полиция, не нарушайте пдд",1
"Также, въезд в город БРСМ",1
"Киевская трасса( лесенка) одна машина ловит на скорость и вторая сеть дальше, прямо посередине моста.",1
"Дворы Генерала Петрова 23/4, 27/2, 23/3 крепят мужыка, догнали, 3 оливки и 1 маслина, белая машина фольксваген транспортёр",1
"ТЕПЛОДАР, БЕЛЯЕВСКИЙ ТОЙОТА ПРИУС БЕЛЫЙ, КАТАЕТСЯ ПО ГОРОДУ МЕДЛЕННО!!!",1
"Ствол ЖД какой-то движ. Тормознули машину на рельсах, мусора и джип. Может и Дтп, но далеко друг от друга. 05:10",1
"Был замечен, на королёва-на против новой почты 66",1
"Добрый. Мусора окружная, поворот на Красноселку",1
"На ул.Шклярука около 200 м от входа в больницу ЖД,стоит в кармане патрулька и 2 мента. Актуально на 10.00",1
"Подьем окружной с куяльника, с поскота, менты",1
Сто маршал как на кладбище ехать стоят белый хендай,1
Генерала Петрова белый ниндай во дворах ездит,1
Стоят до сих пор перед ямой подьем с Куяльника,1
"Гвардейская, 12А, Киевский район, белый бус, очевидно тцк, номера не разглядела, простите. Окна тонированные.Этот белый бус гнался за парнем, он вроде как убежал, очень на это надеюсь. Вот же конченные мрази..Всю картину не увидела к сожалению, но аккуратно",1
"Гвардийская, 12А, Киевский район, белый бус, очевидно тцк, номера не разглядела, простите. Этот белый бус гнался за парнем, он вроде как убежал, очень на это надеюсь. Вот же конченные мрази..Всю картину не увидела к сожалению, но аккуратно",1
"Чёрная таврия, какой-то движ с мусарками. Приехал ещё бус на подмогу.",1
Академика Корольова 81/3 стоят уже мин 10,1
Таврия ходят,1
Первый вьезд на рынок 7 км со стороны сокара сразу за эпицентром стоят менты в обе стороны,1
"Радужный 2 врага народа шли в сторону маршруток, при спуске вниз от варуса стоял еще двое. Будьте бдительны. Думаю на втором выезде тоже ходят.",1
"Генерала Петрова напротив стоянки, за белым магазином возле общежитиия три патрульных авто",1
"На Шклярука, напротив больницы железнодорожников.",1
"Черемушки, много мусорских патрулей",1
"Артвиль стопают, одна люстра с 3 челами, вторая без люстры спрятана",1
"Радужный, конечная 145 мусора",1
Ленпаселок по улицам медленно катаются мусара,1
Пидоры с мусорам на юго-западном мини блок пост в сторону города!,1
"М. Арнаутская 112, напротив новой почты, менты и тцк охотятся на пешеходов",1
Пересыпь. Конечная трамвая#1. Менты докапываюца до мужиков,1
"Квадрат Вильямся-Глушко-Королева-Люстдорфская, дворы, серый хюндай, бус тцк",1
"Радужный. По дворам кружит серый бус, брендированный под Сталкер 2.",1
Столовая в сторону 1 заставы опасно,1
Киевская радар не доезжая брсм на 16:55,1
"Радужный два буса серый и черный оба с зеленью,внимательно и аккуратно,смотрите в оба",1
30-14 H1 зелёный пикап с неледью заехал на стоянку Эпицентра 7КМ. Будьте бдительны. Всем Хорошего Вечерочка.,1
"Брсм,Латовка.",1
3358 серый хундай(Черемушки) 32 школа. Бегают за мужиком. Опасно,1
"Черёмушки, катается бус гейгвардии (389 G), за рулём оливковый.",1
Окружная камыши после Окко стоит полиция в две стороны,1
На Шишкіна 61 стоит машина мусаров Крепят пацанов кто хочет снять на видео светят мерцающим фонариком в камеру,1
"Цнап, Киевский, ходят выискивают",1
"Эстакада на порт, сторона слободки БП. Менты и пятна.",1
Утро. Б. Хмельницкого серый бус на черных номерах. За ним белый бус 8823 и люстра сзади. Выписывают к мужчинам. Берегите себя,1
Хюндай 3358 по Шклярука проверяют у мужика документы,1
Блок пост на лакокраске-Известковая,1
При входе в рынок Черёмушки,1
Говорова-Академическая тцк с ментами.,1
Радужный вьезд... всем придельно аккуратно закинули только что мужика бус спринтер белый тонированый по кругу.... внутри тцк ездят... придельно акуратно во дворах,1
"10:35 Радужный тцк чел 8!!!!! первый въезд, щиты ставят, МВД с ними 2",1
По северной улице (ленпоселок) в сторону переезда проехало два буса с пикселями.,1
"Промсвязь,не доезжая Окко в сторону 25ой м пикселя",1
Ришельевска улица,1
"По Генерала Петрова проехал белый фольц т4 с мусором и оливками,я с легка ох....ел!!!",1
"Пьяная дорога, между сахарным и Пересыпью бп",1
"Ездит по черемушкам бус, упаковали двух ребят только что на генерала Петрова",1
"Серый Хюндай H1 с оливкой за рулем ездит по дворам возле Генерала Петрова,23/3",1
Бус темно серый киевские номера 3639 заехал на Радужный медленно... в нем гоблины....,1
Добрый день! Ленпас по Горизонтальной серы Н1 9105 два раза проезжал в течении 20 минут,1
"Ребята,раннее писалось,но ещё раз: внутриквартальный проезд: Глушко-Водоканал-Форма-Люстдорфская дорога часто и непредсказуемо чёрные и зелёные мрази шерстят. Будьте осторожны!",1
ЗАЧЕМ вы по 10 раз пишите про тот же самый блoкпост на 25й???,1
Мусора на Канарейке с.Светлое-Новые дачи.,1
Мост пересыпь копейка по гражданке проверка доков,1
Копейка/аврора зажали мужика и погрузили в бус,1
"Радужный 10А. Полиция, с выключеной люстрой. Рядом копы,2-3 чел.",1
"Радужный. 10 А. На парковке патруль полиции, в выключеной люстрой,рядом копы 2-3 чел.",1
Суворовский район завтра аккуратно.,1
Здравствуйте. Сегодня в 15 часов дня прямо около смартлаб на б.хмельницкого стояло 3 козла и белый автобус с приоткрытой дверью. (Ранее не было возможности написать). Что самое интересное громко матерились и говорили по-русски!;),1
Мусора на 6 км брсм,1
"Пересыпь, напротив Райотдела БП",1
Объездная. Окко. Выставляют БП. НА 7:00,1
Окружная блок пост низом не объехать,1
При въезде в город с Киевской трассы Возле заправки БРСМ готовится радар Будьте осторожны,1
Рынок Нефтяников машина на чёрных номерах марку не запомнил,1
"Слободка, катается чёрный рено, зелень в районе базачирка",1
Подтверждаю. черемушки. нацисты за кем то охотятся в районе 69 школы. очень агрессивные!!!,1
"Валентины-Терешковой 20школа,стадион...бегает пиксель,на телефоне и цинкуют..ходит кругами,за школой машина стоит!",1
Ченоморка-Совиньон-,1
"Паскот, объездная дорога, за поворотом на корсунцы, в сторону куяльника копы с леденцом",1
ТЦК 10 больница между первым и вторым выходом как обычно куда привозят ребят на сдачу анализа будьте бдительны,1
Радужный второй заезд,1
"Посадка с 7км е ленпаселку, курсирует даст и бус",1
"Вторая акварель,туча зелени и 2 мусора только что зашли на территорию",1
"1-й заливной у ментовки, в сторону поселка, куча чмобиков сидят на скамейке поидее будет блокпост ждут мусарских, будьте акуратны, актуально на 12:55.",1
Пионерская 20е номера ДТП посреди дороги объехать возможно,1
М. Арнаутская не доезжая Черновола экипаж полицаев с люстрой в левом ряду,1
Две люстры по киевской трассе перед брсм в сторону города ловят на скорость,1
"Петрова напротив Сильпо стоял невнятный тёмно-серый тонированый в хлам бус хюндай на синих номерах, поехал в сторону 25-ой",1
Жм радужный серый хендай Н1 катаются по двору,1
Менты 2штуки и 1 гражданскый возле Антошка Філатова,1
"Эпицентр поселок, внутри 2 оливки, может больше",1
Таврия Ариейская пиксель с папкой авто минивэн,1
Генерала Петрова 40 / 38а между этими домами стоит бус венный с опознавательными знаками пока пустой,1
"Белый бус на против Хуманы, ул.Генерала Петрова",1
7-е небо напротив «Артвиль» стоит патрулька с включений люстрой.,1
"Во дворах генерала Петрова ездят,проверяют по планшету,будьте осторожны",1
Генерала Петрова,1
Срочно пидоры на сером хюндай с номером КА заехали во двор рядом с бц Черёмушки,1
Жемчужина не доезжая Сильпо,1
"Выезд из Одессы, Ильичёвская трасса",1
"Кутузакия, не доезжая староконного -людоеды",1
Район староконного рынка.,1
"Варненская-парк Горького, напротив кинотеатра стоять три вояки и полицейская, на белой машине..пьют кофе,голову крутят по сторонам",1
Черемушки катается машина с мусором и 2 тцк.Будьте аккуратны и хорошего вам дня!,1
Только что подьеха бус в камуфляже серый и джип к староконному со стороны ул.Ленинградской,1
Радужный коенчная 145маршрутки поехал мусурской дастер 3 человека,1
"Окружная, выезд на хаджибеевскую люстра стоит",1
"Генерала Петрова 1 напротив приёмка,уже минут 5 стоит машина с поганью!",1
"Ребята будьте бдительны в районах: Слободка, Новая Слободка, Кривая Балка, Нефтяников душегубы были замечены на ржавом еле-еле белом Toyota Haice, другая группа ""Харонов"" передвигается на тёмнозелёном уставшем Е190 Mercedes на бляхах обе катафалки",1
"Рено кенго с черными номерами живёт на улице Чумацкой (ленпоселок), узнаю точный адрес и номера сообщу",1
Пересыпь Мост аптека от склада 4 по гражданке.,1
"Генерала Петрова стоянка ""искра 2"" стоят мусора с леденцом на въезде",1
Радужный 2 заблокирован,1
"1-й заливной,возле ментовки крутятся пиксели, возможно будет БП.",1
На парковке атб возле маршал сити мусорской бус,1
Генерала петрова 74 по дворам катается,1
Сильпо на Генерала Петрова 4 мудака крепят мужиков,1
"Космонавтова, 10 квартал сторона как ехать в город трое зеленых с двумя собаками пошли вглубь во дворы",1
Ехал с другом на велосипеде и проезжал мимо Сильпо на генерала Петрова. Пытались нас остановить Но не получилось. Крикнули им идите верховную раду мобилизируйте и прихватите ментов собой. На что они просто посмеялись. Берегите себя пожалуйста,1
Бус сталкер заехал на радужный,1
"Богларская угол хмельницкого серый Т5, почти словили парня, полный оливок. Актуально 09:59",1
7й км. Ул.Базовая. новая почта. Нюхачи.,1
Сухий брсм полиция,1
жк Апельсин парковочные инспектора,1
"Старое Вильямса, номера 10-20, белый бус на киевских номерах, прессуют/проверяют парня! Чуть дальше стоит или смотрящий или неравнодушный гражданин.",1
Бело-синий эталон* маршрут ильичёвска,1
Черемушки сидите дома,1
На генерала петрова школа 56 проежал бусик возле гаражей,1
"Добрый день,Радужный только что заехала люстра к Атб и сразу к торгующим (мужчинам)у него пошла (обилечивать или «пробивать»непонятно-тк сразу ушел естественно)Будьте осторожны",1
"Таврия Маршал ходит олива по парковке, звонит кому-то",1
Стоят менты на Шевченко на горе (объездная )возле куяльника,1
"Олива которая возле Маршала бродила, пошла медленным шагом к Бизнес центру который рядом",1
"На 25-й возле Обжоры стоит белый бус, на нём написано красными буквами аптека, рядом зелёные и трое в гражданском",1
"ТЦКуны на белом бусе во дворах Генерала Петрова 41,39",1
"Объездная, поворот на Корсунцы, ДТП. Мусора на месте",1
Генерала Петрова Сильпо авария,1
"Пересыпь ходчт чёрные и зелёные, стопят и проверяют,видели возле копейки",1
"Менты стоя возле Мери-Бери, Скай сити!",1
Рынок Нефтяников напротив мясного магазина стоя две оливки и мент кого-то проверяют,1
"Пересыпь,пошли в сторону точки,курсируют вокруг района",1
Пересыпь вог прямо на заправке,1
Ленпосёлок Юхима Фесенко в сторону переезда поехала патрулька без мигалок,1
Нацыки и мусора стоят воробьева-ядова много могут быть с тцк,1
На остановке одна с военными номерами а вторая гражданская.,1
"Ленпосёлок, Бакалея возле складов ходят зелёные с ментом, уже словили 2 пацанов",1
"Доброе утро, возле Аэропортовского катается серый т4, едет медленно, высматривают, ехал по Гастелло в сторону туристкой",1
Генерала Петрова угол екира приняли парня и машину забрали!!!!! ОСТОРОЖНО,1
Супермаркет Копейка! Генерала Петрова! На против заправки Амик! будьте осторожны! Актуально!,1
Мусора 7км после Сокара по базовой перед эпицентром,1
"Базовая - да а въездом на эпицентр менты с леденцами в обе стороны, стопают кажлую 2-ю машину",1
"Копейка генерала Петрова 74, за копейкей стоит Хюндай h1 возможно бус тцк, осторожно в этом раене.",1
Радужный атб везд сосороны свтола так и стойт дастер на люстре проскачил! Берегите себя,1
Киевская трасса. Въезд в город. За заправкой брсм стоят слуги народа с радаром. Не нарушайте. Всем хорошего дня,1
"Радужный гуляет с папкой походу не один, высматривает людей... будьте бдительны. Также ездит желтый бус черные номера медленно по кругу",1
"Чёрное море, станция Студенческая блок пост",1
Теплодар и Майоры аккуратно катаются Белый Дастер и бус Хюндай Н1 высматривают...,1
"7 КМ, сегодня очень внимательно, на улице базовая уже третью точку меняют лучше объезжать через рынок",1
Жолио-Кюри 26 во дворе белый бус с черной дверью на бляхах 11.00,1
Седьмой километр Базовая въезд за эпицентром стоят нюха чи,1
"Добрый день. Киевская трасса в сторону Одессы радар за заправкой БРСМ, в сторону Киева - перед мостом на выезд из Одессы",1
Напртив днепрорынка менты стоят с леденцом,1
"Блок пост Каролино-бугаз, перед переездом ( Чёрное море) актуально 12.10",1
"Слободка, район посёлка Дзержинского, есть сквер, в 11:55 подъехал черный Вито, вышло (4 в чёрном и 2 в камуфляже) пошли в сторону ЖД остановки, будьте максимально окуратны",1
"Киевская брсм, мусора радар в обе стороны",1
Штраф площадка на Ленпасе около переезда,1
"Добрый вечер. На ЖК радужный возле копейки 22 дома стоит девочка,цинкует всех мужчин и пишет в телефоне. Не местный. Одет в черном с бананкой.",1
"Парни на парковке аэропортовского белая газель и два уебка пятнистых, время 19.33. p.s. адекватным полицейским предлагаю соботировать преступные приказы начальства по незаконному задержанию граждан!",1
В жм радужный катаются мусора планшет,1
Монастырский пер. Таврия маг стоит патруль останавливает всех выезжающих с Юга. И с той стороны.,1
Радужный 24 дом где плиты стоит патрульная машина,1
Збили людину Богдана угол мечнікова 2 полоси в сторону кінотеатру перекрили. Їдемо по зустрічній.!!,1
Плюс мусора людей привозят в тёмное время суток стабильно.,1
Генерала Петрова новая почта 125 тцк и мент стоят,1
На шклярука 4/4 возле магазинов бус с ТЦК пристали к парням.,1
Заправка VST возле таврии маршал мусора,1
Белый isuzu типа Богдан поехал по Ленинградской в сторону Староконного рынка,1
Странная машина медленно ездит дворами генерала Петрова 23/4,1
ленпоселок катаются менты возле 130 погоризонтальной,1
"Второй день стоит,может кто ищет хозяина,Эпицентр 7км,со стороны сокара",1
"32 школа (Черёмушки) ходит пиксель, высматривает. На телефоне",1
"Утренний базар возле СБУ, и Соседей мусора",1
Тцк и менты дровец спорта. Проспект Шевченко,1
а в сторону 1 ст люстдорф богдан желтый едет,1
"Утренний базар, возле магазина ""Соседи"" полиц. на машине остановили 2 парней. Отпусттли слава Богу!",1
По генерала петрова ездит бус 3358 осторожно,1
"Генерала Петрова 1 возле новой почты, какая-то возня с мусорами, пристали к водителю и двум бомжам",1
Трасса Одесса-южный напротив самолёта Визирка,1
Занимался своими доками в ТЦК и обратил внимание что из 50 человек бусифицированных человек 40 привозят полицейские. Люди почему-то обращают больше внимания на бусы с ТЦК а на полицию не сильно. Берегите себя и не надейтесь что полиция вас защитит.,1
"Усатово-Хуторская переезд очень много мусорылых, возможно будет БП, осторожно",1
"Окружная перед Куяльником, камыши БП",1
Радужный 2 въезд белый бус 3 пикселя проверка доков на остановке на 7;10,1
"Поскот, объездная в камышах собираются зелёные может быть БП",1
Ильичёвска вечерний рынок облава,1
Илечевск вечерний рынок.Черные нюхачи.Тормозят всех на выхлоп,1
"Радужный проверка Осмд!!! Полиция с тцк, вычисляют где живут сзч",1
Вильявса китайский рынок леденцы,1
"Окружная, на хаджибеевском лимане в конце дамбы в сторону Латовки стоят мусора.",1
поскот окружная камыши блок пост. тормозят не всех,1
Объездная камыши в обе стороны,1
Хлебодарском стоянка Таврия автобус большой с военными,1
Въезд в порт возле Пересипского моста менты и белый с ТЦК.,1
Доброе утро. Окружная БП камыши в обе стороны,1
Привозит в военкоматы 70% людей подлежащих к мобилизации,1
Станция Слободка,1
"Всем Доброго Времени Суток Опасно Островидова угол Спиридоновской,шакалы тцк Берегите себя:Одесса",1
Теплодар. Мусорской белый Дастер медленно катаются,1
"Окружная, Камыши актуально 13.01",1
"7 км базовая стоят на повороте с эпицентра менты, останавливают",1
"Хлебодарском стоянка Таврия, пикап людоедов",1
"Теплодар аккуратно, две машины полиции катаются очень медленно",1
Радужный дом 1 полиция перекрыла движение.,1
Радужный в районе 17 дома припарковался бус белый тонированый велезло двое с папкой... все внимательно,1
Люди в чёрном ловят пешеходов у моста Пересыпь.,1
Доброе утро объездная в сторону куяльника за поворотом на корсунцы стоять мусора,1
"Слободка вокруг рынка Нефтяников очень опасно,",1
"СЛОБОДКА, а не СлАбоТка,",1
Вояки хз кто точно крутятся возле входа в Чёрное море отель,1
на шклярука пристали к мужчине 1 по гражданке 3 военных,1
Окружная на повороте перед Куяльником менты.,1
"Объездная, Хаджибей",1
Юго-западный БП только ставят,1
"Добрый день.Генерала Петрова не доезжая,,Мясолюба,,стоят два буса с зеленью и один полицай курят.Но будьте осторожны.",1
"Генерала Петрова 39 забрали пацана, номер машины 5122",1
Дорога Южный-Одесаа.,1
"Стоят 3 ТЦК и рядом патрульная останавливают поток Академіка Вільямса, 84Б, стоят на обочине в сторону Таврии",1
"Тцк, Черемушки, 10 квартал",1
"По среди посадкибелй бус спрятался бус с фрицами ждёт тех кто идёт с седьмого км домой на Ленпасёлок,увидел дал ноги,актуально на 12;10",1
Объездная за заправкой ВОГ стоят менты никого не останавливают просто стоят,1
"Дорога корсунцы-красносёлка со стороны объездной, по прежнему работают попрашайки, свет/ремень/планшет/перегар/ резерв+, будьте осторожны",1
"Серый бус (Сталкер) с зелеными мужеложцами внутри, нарезает круги Полтавская-Аэропорт-Платановая",1
"Киевское шоссе, полиция с люстрой - 2 локации. Первая - при выезде из-под моста с терминала, вторая - возле кладбища сразу за Shell. Обе в сторону города, обе с радарами.",1
Люстра. Черная Таврия. Заехали во двору за Таврией. На 18:00,1
"Мерс Вито 2113, радужный поехал один за рулем",1
"Данченко почта 4 стоит маницепалка там трое кого то выжидают, будьте окуратно",1
Жк Радужный везд от сундука возле магазина днипро м стоят менты на люстре один зелёный зашол за шаурмой! Буте внимательны,1
"Черёмушки,ахтунг! По району ходят НГУ, смотрят документы, бьют по базе на предмет розыска... Не попадайтесь",1
Малая-Канатная ловят парня. Возле обжоры,1
"пл.Толбуха, возле Сильпо два пикселя курят, чего ждут.",1
Поехал по шклярука минут 5 назад,1
Кооолева 32 аптека Анкор напротив АТБ бус 9582 пресуют пацанов,1
Ответ на данное сообщение. Киевский,1
Теплодар на кругу полиция.,1
Окружная с посёлка на подъёме возле куяльника менты,1
Генерала Петрова магазин Мясолюб бус серый с вояками рожу закрыл перебегал дорогу за кем-то,1
Теплодар. Маршрутки. Полицаи кошмарят. Очень опасно. Тцк не видно. Актуально 9:02,1
"Проехал серый бусик Хюндай h1, Черемушки, 32 школа, в сторону Генерала Петрова",1
На подъёме куяльника перед ямой менты останавливают,1
"Менты,2а экипажа на спуске к Куяльнику в 2е стороны",1
Староконний. Бус.,1
Базовая напротив епіцентра останавливают всех ‍,1
Рынок Староконний с трех сторон облава,1
новая почта 20 отле,1
Генерала Петрова 27/4 трутся двое в чёрном с маленькой рацией,1
Эпицентр 7 км. За остановкой мусора останавливают в сторону 7 км.,1
"Радужный, какой въезд, какой бус? Хоть какие-то ориентиры пожалуйста",1
"Добрый вечер,мост пересыпь актуально на 19:11 стоял h1 серый на конечной 191",1
Этого фольца номер вн 35 19 свернул на генерала петрова берегите себя,1
Очень медленно кататься серый тонированный фольц по ул. радужный,1
По улице в ж/м Радужный,1
Александровка-Ильичевск Катаются менты по улицам,1
"13-я линия трамвая светофор Экспострой, магазин Ева, полиция ‍ на парковке …..будьте внимательны!!! Берегите себя друзья!!!",1
Сейчас 10:03. Чуть не забрали. Поехали в сторону Б.Хмельницкого,1
Въезд с Николаева на Паустовского- возле Эпицентра патруль мусоров,1
"Радужный, 24 дом, со стороны поля. Мусора проверяют по планшету, и машины шмонают.",1
"Слободка, на ""Голубом Дунае"" стоит куча ТЦКунов. Тормозят машины.",1
Радужный 10а только что проехал красный бус за рулём оливка на пассажирском мент,1
Этот автобус уже не первый раз едет по Лидерсовскому бульвару сворачивает сразу за храмом в сторону моря проезжает мимо Махараджа и выезжает к арке в сторону Дельфинания,1
‼‼Черноморского казачества‼‼,1
По Радужному 2 катаются часто люстры. Сегодня на голубых номерах без люстры ездили высматривали. 23 дом Радужный со стороны поля. Берегите себя.,1
Ленпаселок в сторону заставы поехал чёрный вито с гандурасами,1
"Пересыпьский мост Трое в гражданке Ментов к людям цепляются, возле магазина Belsta",1
Спортивная Академия. На парковку заехал военный бус т4,1
Мост Пересыпь напротив магазина Belsta через дорогу на светофоре 3 красавца лучше обойти.,1
Переулок Глинки после Мегадома,1
"Сейчас почти, в 22-50, перекресток Преображенская-Успенская. Тот угол где Зирка. Человек 5 ментов с собакой, стоят тихо, будто бы ждут чего-то. И стоят в темной неосвещенной части. Хотя и в желтых жилетах. Деталей не знаю.",1
"Отель Чёрное море, парковка",1
НовиковаСтолбовая дастер черный желтый и серый т облава! Цепляют всех мужиков,1
7.50 Китайский рынок,1
Застава/ленпас серый и желтый бус вольксваген и черный дастер,1
"Пересыпьский мост белый Рено 1141, остановили парня, проверяют документы",1
Таврия Маршал стоит нац полиция Большой бус,1
"Генерала Петрова √1,Новая почта √125 у входа припарковались полицаи. Двое сидят в машине и высматривают. Информация на 10.30,",1
Таирова-зонт в сторону города продувают на алкоголь. Показания не соответствуют действительности будете аккуратны. Действительно на 11:00.,1
"Всем добрый, только что на шклярука 6,погрузили мужика, походу шёл в магазин,3 шакала и смиття,серый Т5",1
"Гребни лазеют по Генерала Петрова 23/4 во дворах. ХЗ, что ищут.",1
13.40 пересыпь головатова оливка к мосту,1
Черемушки! Остановки кафе Солнечное! У арома кавы,1
"Арка ланжерона блокпост,выборочно останавливают",1
Китайский рынок почти сразу в начале снесли мопедиста пробка с двух сторон,1
В радужный мусора заехали,1
Киевская трасса въезд в город заправка БРСМ мусора и ТЦК крепят мужика,1
7-я пересыпская как ехать в город. Из машины выскочило 5шт полюцаев и ломанулись к мужикам стоящим на остановке.,1
7-я Пересыпская/Головатого. Люстра поперек дороги. Много черных. От перекрестка до заправки.,1
Добрый вечер бп 7-я пересыпская в сторону города,1
7 станция люстдорфа на остановке стоит тонированный фольцваген,1
Выборочно стопают легковые в сторону Маяк,1
Китайский рынок 2 экипажа ментов. Работают в обе стороны.,1
"тцк 4шт, 1 мент пешком шастают возле Ресторана Хинкальня на ланжероне",1
Полицаи китайский рынок в обе стороны!!! Аккуратно!,1
"Фонтанскаская дорога 157, мусора по обе стороны, пока никого не останавливают, но будьте осторожны",1
Въезд в город киевская трасса за брсм радар,1
"Gagarin plaza, Круг Аркадія, очень много черных и зеленых",1
Вилла отрада куча мразей и зеленой и мусорской,1
Возле дельфинарий кучка питушар пидорских в поиске жертв,1
Окружная. Дамба хаджибей.дорога в сторону поскота.в глубоком тумане менты.,1
"Ленпоселок, остановка профилакторий военная машина",1
"Рыбпорт-Совиньон-Черноморка, катаются два буса и Дастер до кучи",1
"Черная Таврия,белый Хайс гнался за парнем,надеюсь что убежал",1
Таврия Маршал. Бус и штук 5 оливок,1
"Пьяная дорога первый переезд от КБК бетон, старая гвардия с пересыпьского тцк лениво подходят со взглядом пид@расов",1
"Таврия Маршал, стоит Белый бус и 3 вояки. Прессуют мужика.",1
"Проезжаем Борей в сторону Одессы, за БРСМ тормозят менты",1
"В посадке между небом, 6км и ленпасом, возле ЖД путей стоит два буса серый и белый актуально 10.25",1
"Ленинградское шоссе въезд (БРСМ) и выезд на Киевскую трассу (мост), контроль скорости",1
"Хюндай акцент моргнул перед Окко, на 25-й, спасибо брат спас… Как раз завтыкал посмотреть за посты.. по-моему ты был на такой машине.. спасибо еще раз.. моргайте парни.. не забывайте..",1
Так полиция в обе стороны за куяльником. Тоже тормозит каждую вторую машину,1
"Объездная корсунцы ОККО, оливки на 11:25.",1
"Окружная, заправка Окко стоит блок пост, оливки без ментов",1
"По окружной уточнение, стоят в сторону Куяльника, как ехать с поселка",1
"Окко, окружная, с поселка в сторону Куяльника БП",1
"32 школа Черёмушки. По дворам ездят на бусике серого цвета, заглядывают по гаражам",1
"Теплодар, по городу катаются менты, высматривают жертв в мясорубку.",1
"Добрый день, Радужный, катается Вито",1
Жм радужный белый бус хайс медленно ездит пятнистые сидят смотрят,1
С Гаваной свернули в городской сад два вояки и свинка в черной форме.,1
Парень вышел выбросить мусор в этот момент по случайности или нет его запаковали и увезли в Суворовский военкомат.,1
Б.Хмельницкого.магазин Кошик,1
Полиция ул..Базовая возле Эпицентр (7км)Проверяют...Аккуратно,1
Гайдара- военный пер. Уже катается по дворам серый Х..й,1
Возле 49 Кадорра(на таирово)стоит Дастер на черных номерах.Осторожно!,1
"Базовая возле Эпицентра, мусорные типы пресуют водилу БМВ",1
"Доброе, Серый т5 поехал в сторону Лазарева-Мечникова от отдела полиции + возле отдела полиции жёлтый т5 с Дастером стоит, двое беседуют с парнем вышли",1
Суконная фабрика слободка ходят кого то ищут,1
"Парковка эпицентр, Таирово, со стороны заправок, синий фольцваген проверяют документы",1
"Жк Одесские традиции 6 ушлепков пошли по квартирам, двое оливок и 4 по гражданке",1
Генерала Петрова 53 лицей,1
"На генерала Петрова напротив Сильпо,серый бус тянули только что мужчину",1
Генерала Петрова оливко и два гражданских плюс какой-то подозрительный босс будьте аккуратны,1
"Доброе утро, 10 линия,Дастер мусарской возле детской стоматологии двое в погонах и один в комуфляже прессуют парня,будте осторожны!",1
Внимание Радужный на въезде района сундук были замечены два пидора в зелёной форме,1
Менты возле церкви поворот на морг 3й хлеб завод,1
"Пушкинская-Бунина,стоит мусор с чупачупсом на тротуаре,видимо ждут приезда каких-то земледельцев",1
"Окко, окружная в сторону Куяльника стоят маслины и оливки",1
"На въезде в Дальник со стороны Маяк по обе стороны менты тормозят, провнряют доки, и активно просят подышать в трубочку",1
"На въезде в Дальник со стороны Маяк по обе стороны менты тормозят, проверяют доки, и активно просят подышать в трубочку",1
"Объездная с посёлка, как проезжаете корсунцы,, чуть дальше стоят оливки и маслины с жезлами, много!!",1
"Бурлачья-Балка в центре ТЦК около 20 ""штук""",1
"Слободка, въезд на территорию больницы перед кардиологией стоят в ёлках белый бус с людоловами,будьте аккуратнее",1
"Сити-центр Котовский.Серая Лада99 в ней 3 упыря на телефоне,патрулька рядом в районе теннисного корта.Аккуратно,смотрим по сторонам,в телефон не тупым,наушники потом будете слушать.",1
Ленпосёлок. Оливки. Две машины белый бус и белый дусан. Гнались на парнем на велике.,1
Радужный в сторону Монастыря опасно,1
Пересыпский мост конечная 191й менты и ТЦК Серый Т5 доебались до людей,1
За маг.Копейка,1
На Генерала Петрова с двух сторон от Сильпо высадился десант тцк и в гражданке.,1
Черёмушки-пешеходы очень внимательно!!!,1
"Доброе утро, латовка заправка БРСМ в сторону посёлка стоят менты",1
"БРСМ ЛАТОВКА! В сторону поселка,,люстра"" тормозят выборочно.",1
"Межлиманье (Латовка, Котовка) после заправки БРСМ - стоят красавцы с леденцом в сторону поселка",1
"Доброе утро,Одеса-Малая",1
Катается между домами с мусором по Генерала Петрова.,1
"Похоже что на Юго-западе массиве разварачивают блок пост, в сторону города.",1
Даа урода. Эпицентр,1
"Три урода Копейка, Китайский рынок Таирова",1
Подъехал бус Копейка. Китайский рынок.,1
"Ленпоселок зелёный Мерседес 124, на евробляхе поехал мимо дендропарка, выискивают, осторожно",1
Вторая ментовская мусоровозка поехала по Нати в сторону 87 конечной Орловки.,1
"Сильпо, Юго-Западный",1
Степная,1
"7км от эпицентра до моста ужасная пробка,обьезжайте!!",1
От эпицентра ремонт дороги правая полоса перекрыта весь 7 км просто в пробке,1
Перед аркой на Ланжероне на парковке белая машина на черных номерах,1
Филатовавозле кафе обжорка єкипаж мусоров,1
"Не доходя магазина Таврия В стоит серебристый бус,2 мрази сидят",1
"Тцк по гражданке белый бус,тойота первый вьезд радужный в сторону авиаремонтного",1
Авдеево-черноморская- полиция остановила машину,1
Люстра заехала Радужный второй заезд,1
"Лиманка, Поворот на старую Люстдорфскую, стоят перед светофором, стопают выборочно",1
Выезд из Ильичёвска стоит полиция и бусик нацгвардии,1
"Есть информация что 18.04 в Одесский порт зайдут ТЦК для проверки обиковых документов..у многих сняли бронь в порту...кто работает в порту 18.04.очень аккуратно...надеюсь здесь напишут и не раз,когда ТЦК зайдут в порт",1
"Радужный, на обоих выездах опасно, много оливок",1
Радужный второй выезд 2 буса,1
"51 линия, Объездная, посёлок Котовского - менты в обе стороны тормозят. 08:15",1
Стоят перед остановкой Радужный в сторону Таврии Маршал,1
Совиньен Таврия арка два буса тцк,1
"Объездная, Поселок Котовского, ОККО - разворачивают блок пост",1
Выезды радужный до сих пор опасно,1
"Объездная с поселка, окко БП",1
"Базовая со стороны эпицентра возле новой почты, маслины!!!",1
Окко окружная б П в две стороны,1
"Объездная дорога, поскот, ОККО: блокпост",1
Радужный катается белый спринтер с военными,1
"4 станция Люстдорф возле маленького Сокара, в сторону города Блок Пост",1
Объездная ОККО с Поселка БП,1
Радужный вообще не безопасно,1
Око Объездная в две стороны бп,1
"Эпицентр Таирово,бус с тцк,порисуют парней,выскочили как коршуны и к пацанам",1
"После отбоя на ленпас в военный городок, и военную часть возвращаются свинорылые на разных машинах",1
"Окружная Окко блокпост, в обе стороны. Менты и кучу зелёных чертей",1
"Петродолинское трасса,базар, мигалки на джипчике.",1
Не известный бус медленно катается по Ленпаселоке поехал сторону перрона 1 застава,1
"Окко, окружная, тцк, тормозят",1
БП возле таврии маршал на вьезде к заправке Амик,1
Менты с леденцами возле пивзавода старая ильичёвская дорога,1
Медленно едет бус по маршала Говорова номер КА6317ЕА,1
Бус с зелеными 7130 заехал в Радужный,1
Высадились на Економической-Педагогическая. Белый бус и нелюди,1
Возле прийомки генерала Петрова 1стоит ауди вт9109ви двое в чёрной форме пресуют двух парней! Одесситы берегите себя от нацистской нечести,1
"Объездная дорога сразу за поселком Котовского за кладбищем стоят менты и тцк, но блок поста уже нет",1
"Объездная, где старый БП был мусора стопнули машину, 10 минут назад",1
Генерала Петрова 1 возле прийомки вторсырья пресуют ребят дожидаются буса с другими нацистами,1
Приехала подмога нацистов генерала Петрова 1возле прийомке сейчас будут крутить и бить этих не вчём не винных ребят!!! Одесситы берегите себя от нацистской мрази.,1
Мусора Дастер стоит Эпицентр Таирово,1
Ленпосёлок посадка возле путей 2 бусика пристали к мужику на мопеде,1
Объездная возле ОККО блокпост в обе стороны.,1
"Окружная,окко перед куяльником,бп в обе стороны с ментами,стоят возле выезда с шевченко,ближе к спуску. Очень много",1
ОККО окружная стоят с двух сторон,1
Окружная выезд с поселка стоят не на окко а ниже как выезжать с Шевченко,1
Бус с чëрной дверью во дворах как идти от Жолио-Кюри к 67 школы. Дверь приоткрыта,1
На парковке возле магазина Ствол стоит полиция,1
Китайский рынок мусора тормозят выборочно,1
Киевская трасса. Въезд в город. За заправкой брсм. Стоят бизнесменты. Ловят на радар и заодно ищут ухылянтов. Всех с праздниками.,1
"Сзади эпицентра 7км стоит бус тцк и менты немного дальше,тормозят всех!!",1
Объездная возле заправки блок пост в обе стороны,1
Одесса-малая белосиний Богдан штурмуют,1
Перед таможней Одиссей с рыбного порта и переезд на переправу возле брсм на перегар,1
"Жолио-Кюри 62, возле стоянки, стоит бус Фольксваген, в нем зеленые, дверь приоткрыта",1
Окружная стоят в обе стороны и перекрыли заезд на посёлок Шевченко на подъёме перед око,1
В районе Кадорра,1
"Белый спринтер тцк+ полиция,что были на Ланжероне - повернули на маразлиевскую. 11.28",1
"Латовка/объездная, напротив сто Генри Форд, мент и тцкун остановили машину в",1
Серый хюндай н1 возле мегадома прислали к мужику,1
"Всем известно, что это прочитают тцк и полиция, запомните людоловы лицо каждого вами пойманного, он чей-то отец, муж, брат, племянник, сын, может соседи, Каждое лицо похищения, вам потом будет снится, деньги за него и водка не помогут, рассказать кем вы сейчас есть некому, прийдёт момент покончить с собой или бежать очень далеко, удачи?!",1
Пересыпьский мост. Конечная трамвая. Два мента по гражданке пристали к парню,1
"Всем добрый! ПОВЫНЕННАЯ ОПАСНОСТЬ "" ТАВРИЯ МАРШАЛ"" Душегубы на белом бусе с Волынскими номерами. На парковке пристают и проверяют у всех (документы) кто в машинах!!!",1
Базар,1
В. Дальник. Возле клуба полиция в сторону Б. Хмельницкого. С выключеной люстрой стоят.,1
Генерала Петрова 52 на парковке перед домом стоит Ланос с пятнистыми внутри.,1
"Машина Пежо легковая белого цвета на гражданских номерах,наглые морды одеты по гражданке,катаются по району Слободка,возле радуги,стучат в калитки к людям",1
Слободка по виннеченко ездят 16.20,1
"Донского угол 4 ст люстдорфа стоит бусик за рулем военный, тцк или нет не знаю",1
"Серый бус Hyundai черный номер 1171 проехал пересыпский мост, едет в сторону поселка",1
Радужный 10а стоит патруль уже мин 10,1
Доброе утро. Блок пост 6км Между заправками shell и брсм.,1
Прямо на против заправки брсм,1
Между холодильником и эпицентром стоят,1
Радужный въезд продуктовая лавка человек 10 зелени пьют кофе,1
6 км блок пост возле заправки БРСМ и автосалоном.Много чертей.Берегите себя,1
В сторону седьмого перед брсм,1
Стоит полиция при выезде с посёлка в сторону Николаева напротив Эпицентра.,1
После Таирова за переездом в сторону Ильичёвска сразу за поворотом стоят копы тормозят в три руки,1
Доброе утро Объездная дорога перед Укр Нафтой стоят менты пробивают по планшету,1
"Овидиополь,Центральный рынок,вход со стороны Театральной-стоит зверьё с оружием и непонятными намерениями!Будьте осторожны!",1
Радужный второй заезд заехала люстра 10 мин назад. Что-то часто они сюда начали заезжать.,1
"Маякская трасса в сторону Маяк, Переселенец полицаи",1
Варненская- 15 - промсвязь максимально аккуратно,1
За жк Радужный чють дальше конечной 145 маршрутки в стойт люстра пасут!,1
"Okko окружная при выезде с посёлка Котовского, стоит одна оливка со знаком стоп контроль рядом больше никого то ли разворачиваются",1
Жолио-Кюри 60 мусора и ТЦК будет осторожны,1
Объездная дорога перед въездом в поселок заправка окко блокпост,1
"Объездная дорога,всем водителям респект,спасибо кто моргает,вместе мы сила,с наступающим Всех праздником",1
"Стоят в синем бусике на Генерала Петрова 11 напротив пекарни. Вышли, высматривают. Актуально на 11:30.",1
"Объездная как на Красноселку возле Северного кладбища, стоят менты две патрулькиБерегите себя",1
Какой-то замес возле сильпо на пятой станции. Много ментов и скорая,1
"Две легковушки заехали на парковку Сильпо, поселок остановка фуршет. Один зашел во внутрь Будде",1
"Азс амик генерала петрова напротив детской поликлиники пасутся т5 и черный дастер с вояками,не понятно чего там делают но будте осторожны!все с наступающим!",1
Поехали на 1-ю люстдорфскую!!!,1
"Слободка, церковь на базарчике, полиция",1
"Слободка, храм рождества Пресвятой Богородицы возле базарчика, у ворот два мента и один в военный форме!",1
"Слободка осторожно, много полицаев катается и высматривают, сели на хвост и тормознули типа, пробивали по планшету.",1
"Слободка спуск на Балковскую стоят две машины мусоров, тормозят выборочно.",1
"Слободка много петушков ментовских катается, возле базарчика стоят высматривают.",1
"Объездная. Круг возле гоночной трассы перед 7км. Полиция, одна машина, проверка документов.",1
"Я вам ранее говорил что привозят от туда уже все ни туда - ни сюда. Можете, сесть дома и не лазить?",1
ТЦ Эпицентр Суворовский Оливки возле входа!,1
"Радужный,катается дастер полицаев на люстре,останавливаются у прохожих.",1
"Заправка БРСМ на развилке на Ильичевск-Одесса, в сторону Одессы три люстры на подышать. Останавливают всех!",1
"Маршал Сити - патрулька на остановке, как ехать с города",1
Генерала Петрова 1 опасно!!!,1
Эпицентр поселок менты в сторону поселка,1
Перед Эпицентром при въезде на поселок по прежнему мусора,1
С Данченко выехал серый бус,1
Киевская трасса. Въезд в город. За заправкой брсм стоят заднеприводные с феном. Не нарушайте скоростной режим.,1
"Радужный, конечная 145, бус пресует людей, номера буса ВН2664КА",1
"Киевская, въезд в город за мостом, заправка БРСМ, 2 экипажа мусоров, радар",1
"Радужный,прессуют типа",1
Радужный 15.Варус(Бывший Густо)Стоит Бус.Двое оливок проверяют пацанов.Акуратно,1
"Ленинградское шоссе, въезд в город с Киевской трассы, за БРСМ, а так же выезд на Киевскую трассу,мост, контроль скорости",1
Генерала Петрова между 19 и 21 номером тцк бежали за парнем (( За магазином Хумана кто там ходит будьте бдительны,1
Это получается между маком и к валовом церковью / академией,1
Генерала Петрова 27/2 во дворах видел как мужик убегал от патрульки погнались за ним. Сидите дома,1
Мусора с феном стоят за БРСМ на въезде в город по Киевской трассе,1
"Радужный, медленно катается ментовской приус",1
"Ленпоселок, по Аракса проехал белый транспортер, остановили парня.",1
Киевская радар за брсм на 16:20 два экипажа придурков,1
"7 пересыпь, патруль ментов в сторону поселка возле автобусной остановки.",1
Объездная камыши по моему собираются,1
Сегодня будут шмонать порт с самого утра!,1
"6.50 отрада, спортплощадка, желтый бус примахались к парню",1
Переезд Бурлачая в сторону Ильичёвска стоят на привычном месте,1
Степная угол Дорстоя седан серебристый похож на мицик Лансер не успел рассмотреть выскочили 2 оливки и маслина подергали ворота на территорию завода прессмаш и уехали.,1
"Слободка катается много полицаев, возле базарчика ходят мрази ухилянти.",1
"Слободка повышенное внимание, только что наблюдал как грузили парня в микроавтобус.",1
"Стоят 2 в форме и 1 полицейский возле Одрекса, слободка, ближе к мосту жз",1
Слободка менты устроили погоню за Синим Мерсом.,1
"Доброе утро,кордоная-ивановский мост,стоят на углу полиция",1
"Белый спринтер 9024 с петухами, слободка осторожно",1
Синий транспортёр 32 школа Черёмушки поехали в сторону 10 квартала дворами,1
На подьеме возле куяльника менты с леденцом,1
В сторону котовки по окружной наверху за куяльником очень много мусоров тормозят выборочно в обе стороны,1
Доброго дня на Генерала Петрова 17 во дворах два буса Фольцваген т4 и хюндай на чорних номирах прийняли мужика,1
"10 минут назад, синий бус ублюдков, Таирово эпицентр, как ехать к акварелям. До мужика докопались",1
В сторону Пионерской,1
Генерала Петрова 5 во дворах тцк и менты,1
Возле брэмс стоят две машины мусоров на въезд в город на киевский трассе ловят на раздор,1
"Возле Маяк две фуры столкнулись. Очень сильный пожар. Будьте бдительны. Ментов ещё нет,пожарных тоже",1
На радужный заехал дастер масусорской,1
Радужный Хаваемся!!!!,1
"5.50 Таврия Маршал ( возле мойки ); белый спринтер, кого-то щемили...",1
Радужный АТБ гниль,1
Ленпас серый т5 и Дастер,1
Радужный 2 буса и приус варус,1
Радужный сбу в масках,1
Сбу Радужный скорее всего связан с обстрелами,1
"7:23 улица четвертая 1 застава ленпоселок забрали оливки моего друга, они на мерси на машине написано ремонт кондиционеров",1
Объездная перед спуском к Хаджибею на укрнафте стоит патрулька 7:27,1
"32 школа Черёмушки, поехали в сторону 10 квартал дворами",1
"Круг - седьмой км. Менты в сторону лимана, как ехать с ленпаса.",1
Маякская. Трасса Дальник на против стадиона в сторону Маяк,1
Вот такое гавно 10 линия катается,1
8971 белый спринтер рыбный порт три тцк и мент с планшетом,1
Уже шимят 10 линия,1
Радужный жопа,1
Так и стоит на 10 линия посёлок Котовского,1
"8.30 в сторону среднефонтакской переулками поехал жёлтый автобус Богдан. На бисквитном переулке возле роддома силой упаковали парня. Толкали его и повалили на землю. Потом поехали в сторону ЖК апельсин, и среднефонтакской.",1
"Черемушки, 10 квартал, поехал Хюндай н1, 3358, дворами",1
экспострой Тцкуны ходят втроём,1
На остановке экспострой в сторону стти центра стоят 3-ое тцкунов высматривают,1
"Совинйон Люстдорф заехали люди в форме, бус небольшой белый, имейте ввиду",1
"Китайский рынок. На заправке ОККО,,добровольно,, в автобус садился человек....",1
Радужный второй заезд возле атб было две оливки,1
"Слободка, базар нефтяников, ходят зелёные с палицаем",1
Черная Таврия возле Авроры мусорилка возле мусорных баков и оливы обходите.,1
12:26 Пересыпь р-н перехода под мостом 3 оливки,1
"Сталкер заехал на ситицентр, через экспострой",1
"Восход Копейка рамка принималово,серый бус и мусор с зеленью!!!",1
Посёлок 10 Линия 16 25,1
Окружная ОККО БП в сторону куяльника,1
Объездная в обе стороны бп,1
Объездная око бп,1
Объездная дорога заправка око менты и тцк на 17.50,1
Слободка. Напротив больницы 11,1
Объездная Выезд с Посёлка перед Куяльником в обе стороны Б.П.,1
"ОККО объездная. По состоянию на 18:35 стоят в обе стороны. Знака остановки на проезжей части нет. Вроде как собираются, но это не точно. Я проехал за фурой, они даже не смотрели в мою сторону.",1
Добрий вечер 14 человек в пикселе пакуют 2 молодих людей вул Генерала Петрова будьте внимательными,1
"Извините, где именно Генерала Петрова?",1
Радужный Густо бус. Щимят пацана.,1
32 школа Черёмушки мусора на приусе дворами погнались за машиной,1
Базовая вход с 6 км в Эпицентр на тропинке ловят.,1
Александровка-ИЛЬИЧЕВСК перед окко мусора с леденцом,1
"Эпицентр ""новое мiсто"" крепят парня рено дастер белый, 2 мента и урод с ними, будьте аккуратны",1
"Гайдара- генерала Петрова возле Евы крепят пацанов. Внимательно по сторонам, особенно переходя через дорогу. Актуально на 8-50",1
Чёрный диастер уже на генерала Петрова копейка,1
Космонавтова 24 один зеленые другой Мент докопались до мужика,1
Ленпоселок. Катаются и ищут жертв,1
"Слободка, р-н базарчика, смартлаб, ходят пешком полиция и тцк вместе.",1
Блок пост выезд с с поселка в сторону Березовки возле ОККО заправки эпицентр,1
"130 школа, Ленпосёлок белый Фольксваген т4 на чёрных номерах. Проверяют",1
"Генерала Вышневского, Черёмушки, ТЦК белый бус, мусор с ними",1
Синий Ситроен и три детёныша зелёной нечисти прессуют мужика на выезде с парковки Таврии Маршал,1
"На входе в сильпо ю/ з массив, стоят трое очень подозрителтных типа в полугражданской одежде, цинкуют и на телефоне с кем-то.",1
"ЖК одесские традиции, ( арка ) 2 тцк по гражданке, проверяли документы!!! Будьте аккуратны",1
"Рынок Черёмушки. Вход с Генерала Петрова, зелённый УАЗ на черных номерах, пасут выход",1
"Рынок Черёмушки. Вход с Генерала Петрова, зелённый УАЗ на черных номерах, пасут выход на 14.00",1
"Волшебный мир, академгородок ТЦК на остановке и возле охраны",1
"Аркадиевское Плато, Таврия, ресторан Арарат. 2 машины мусоров. Проверяли пешехода",1
Так 2 садика на чорных номера щимят пацана на конечной 191 маршрутки пересыпь,1
Пересыпь аптека от Склада два полицейских по гражданке с планшетом,1
По Б.Хмельницкого медленно ездят рено мастер белый и сзади рено дастер.,1
"Окружная дорога, заправка аккорд. Две машины ментозавриков и бусик ТЦК",1
"Филатова-Варненская, гоблины стопают ребят, белый бус",1
"Эстакада в порт Слободка со стороны кабельного, готовят бп",1
"За Паромом, как ехать на скоростную после БРСМ стоит стопает выборочно",1
7км базовая за эпицентром первые ворота ),1
"Стоит полиция на выезде с посёлка в сторону Николаева, напротив Эпицентра.",1
"25-я напротив скай, полицаи тормознули машину, не нарушайте.",1
Китайский рынок возле Окко припарковались мусора,1
На Вазе за остановкой в кустах стоит бусик один в машине двое на против возле магазина бродят. Ленпаселок.,1
Окружная.Ходжибей перед подъёмом на Латовку патруль.Тормозят в обе стороны.,1
На Вазе как выезжать за заправкой стоит белый ХАЙС на авайрийке ТЦК.!ленпасёлок,1
"Выезд с Беляевки от РЭС в сторону Теплодара стоит кучка душегубов, берегите себя!!!",1
Б.Хмельницкого ШАУРМА. Жрут,1
Черёмушки катается аш 1 серебристый и всех кошмарит!,1
Патруль полиции на въезде с Николаева возле эпицентра,1
Жёлтый бус фолц с гербом на чёрных заехал в Радужный второй заезд,1
"Генерала Петрова 38 во дворах, бус Ниссан белый,выскочили к таксисту!",1
Китайский рынок 6 чел. По форме. 15.30,1
"Какой то движ на 16 станции море, парковки нет, перекрыто всё, какие то чехлы с рациями... Мы уехали на другой пляж, ну их нахер",1
"Муниципальная Варта на 16 й море, штурмуют, шмонают",1
"Чёрная Таврия: Ловля людей, тцк 2 машины",1
"Доброе утро! В Теплодар заехали гастролеры, внимание 100% и берегите себя!",1
Генерала Петрова возле аптеки Бажаємо здоров'я пятнистые щимят мужика.,1
"Генерала Петрова. Сильпо. Серый hyundai, выскакивают",1
"Таврия Маршал, ближе к мойке Шипшина, черный бус. Тормошат пацана.",1
"Слободка район базара,золотое Рено, осторожно",1
Мусора по 25й перед поворотом на Восход,1
"брсм, переезд на",1
Ленпас переезд остановка белый Т4 мент и 2тцк щимят мужика,1
"Заезд в кадоры/маршал сити, возможно крепят роботяг.",1
"На въезде в город с киевской трассы, перед БРСМ мусора с радаром",1
Серый бус Сталкер проехал вниз по Ленинградской к Староконному на 11.30,1
Петухи поехали на Т5 9105 по генерала Петрова вдоль парка,1
"На космонавтова курсирует нелюди на сером т5, номер начинается на 11",1
"Черёмушки, полный треш, сегодня просто никуда не выходите!!!",1
Генерала Петрова 1 принималово нацисты ахренели перед своим концом!!! Берегите себя от бандеровцев,1
При въезде в город Киевской трассы не доезжая заправки БРСМ Экипаж на фене,1
"Радужный, магазин Варус. Полиция остановила машину.",1
"Радужный, заехала подозрительная скорая т5",1
"Конечная 250,Жолио-Кюри полиция,до этого кошмарили мужика напротив станции Восточная,возле почты.",1
"Два столбамаякская трасса в город полиция, планшет почти каждого проверяют",1
На парковке Таврия Маршала 6 машин нацгвардии их просто пиздець(человек 30-40) время 19:34,1
"Очень много полицейских, нацгвардия, на территории Таврии Маршал.",1
"Таврия Маршал, машин 10 полные ментов с автоматами.",1
"На таврии Маршал у додиков какая то планерка. Стоит машин 12,метнов построили и чето рассказывают. Аккуратнее",1
"Окружная дорога, Шевченко, за поворотом на Корсунцы люстра (нюхачи)",1
"Пересыпь,мост серый Hyundai santafe. Францюватые грузят парня на остановке!",1
"По центру Соборка-Новый рынок ездит белый бус АЕ9533РР, одеты по гражданке",1
"Б. Хмельницкого 23, возле Смартлаба 3 машины с зелеными.",1
Таврия маршал как ехать на кладбище монты,1
Слободка ездит белый Дастер с тцк,1
"Маршала, выезд из города сразу за остановкой подицаи, тормозят выборочно",1
Гайдара-Филатова менты пресуют двух мужчин.,1
"Латовка, не доезжая Брсм в сторону Нерубайского одинокая патрульна, остановили жигули.",1
Рынок восход мусора тормозят прям щас,1
"Слободка катаются бус белый и белый Рено пирожок с чёрными намерами, осторожнее",1
"Напротив ситицентра, много!!!!!!!",1
Три Тцк стоят на пероне Одеса-Поездная сщимят мужика.,1
Объездная напротив кладбища стоит патруль полиции,1
"Доброе утро.Дальницкая-колоническая,щимят ребят(((",1
Киевская трасса бп в сторону города-крайняя левая полоса бьют по планшету,1
Облава на одесский порт!,1
В треугольнике люстдорфска-космонавтов-филатова катается бус хюндай вн3358 с людоллввми. Катается именно между дворами. Стопорят мужиков.,1
По Черёмушки ездят ухилянты ищат жертв на сером бусе фольц т5,1
"Белый Т4, в районе ВАЗа, Ленпоселок",1
Тцк ленпас 45 школа катаються в доль линии,1
Остановка слободка электричка,1
Таврия Маршал на парковке ближе к мойке стоит чёрный бус фольксваген. В нем сидит пиксель. Остальных не видел. Глухо тонированный.,1
Теплодар.полиция+тцк...парня запоковали.,1
Маякская трасса в сторону Маяк,1
"Серый транспортер,тцк проехали круг на 25й возле окко",1
При въезде в радужный вояки прессуют мужика,1
При въезде битонка в радужный ТЦК прессуют мужика,1
Радужный авария на старом въезде возле Варуса,1
"Пересыпь, перед заправкой СОКАР в сторону пос. Котовского перекрыли всю дорогу.",1
"Генерала Петрова 68,смайл",1
"Улица Ясная, на углу Компота. Белый спринтер на жёлтых номерах. Менты и тцк. Актуально на 8:05.",1
Слободка частный сектор катается экипаж ментов медленно!!! 8:21,1
"Ленпоселок,ул Патриотическая ближе к АТБ ездит серый бус,не успел разглядеть марку машины, выскочил черный и за ним два пикселя запаковали парня.",1
Маршал Сити на против АТБ стоит мусарской бус двое пьют кофе вроди никого не трогают но высматривают,1
Зелёный Внедопожник КИА катается в лузановке-сортировочная во дворах осторожно,1
Киевская трасса. въезд в город. За заправкой брсм. Стоят ухылянты с радаром,1
"Мусор на гонках перед поворотом на лево на рынок и под мостом,на гонках 2 канарейки и их шт 7-8",1
"Радужный, выезд со стороны конечной 145 маршрута, стоит патрульная ментов.",1
Радужный упаковали пацана около АТБ,1
Белый бус Рено 88 -23 3 оливы крепят парня. Староконний,1
"Радужный, в районе 20-24 домов видели, ходят",1
Гераневая-Героев пограничников стоят мусора на Дастере,1
Авангард. Объездная дорога со стороны 2-х столбов стоят мусора. Возможно с радаром. Не напушаем,1
нефтяников рынок тцк возле «чудо печи» 2чел и мент!,1
Ленпосёлок катается три машины вместе серые Volkswagen автобус сзади белые Renault Duster сзади Duster Renault Logan,1
"Ленпосёлок. Три бусика только что повернули всторону 1 заставы, поехали электричку встречать",1
Рынок Нефтяников со стороны Свежее Мясо возле дома какие то пиксели!!,1
Ленпосёлок парк Охотник 3 машины погнались за мопедистом белый Хайс и два спринтера на чёрных номерах будьте аккуратны актуально 16:23,1
Рынок переезд Лен посёлок кладбище вытащили мужика с машины и загрузили белый спринтер и кадик актуально 16:47,1
Дача ковалевсого 81 возле таврии стоят менты.,1
Окружная ОККО в районе выезда с Посёлка БП в обе стороны,1
"Только что забрали парня на углу Жолио-Кюри 26. Очень быстро: подъехали, схватили, уехали. Ребята, будьте осторожны, смотрите по сторонам. Храни Вас Бог!",1
Ленпосёлок три машины на чёрных номерах поехали вдоль железной дороги + патрулька едут медленно что-то высматривают поехали в сторону общаг актуально 6:58,1
Бусик Ниссан в Черноморьке присует парня,1
Все уже давно знают что в военкомат в основном привозят мусора,1
Толпа пятнистых ОККО окружная как ехать с посёлка. Может вояки. Пьют кофе.,1
Напротив Розетки на Генерала Петрова ТЦК и полиция проверяют документы у парня.,1
"Окружная,заправка Окко в обе стороны БП",1
"По Курортному переулку катается стая шакалов - мусора, черные и зелень. Минут 15 назад возле жк Атмосфера забрали парня.",1
Объездная дорога блок пост перед кладбищем.,1
Окружная. На дамбе перед подъемом на Латовку. Стоят мусора.,1
"Объездная, выезд с поселка сразу за Вогом менты в четыре руки",1
"Выезд с Паскота в сторону Куяльника, сразу же за WOG, стоит ‍, машут палкой",1
"Объездная, посёлок Котовского, за заправкой Вог, стоят менты, тормозят выборочно",1
"Слобода рынок, белый мерс спринтер,желтые номера",1
"Шкодогорка-хаджибеевская дорога чёрный Туксон полный зелени курсирует очень медленно ""внимательно""",1
Синий Рено Дастер поехал в сторону староконного рынка,1
"По генерала Петрова курсирует зелёный Т4, периодически заезжает во дворы. Внутри, если я правильно увидел. То сидят зелёные, но бус полный. Будьте внимательны",1
"Генерала Петрова 36 во дворе белый Хюндай 33-58,проверял парня около подъезда 10:45",1
"Авангард окружная шинтмонтаж за рулем менты и ТЦК возле дороги,трусят мужчину",1
"Посёлок Котовского,Академика Заболотного-днер.дорога, заправка ОККО, 2 зелёных в форме кого-то или что-то высматривают",1
Ленпосёлок за переездом в сторону города авария пробка,1
Пересыпский мост. Полицаи проверка,1
Ленпосёлок то что я говорил белая renault с чёрными номерами и белый бусик спрятались посреди посадки возле железной дороги 12:53,1
Теплодар мусора катаются. Будьте осторожны,1
"Радужный, конечная 145, в сторону виноградников/Ильичёвска поехали полицаи на дастере",1
Теплодар полиция со стороны АЗС и Новой почты.,1
"Ленпоселок, не доезжая штраф площадки дтп с мусорами",1
Генерала Петрова 8 стоят т ц к 09-15 бус белый нисана,1
"Эпицентр 7 км.Два буса с ТЦК.Будьте аккуратнее...Стоят на парковке.Серый Т5 СТАЛКЕР и белый...Была ещё скорая,но уехала...",1
"Заправка Амик,Генерала Петрова.Серый Т4,белый дастер и большой белый бус.Осторожно людоловы",1
Проехали радужный,1
Въезд в Кадорры тоже проблема!,1
Преображенська Дерибасівська люстра,1
7-я пересыпская 2-а черта пробивают по планшету,1
На 7-й Пересыпьской двое в чёрном пристали к мужчине на остановке автобуса в город,1
Привокзальная со стороны Старосенной (перед перекрестком) стоит 3 буса. Там крутятся гражданские и пиксели. Кто такие - ХЗ. Акуратно,1
"Поле с 7 на ленпоселок, опасно, не едьте туда",1
Мусора и тцк слободка эстакада на порт напротив тэц,1
Блок пост Теплодар поворот на Беляевку,1
На базовой со стороны служебного входа эпицентра Тцк,1
7-й Км перед 4 -ми воротами.Со стороны Эпицентра,1
"Сзади эпицентра 7 км принималово, 2 бусика тцк",1
Эпицентр паскот в сторону города мусара будте аккуратнее,1
Рынок Восход леденцы!,1
Ленпоселок будьте внимательны: ездят на вито новом и мерсе,1
Базовая в районе эпицентра с обратной стороны со служебного входа стоят плесень с мусором щимят мужиков,1
Дальницкая-Бугаевская АКУРАТНО!,1
Теплодар мусора медленно катаются. Будьте осторожны!,1
Слободка психбольница ворота чорне віто и мент и 2 тцк актуально на сейчас,1
Таврия аэропортовскся 1 коп и 2 гф алмаз щимят парня!остерегайтесь уже уже не первый день тусуются здесь,1
Ленпаселок катается белое рено на чёрных номерах,1
"Въезд на радужный, возле сундука стала скорая, 3 зеленых вышли осторожно!!!!!!",1
"Сундук, радужный въезд!! 3 зеленых вышли, осторожно!!!",1
Юго-Западный возле Авроры ц буса черный фольц и серый Н1 прицепились к мужику,1
"16.33: Дастер белый, хундай н1 белый... Катаются по ленпаселку: краяняя, солнечная Умова... Высматривают. Ездят 3м... Ещё Рено",1
"Теплодар заехал бус,берегите себя",1
Базовая возле эпицентра полиция,1
Черемушки 10 квартал во дворах бус 9582,1
Таврия аеропорт на стоянке стоит серый подозрительный бус осторожно на второй через дорогу от таврии.,1
СЕРЫЙ Хюндай H1 с в районе Проселочной-Академии Спорта по улицам катается по частному сектору. Ленпоселок тоже осторожно!,1
"Объездная дорога, на поселок БЛОК ПОСТ, будьте аккуратны.",1
"Блок пост, объездная дорога. Будьте аккуратны",1
"Парковка Таврия Маршал, выскочили к мужику из белого спринтера",1
Авангард объездная в сторону 2-х столбов мусора с феном,1
Актуально на 10:40. Блок пост объездная пос.Котовского (Шевченко) кладбище.,1
"Окружная, опасно!",1
"Объездная с поселка за окко заправкой блокпост,конченые ничего не могут предъявить и сразу матерятся,провоцируют на конфликт",1
"Объездная корсунцы ОККО, маслины и оливки на 10:45.",1
"Окружная,объездная ОККО, блокпост",1
"Таврия, парк, бювет",1
Белый спринтер 8971 повернул на первый заезд в Радужный и заехал,1
Радужный бус Мерседес мусор и два камуфляжных пидора бежали за мужиком,1
Радужный 16 между 13 - стоит какой то камуфляжный автобус,1
"Слобода, рынок ахтунг. Два буса тцк и мент. На подезде. На 14:25 будут. Сейчас 200 метров до рынка пакуют парня.",1
Радужный уже два буса по кругу ездят,1
Все еще стоят на б.хмельницкого возле смартлаб,1
Менты по генерала петрова перед сильпо,1
"Доброй ночи всем,между Седьмой-Зерновой на заправке стоят лягавые кто задержася и едет тудой смотрите окуратно",1
Жд. Привокзальная и вход с куликового. Несколько зеленых на легке пьют кофе. Несколько ждут кого-то (безцельно крутятся отдельно друг от друга). Возможно собираются....,1
Привокзальная со стороныкуликового кучка зеленых и гражданских. Возможно отловленные,1
БП окружная поворот на яму,1
Киевская трасса в сторону города после новой линии не доезжая заправки брсм,1
"Ленпосёлок,ул.Северный переулок,со стороны поля,ездит медленно Мерседес Вито белый,боковая дверь открыта.Впереди сидят 2 чмошника,сколько внутри не видно,наглухо тонирован.",1
Окружная въезд на Автобазар собирается БП.,1
"Объездная дорога, поворот на ЯМУ (авторынок) Блок пост!!!",1
Серый вито ленпоселок катаются. Остановили двух пацанов штормили,1
"Б. Хмельницкого 23 Смарталб/ белый бус Рено 8823, куча зеленых",1
Рынок сити -25,1
"Генерала Петрова 18, белый бус ТЦК 1085 фольц",1
Б.хмельницкого 23. Смартлаб. Опять стоят военные и мент,1
Генерала Петрова 49-51 возле мусорской помойки серый т-5 без номеров и с заклеенные задние фонари прямо сейчас очень актуально,1
"Пересипь-радиорынок,ходят по одному высматривают",1
Філатова «Копійка» Бусик с именными номерами механик и пару оливок и черный 1.,1
Слободка вышел с магазина,1
"В Эпицентре 4 входа,где именно?",1
Серый старый т4 Слободка,1
Слободка Микрон нефтяников просто едут но...........!,1
Слободка новая Слободка,1
"Въезд в Одессу, Киевская, перед БРСМ, экипаж клоунов, останавливают с леденцом",1
"Рынок нефтяников вроде отбили мужика, обещали вернуться с подкреплением, ребята сегодня туда не ходите.",1
"Спуск с моста к эпицентру на 7 км, стоят 3-е полицейских, стопают машины выборочно",1
Курортный переулок угол Пионерской,1
Слободка и новая Слободка карусель по улицам,1
"Генерала Петрова курсируют бусы, темно синий Mercedes Vito на жёлтых номерах и белый Мерс спринтер, будьте осторожны",1
Ленпосёлок профилакторий пресуют,1
"Объездная ОККО при выезде с Поселка много пикселей, готовят блок пост",1
Остановка Радужный белый бус мерседес прессуют парня,1
Курортный переулок ТЦ возле ЖК Атмосфера,1
"Теплодар, магазин ""Лукошко"" тцк,, берегите себя!",1
Генерала Петрова 1 возле новой почты полицаи и нацисты проверяют документы у молодого человека дверь в бусе открыли и разговор на повышенных голосах! Одесситы берегите себя будьте очень внимательны на дорогах 7:58,1
"Окружная, там где поворот на пос. Шевченко, перед заправкой Амик, менты тормозят",1
Окружная Камыши только стали без Муса ров,1
"На объездной перед Куяльником стоят сказочники с полицаями, 2 буса",1
Объездная камыши тцк с полицейским в две стороны,1
Генерала Петрова возле Сильпо!!,1
"Окружная камыши где арбузы,менты и тцк в 2 стороны",1
Седьмая пересыпь,1
Юго-западный мусора в город,1
Таврия Маршал стоянка фольс серый 4 зеленых питуха только что убдшника списанного чуть не забрали,1
"На парковке Эпицентра, 7км, менты сидят в машине - высматривают",1
"Радужный белый бус мерседес 2 тцк, 1 полицейский",1
"Генерала Петрова, 60 номера, Копейка, проверяют мужика, серый микроавтобус",1
"7-я Пересыпская на поселок перед остановкой полицаи с мигалкой, возможно, на радар ловят",1
"Полиция вместе с черным бусом проехала по Пионерской в сторону площади. Внутри не знаю тцк или нет, но скорее всего. Ехали парочкой",1
Шевченко-Армейская пиксель с титушками пьют кофе,1
Таврия маршал на парковке проверяют мужика,1
Доброе утро всем тцк на белом бусе на генерала Петрова 27/5 пробивают мужика,1
"Базовая,эпицентр H1 -крепят прохожих",1
"Здравствуйте,эпицентр на 7 км задний вход,там где работники на работу заходят,выпрыгивают с кустов 2 и 2 стоят за воротами",1
"Теплодар, мусора медленно катаются по городу",1
Долгая-Писарева бусик. Проверяют мужика,1
Возле хмельницкого отделения полиции стоят кофе пью две группы тцкшников у ларька,1
"Генерала Петрова "" серый бус поехал за магазин ""АТБ""",1
Слободка 3-й хлеб завод,1
"Лузановка-Продмаш,менти",1
"Конечная 191 маршрутки Мост Пересыпьский,оливы крепят водителей((((",1
Тцк шестнадцатая станция Таврия,1
"МолодаяГвардия, в сторону города ДТП, пробка",1
"После 7-й Пересыпьской в сторону города, патрулька стопнула машину (вроде такси). На посёлке и до моста будьте внимательны.",1
"На Генерала Петрова,напротив рай администрации стоит патруль,что там такое не понятно,берегите себя",1
"5 жемчужина, Кадорры Сильпо. Так же на общей парковке Дастер с маячками без наклеек патрульки",1
Латовка окружная люстра стоит в сторону хаджибея,1
Траса М15 в сторону Одессы с Маяк поворот на Петродолинское менты выборочно тормозят,1
"Комарова- промсвязь (напротив точка) стоит военная машина внутри водитель, стопы горят",1
Ленпоселок Чёрный фольксваген поехал в сторону заставы,1
Маршал сити третий дом.стоит скорая на черных номерах,1
Маршал,1
Маршал сити первая секция шмон,1
Киевская трасса.въезд в город. За заправкой брсм. Слуги народа стоят с радаром,1
"Ленинградское шоссе, выезд с Одессы на Киевскую трассу, мост, а так же въезд с Киевской трассы БРСМ, радар",1
Ильичёвская трасса в сторону ильичёвска за переездом между переездом и БРСМ в сторону ильичёвска мусора,1
"Курортный переулок-Гагаринское Плато-Генуэзская, курсирует белый спринтер, за ними менты. Мужчины, будь предельно внимательны на этих улицах.",1
8971 белый бус Радужный ⬇,1
"10 линия стоит Рено белый вояка в машине, мусор с планшетом в наливайке пробивает мужиков",1
"Радужный. 1 дом, во дворе стоит бус Сталкер 2, никого рядом вроде нет.",1
"12:10 Балковская-Заньковецкая ДТП, менты на месте",1
"ТЦК катаеться по Теплодару на светло сером бусе Фольцвагене,ищет жертв,останавливает мужчин,проверяет доки,будьте бдительны",1
"Теплодар, Одесская область, Серый фольц и 2 дастера душегубы на месте, ребята внимательно!",1
30 кадорр мусора + вояки скорее всего караулят СЗЧ,1
"по люстдорфу транспортер катит, 3 штурмовой, возле сокара, вроде не исполняет",1
Автовокзал-Балковская нюхачи с люстрой,1
Поехали в сторону 25-й,1
Напротив Генерала Петрова 44 (бывший Виртус),1
Теплодар 24 магазин. Убрали 2 пацанов!! Бус черный + белы Рено!!,1
"Новый транспорт Черёмушки серый Фольксваген Транспортёр номер 3519, буквы не заметил.",1
Возле Таврии Маршал За заправкой Амик в сторону новой почты очень много всех,1
"Доброе утро Возле эпицентра в сторону поселка стоят менты, тормозят.",1
7-ая люстдорф в сторону города 2 экипажа тормозят выборочно,1
Пересыпь за мостом тцк,1
Таврия маршал вход бусик стоит всех проверяют,1
Объездная дорога с поселка перед кладбищем стоят менты в обе стороны,1
"Серый Фольц между Эпицентром и Ниссан в сторону Акварели 8, проверяют парней",1
"Доброе утро! Лузановка-хюндай бусик темно - синего цвета,катается..",1
Мусора стоят как ехать с Николаева в сторону города перед эпицентром.,1
Таврия на Калантаевской рядом стрёмный белый Бус Volkswagen весь тонированный аккуратно,1
Вери Инбер- обсерваторный тцк катаються по кругу,1
ОБЪЕЗДНАЯ выезд с поселка сразу за поворотом и перед кладбищем стоят,1
"Корсунцы, поворот на объездную, Столовая. Менты и ТЦК общим зачётом голов 6 пошли завтракать. Осторожно, сил набираются.",1
Как поворачивать в радужный стоит толпа пьет кофе!!!,1
"Есть информация, что Ленпас, сейчас штурмуют со всех сторон. Будьте аккуратны. И это будет продолжаться несколько дней. Салам всем",1
Вільямса 86 школа,1
Белый Мерс. 8971 по черн. Дороги четвёртая станция в сторону третей,1
Головатого маслины на леденец ловят на брсм,1
Опять б.хмельницкого 23. Смарт лаб. Военные. Не понятно. Медкомиссия у них чтоли там...,1
Ленпоселок посадка поддоны шлх на синем бусе 16:45,1
"Киевская трасса въезд в город перед брсм,радар+ плесень рядом на черном бусе",1
"Менты на атомана с заправки БРСМ, поехали в сторону городу с мигалкой",1
"Вечером ближе к 21.00 на Одессе-Малая возле магазина Соседи пасётся белый бус, встречает электрички.",1
На пл. 10 апреля- патруль с включёнными мигалками,1
Крыжановка-лески копы,1
"Французски бульвар возле Сильпо много тцк с ментами, отлов идёт.",1
Теплодар по дворам катается ментовская патрулька,1
Тцк район желябова-литовской,1
"Ехал по генерала Петрова,внутри черти",1
Генерала Петрова 44 помогите парню особенно женщины помогите ему,1
"Генерала Петрова, дворы.",1
"Полицаи, Сахарова-Заболотного, стоят на остановке с мигалками, выжидают жертву",1
На островке леденцы,1
"Генерала Петрова 51 сбоку Сильпо бус тцк темно зеленый фольксваген номера не украинские. Водитель один, остальные разбежались",1
Мост. Пересыпь.без номеров вообще.,1
Вокруг Сильпо на Генерала Петрова катаются чёрное карыто Мицубиси и серая тайота Хайс на черных номерах полная трепухи,1
"Окружная, поворот на яму, БП тцк",1
"Окружная, поворот на яму БП в две стороны",1
"Богдана Хмельницкого 6 номер бусика 12 99 белый бус стоит прям под адресом за рулём форма ТЦК и внутри есть кто-то, будьте осторожны, ребята",1
Зелёный джип выехал со дворов 10 линия посёлок Котовского,1
Объездная поворот на авторынок *стоят*,1
"Эпицентр 7км на остановке тцк, серый бус фольц",1
"Базовая серый бус с тцкунами стоит, возле эпицентра пока",1
Эпицентр 7км подскажите точкой на карте где именно?,1
окружная поворот на яму-блокпост,1
"Объездная, поворот на Корсунцы, сразу за заправкой Вог стоят менты, тормозят выборочно",1
"Окружная,выезд с Поселка Котовского,заправка wog полиция омтанавливают",1
Курортный переулок ЖК Атмосфера красный мерс и плюс полиция- проверяют парня. Поедут в сторону ресторана Арарат,1
Курортный пер./ ЖК Атмосфера,1
При выезде с Одессы в сторону с Маршала на Таирова стоят чёрные и останавливают,1
"Б. Хмельницкого 23, Смартлаб 5 зеленых, Белый бус Рено 8823",1
"Объездная дорога. На повороте ""Авторынок Яма"" блокпост в обе стороны!!!",1
Эпицентр 7км оливки,1
"Перекрёсток окружная, Латовка тормозят всех, ТЦК и полиция мимо не проехать 10.30",1
"Добрый день, суворовский район,67 Школа,возле частного сектора и пятиэтажек спрятались,шел этой стороной,женщина предупредила что б той дорогой не шел, хорошо что остались такие люди,если она читает то передаю вам спасибо большое",1
Поворот на эпицентр на 7км под мостом стоят мальчики смотрящие за светом,1
"Вуд. Академіка Філатова, 32, за смартлабом, синий автобус спринтер, осторожно будьте, видел один гражданский и военный.",1
7км Сокар под мостом менты как ехать на рынок,1
‼Северный рынок ‼,1
На перекрестке возле БРСМ и кладбища на поворо к селу Котовка (Латовка) с четырёх сторон ТЦК много. Все машины останавливают. Проверяют тщательно.,1
"Вновь 6я фонтана-бювет. Белый бус ""1931"" полицаев (следственно-оперативный). Стоит у бювета боковая дверь открыта. Гнида внутри нет, де-то окресно шляются. 13:25",1
"Радужный. 9Б стоит патруль полиции.Один в машине,второй разговаривает по телефону.",1
"С с. мэМирное на повороте на мост перед Теплодаром тцк, тормозят всех",1
Степова чорный,1
Слободка корешь позвонил несколько кругов наяривал черный Дастер с черными номерами,1
Мусора стоят возле ресторана море ближе к выезду,1
"Черёмушки, патрульки катаются по дворам, лучше уже побыть дома",1
По каким дворам катается патруль Черемушки. Улицы пишите адрес,1
Люстра эпицентр пос кот,1
"Круг 7 км, съезд на Прилиманское- менты",1
Объездная сразу за Вог заправкой полиция.,1
"По Левадной(Слободка)ездит синий Дастер,проверяют прохожих!",1
"Степная, 4 белый транспортер и Рено пресуют парней",1
"ТаврияВ и Ева, стоит группа зелённых и наблюдает за входами",1
Большевик-мостик опасно! пока полиция,1
"Киевская трасса, при въезде в город экипаж сущностей перед БРСМ и второй за She’ll прячутся",1
"Генерала Петрова 38 и 40 и 21,внутри дворов,зелень один,на телефоне,ходит туда-сюда",1
На 5й фонтана-это охранник Мака,1
Радужный заехал патруль Дастер,1
"Остановка напротив Сити-центра, Таирова бус с мусорами 5:47",1
"Окружная, ОККО выезд/заезд на Посёлок Котовского БП в обе стороны",1
"Окружная, готовятся. На окко полная заправка",1
"Доброе утро, блокпост окко объездная",1
ОККО объездная блок пост ТЦК+люстра,1
Окко окружная стоит шайка с обоих сторон,1
"Всем доброе утро уролы ездят по дворам Генерала Петрова 44,48 Ниссан джип чёрный и Тайот Серая на Черных номерах это у них каждодневный с УТРО,ОБЕД,ВЕЧЕР, будьте осторожны, берегите себя",1
Менты и тцк Объездная окко с двух сторон,1
"Киевская трасса. Въезд в город. На заправке брсм ""захысныкы"" прессуют водителей легковушек. Походу ждут ментов",1
"Первый въезд от Эпицентра по Базовой на 7км,стоят мусора",1
Амик(экспострой),1
Ленпас балочка т 4 всем внимание,1
"Королева-архитекторская, за черной таврией дворы тцк",1
"На ЛЕНПАСЕ, в 10.50, пер.1 Восточный, были замечены - медленно проехали - белый течик и белый рено докер ( на чёрных номерах )",1
"Рынок Черёмушки, вход сразу за АТБ, белый бус, прессуют людей",1
"Ленпоселок, частный сектор улицы Горизонтальная, Северная ездят менты и ТЦК на белом бусе, останавливают мужчин",1
Минут 30 назад на курсаки 4я степная,1
Химическая-Пестеля.конечная 115 марш.,1
Б.Хмельницкого 23 у дороги район Смартлаба припаркован Синий бусик W с ТЦК. Пешеходы мужчины будьте бдительны.,1
Хлебодарском стоянка Таврия какие-то в форме,1
2 экипажа синих на Б.Хмельницкого возле памятника,1
"Окружная, ОККО, зелень собирается. Осторожно",1
"‼‼ Черёмушки! Сегодня очень много бусиков по району, облава",1
Генерала Петрова 22а дом за исполкома опасно,1
Черёмушки очень внимательно залезает во дворы делают круг и выезжают в другие очень резко на ПДД наплевать.,1
Генерала Петрова возле Таврии опасно,1
Черёмушки пасутся гоблины во дворах по гражданке по одному высматривают жертв видите незнакомые лица возле дома стоят крутятся это эти черти,1
Генерала Петрова берегите себя,1
Черёмушки очень много бусиков берегите себя,1
"Черемушки таки да,пока стоял на конечной 9 и 10 троллейбуса два буса проехало,в частности 9105 фольц,пялились но не остановились,людей много и они боятся от бабушек выхватить)",1
Мусора Окко Эпицентр Таирово,1
1-й заливной как ехать на поселок ДТП,1
"Генерала петрова сильпо пидоры забрали парня, вытащили с машины, по-моему таксиста",1
Генерала Петрова около Новой почты 138,1
Скай сити при входе в магазин Domivka это с фасада комплекса стоят дырявые пристают к людям,1
"Добрый!!!только что на территорию рынка ""Черёмушки "" заехал бус серебристый хендай по-моему киевские номера тыцыкашники!!!!!",1
От Пионерской/Шевченко,1
При заезде в скай сити перед мак драйв белый бус с поносными,1
"Великий Дальник, на выезде в сторону Маяк две люстры тормознули две машины...либо на скорость, либо на светофор...не нарушаем",1
"Монастырский пер.Таврия,двое по форме,не понятно ТЦК или нет пют кофе",1
Окко Пересыпь,1
Куча пидоров на окко окружная возле покота,1
Барабой-Великодолинское готовиться блок пост!!!,1
"Черемушки. Новая тактика, пускают одного во дворы в гражданке для просмотра количества мужчин, и затем заезжает два буса с разных сторон.",1
"Выезд из Ильичёвска в сторону Санжейки поворот на птичник,выезжая с Дуково,Патруль + Чёрные, проверка документов.",1
Расселенец Маякская трасса радар в сторону Маяк,1
Розселенец- стоят в сторону Маяк полиция з радаром.,1
"Генерала Петрова 38/2 остановка, грузили парня",1
"Эпицентр 7 км, бус сталкер у входа",1
На Генерала Петрова около 33 гимназии,1
"Темно серая консерва (микроавтобус) с надписью СТАЛКЕР катается Лазарева-Болгарская, будьте осторожны. Внутри 4 тухляша, выискивают жертв.",1
Всем привет! Просили передать- возле Таврии Маршал мерзавцы прицепились к парню. Будьте осторожны,1
"Маршал Таврия,мусора прессуют мужика",1
3 ментовские машины Латовка за перекрестком (объездная )на заправке,1
Копейка и АТБ вышли четверо крутят головами по сторонам,1
Пром рынок седьмой километр ёлочки менты тормозят,1
Черемушки ВНИМАНИЕ,1
Окружная за поворотом на коасноселку нюхачи,1
На въезде в радужный первом бус Рено проверяют,1
"Только что житомтрская за 45 школой бус т4 белый номер 1095 или 1065 точно не уведел принимали парня он показал доки вроде уехали, но катаются по ленпасу аккуратно ребя",1
"Улица четвертая напротив магазина у Натахи,тцыкуны прессуют пацанов, черный дастер",1
"4600 белый бусик H1 стоит за остановкой напротив эпицентре на 7 км,высматривают жертву",1
"52 линия Объездная стоят менты, проверяют документы. 08:15",1
"Туристическая, как поворачивать с Рихтера в сторону генерала Петрова, стоит люстра тормозят выборочно",1
Черёмушки. На против 7го роддома в дворах катается серый VW T5 номера 9805 с ТЦКакашками,1
"Окружная дорога сразу за мойкой grin wash менты,тормозят всех кто не включил свет",1
Окружная поворот на Хаджебеевскую менты,1
Авангард новая почта бакалея люстри в две сторони.,1
Объездная в сторону поскота перед хаджибеевской мусора!!!,1
Золотое Рено едет по б.Хмельницкого,1
"Генерала Петрова (Звездочка, рынок) мусора и зеленые зажали машину",1
"Генерала Петрова возле звездочки пресуют мужика в машине. Вроде была авария, а мусора вызвали тцк. Прижали тачку двумя машинами",1
"Генерала Петрова возле мясо Люба хотят вытащить парня с машины на сейчас, осторожно",1
Генерала Петрова 59А во дворе Мерседес бус с зеленью,1
"Белый бус 0915 поехал по маршала,",1
"Генерала Петрова, ""Звездочка"". Штурмуют машину.",1
"Слободка внимательно базарчик,все прилегающие вокруг переулки,курсируют зелёные фашисты,замечен черный Дастер.",1
"Только что, Окружная окко б/п",1
Пешеходный переход на рынок Черёмушки,1
"Выезд на окружную с поселка, перед куяльником, возле заправки окко",1
"Окружная, на выезде с посёлка кладбище, 8 зелёных и 3 чёрных, леденцом размахивают, но не останавливают никого",1
Кадорр,1
"Вся Слободка,, повторяю-жопа!!!!!",1
Эти «герои» сегодня запаковали вместе с мусорами парня возле звездочки на Генерала Петрова.,1
"Машина и номера, на Генерала Петрова возле дома труда",1
"Ленпоселок, ул.Северная/Горизонтальная.",1
"Ленпас, белая тойота хайс...зелёные",1
Движ на Кадоррах Таирова Женщины отбили ребят у ТЦК. 5 патрулек и 1 бус с зеленью Движения возможно- но затруднено. Берегите себя,1
Северная угол горизонтальной осторожно. Ленпаселок. 130 шкода,1
"Сейчас с Киевского тцк выехали 4 буса с личным составом вооруженых пикселей,среди них звучала фраза что едут на Кадорры пресовать зевак и делать обход по дворам -осторожнее,,",1
Рынок Нефтяников ходят,1
Киевская трасса. Въезд в город. За заправкой брсм стоят два дебила в зелёных жилетках. Ловят на радар.,1
Сильпо на 10 станции раздают,1
"Генерала Петрова 48/а по 68 заехал серый хюндай полный зелени,поехал в сторону тонажерки смайл",1
Чёрные остановили хлопца. Маршал Таврия,1
Во дворе Генерала Петрова 37/43 и ближайшие ездят гон…..,1
Філатова 48,1
Маршал сити заехал патруль,1
Окко окружная блок пост мусора+тцк,1
‼‼‼‼Окружная ОККО и те и Те!!!!!!!!!!!‼‼‼‼‼‼,1
Сообщение 3 тцк возле эпицентра. Какого эпицентра? их много в Одессе...,1
Объездная око блокпост,1
О смелых женщинах Одесского Кадорра.,1
Простые женщины Одесского Кадорра...,1
Новая Слободка,1
"Не по теме, но хочу сказать, девушки с Кадорров все благодарности прочитали, и говорим тоже спасибо)",1
"Мигалки на макдональсе, в сторону таврии маршал,стоят на обочине, осторожно",1
"одна заехала с Черн козачества и по центру между Головатого стала. Светит фарами в сторону мостика.Вторая через недолго заехала задом ближе к мостику, с др стороны Головатого, друг напротив друга.",1
Завтра будут блок посты Киевский район,1
Черемушки/ Таирово,1
Ліманная опасно,1
Объездная угол Хаджибеевская менты тормозят,1
Стоит на Академика Корольова 48,1
7:55 Сахарный поселок. Похоже на ТЦК белый Ниссан Венето наглухо тонирован. ул. Пестеля. Номера иностранные с жёлтой полосой,1
Атб на маршале зашли штук 5 маслин и один оливка,1
за пол часа последних вторая машина проехала сейчас фольц т 4 белый троих погрузили,1
"Въезд в город по киевской трассе, за заправкой брсм стоят радарщики",1
"ЛЕНПОСЁЛОК-АВАНГАРД зеленый КИА соренто или что-то такое, выскакивают на мужиков. Берегите себя!",1
"При въезде в Одессу за заправкой брсм фен,спрятались в кармашке",1
Возле 46 школы из под парадной (14 номер вторая парадная) три машины ТЦК поймали парня.,1
Слободка белый спринтер на желтых номерах ВН7152ВI,1
Только что... Эпицентр со стороны цветов,1
"27 школа по Люстдорф стоит патрулька без люстры. Внутри чёрные! Папы, кто забирает детей, будьте бдительны!",1
Днепропетровская дорога 134 авто магазин Жигули 12.26 актуально,1
"12:30 первая застава Орион бус и пикап, подошли к чел",1
Юрия Олеши 6( Виталия Боровика),1
"Патлюль, заправка БРСМ, возле Пересыпского моста, мурыжит мужыка. Прямо на заправке",1
Пгт Таиров магазин Наташа тцк на районе,1
"Жолио-Кюри 34, стоят минут 20 уже, заблокировали машину с обеих сторон",1
"Ул степная в сторону переезда,зелёный фольц",1
"Радужный (АТБ) авария, проехать не возможно",1
"Окружная камыши! Пока стоят пиксель. И мент на двух машинах микрик и дэо белое,думаю будет блок пост,все ломанульись по окружной из за трамвая!(",1
Осторожно Окружная блок пост,1
Большевиквесь...держитесь,1
всем внимание кто едет на яму по дороге в сторону куяльника блокпост военные с ментами останавливают всех подряд скажу вам что пробка от куяльника до ямы огромные.,1
Окружная в сторону поселка БП,1
Ленпоселок Т-4 осторожно,1
"Мусара возле жд станции степова, поехали медленно в село",1
"Серый хюндай 9285 поезал генерала Петрова Сильпо, пристают к мущинам",1
Петровского мусара,1
По блока катается на ленпасе катаються с утра белая легковая машина номера обычные гражд один пагон и двое военные Я убежал от их смотрите окуратно,1
"ЖК Радужный, катается белый фольц по кругу",1
Бусик серебристый 5122 катается возле троллейб депо на Инглези-остановились к парню,1
"Китайский рынок согласен, опасно, тоже убежал",1
Поїхали в сторону ільфа,1
"Добрый день Одесса окружная окко внутри стоят табор тцк и полицаи,по ходу собираются. Берегите себя!",1
"Исузу/Еталон поехали по Просп,Гагаріна в сторону Французкого",1
Две патрульки объездная брсм форд,1
Базар 7км,1
Серый бус 5122 заехал во дворы за копейкой на Генерала Петрова уг.,1
"Добавление к посту по куликовому, еще(забыл). +богдан(оливки рядом) На лобовом ""дельфинарий"".",1
"Черемушки,Генерала Петрова был замечен черный Н1 с пикселями.Что то новое в нашем районе.Хотя уже зеленый мерс и золотое рено с поскота тоже здесь бывпют.Последнее время жеско взялись за Черемушки.Удачи всем",1
"Радужный первый выезд дтп, проехать перекрыт полностью.",1
При выезде с Надлиманского в сторону Маяк блокпост,1
"Менты в сторону паскота, эпицентр как ехать с Николаева",1
Менты стоят въезде в город перед Эпицентром поворот на холодильник,1
"Здравствуйте,эпицентр возле 7 км демоны стояли потом поехали в сторону базовой видимо круги наворачивают",1
"Александровка возле Ильичёвска, поликлиника,черные стопают всех во все стороны",1
Стоит экипаж полиции со стороны Николаева перед Эпицентром.,1
Объездная #мемориал катакомбы# стоят канарейки без вояк 09:10,1
Эпицентр Таирово мусора и тцк выбежал к парню,1
"Рынок черёмушки очень опасно, зашло человек 8 на двух бусах, кошмарят прохожих",1
"Прирельсовая, бус с ментами",1
"Желтый бус на военных номерах с гербом Украины стоит у эпицентра,на таирово. Пусто, может просто в магаз пошел..но аккуратно",1
"Ільфа і Петрова 13 білий бус с тцк, зміг звалити але вони патрулюють (( 12:50",1
На заправке ОККО (объездная),1
Блок пост ОКРУЖНАЯ ОККО,1
На ОККО (объездная),1
"Окружная заправка Окко, блок пост в две стороны.",1
У СИЛЬПО,1
По поводу возле сильпо полтверждаю там уже подошли 3 бабушки менты их гонят,1
Маловского-красносободская,1
Объездная дорога. Заправка ОККО. (над Куяльником) Б/П в обе стороны!!! 11:25,1
СитиЦентр Таирово и округа очень опасно!!!,1
Степная 1 застава только что запаковали пацана. Рено кенго белый.,1
Со стороны Беляевки въезд в Теплодар стоят 2 экипажа полиции,1
Степная тцк на рено кенго,1
Темно серый микроавтобус мрази проверяли чудака возле рынка по генерала Петрова,1
Ленпосёлок серебристый renault duster на гражданских номерах тцк,1
Белый renault kangoo на чёрных номерах ленпосёлок,1
"Район ВАЗа, Ленпосёлок",1
По банковской пересыпский мост курсирует серый бус фольцваген тцкунов номера 1183,1
"Скай сити, возле газовой заправки серый т5",1
"Рынок Нефтянников, много полиции пешком, со стороны киевской трассы",1
"Объездная дорога, око блок пост!",1
Заезд на радужный с круга сразу за сундуком Мусоргской приус и камри,1
"Окружная с Поскота,заправка ОККО Б/П,в обе стороны",1
"Радужный. Возле 23 дома представители тцк, будьте внимательны!",1
Окружная дорога ОККО блокпост в две стороны,1
Жк радужный. Заехали на дастере и бусике от варуса. Работяга вышел на перекур - уже забрали,1
Объездная дорога. Заправка ОККО. (над Куяльником) Б/П в обе стороны!!!,1
Рынок Черёмушки. Осторожно ТЦК....,1
С праздником дорогие одесситы с днём пионерии!!!,1
"На центральном входе в рынок Черёмушки остановили парня, видел со стороны.",1
Юго-Западный,1
Слободка аккуратно белый isuzu полный пидорков,1
"Объездная дорога, въезд на посёлок блокпост(актуально 11:45)",1
Sky Fit на Вільямса,1
Это парня возле Скай Фит погрузили только что,1
"13:50 Ленпас переезд тот что возле церкви, как заварачивать на заднипровского пикап возле приемки метала, рядом полиция и тцк",1
Генерала Петрова беленький магазинчик зеленый бус,1
Возле Таврии маршал дтп,1
Возле Таврии маршал белый бусик в нем зелёные,1
Киевская радар перед брсм 3 экипажа дебилов на 16:30,1
Тцк и подари во дворах Генерала Петрова водила пошол в АТБ,1
Новая Слободка очень аккуратно их много.....машин,1
Генерала петрова 44 во дворе,1
Генерала петрова 46 во дворах полиция и тцк,1
Полиция на заправке БРСМ химичная щимят парней,1
Генерала Петрова 44 в 20.25 прошёл в чёрном чёрт. Сегодня его уже видели среди людоловов.,1
"Доброе утро! Лиманка Нова почта полицаи, будьте осторожны",1
"10 линия, в кармане возле Наливайки, стоит машина тцк, вроде прессуют, будьте аккуратны",1
"Слободка: катаются тцикуны, выпрыгивают из белого Хайса",1
"Возле аптеки Фармация,угол Вильямса-Королева,Таврия пиксетэль и полицай",1
Возле жк Атмосфера жёлтый Богдан с номером 2 проверяют прохожих,1
Синий Фольцваген с ментом рядом с водилой ТЦК катается между домами в районе Сильпо на Генерала Петрова,1
"Объездная, ОККО, на заправке Приус с копами и бус с нетоварищами, есть подозрения, что скоро где-то по объездной встанут",1
"Пересыпьской мост, наклейка ПВО на машине, но фиг знает",1
Ильичёвска. Вечерний рынок возле булочной 3 оливки,1
Б.Хмельницкого газелька с упырями,1
"Ленпаселок ваз серебристый хундай на черных номерах, также хащупа с мигалками поехал а сторону заставы.",1
Нефтяников рынок ходят,1
Слободка крепят машины и бусы меняются будьте внимательны и новая и кривая балка,1
"Бус серого цвета с надписью STALKER2 повернул в Радужный, будьте осторожны пожалуйста друзья, берегите себя",1
"Толбухіна площа, мак жовтий спринтер оливки і маслини зайшли в мак",1
Котузия Олександра 20 Нова пошта молдаванка бус серый т дастер чорний ідуть медлено видивляються ‼‼‼,1
33 58 белый сибирская третья станция,1
Ул. Базовая эпицентр работают мусора.,1
"Пересыпский мост, но перед поворотом в туннель стоят ТЦК.",1
Королева-Глушко-Ильфа,1
"Ребята доброго времени суток белый микроавтобус ездит с оливками выскакивают на ходу район Староконного рынка, будьте внимательны!!!",1
Б. Хмельницкого возле памятника стоят 4 пятнистых,1
Пересыпьский мост конечная 191 стоит белый бус внутри военные только что проверяли документы у парня,1
"Генерала Петрова 37/42 двор, возле площадки, бус серый 1172 Н5, черные номера,гнались за парнем на бусе, убежал,на 07.55 ещё во дворе",1
Старая ильичёвская трасса спуск с четырнадцатой станции стоит полиция вынюхивает,1
"Генерала Петрова внутри домов снова катаются танк Мицубиси и серый Хайс,выпрыгивают на ходу.",1
"Радужный!Принимают типа,всем ахтунг",1
Генуэзскаямежду 26-е 36-й жемчужиной ездит bus Volkswagen Transporter серого цвета пристает к людям,1
Генерала Петрова возле входа в парк тцк,1
"Ост. Приват банк (Черемушки), сразу за остановкой коричневый бус ( открытый ), рядом полицейский проверяет доки у парня",1
Переселенец в сторону Маяк менты с радаром,1
Ленпас маг.Надежда тцк,1
Перед вогом как ехать с пересыпского моста тормознули легковушку - проверяют документы вторая машина патрульных пока те типо вежливо общатся быстро ехала в ту сторону - скорее всего паковать,1
На Іцхака Рабіна ринок Петровський в сторону Терешкої щойно двоє в чорному з планшетами.,1
"Беляевка, на выезде в Теплодар БП.",1
"У Сильпо на Генуезской 5, на верхней парковке стоит черный бус toyota с номерами Н 999 Н, аккуратно",1
"На 1 станции Люстдорфа полиция стоит,остановила доставку глово",1
Радужный опасно заехали менты и тцк только что!!!,1
"Генерала Петрова 7 и 9 в кустах между домами спрятался белый бус, ТЦКашники рядом по выходили по углам и смотрят, прячутся чтобы их видно не было. Заметил четверых",1
"Генерала Петрова 7 и 9 между домами спрятался белый бус, трое вышли и пасут. Машину припрятали и сами скрытно наблюдают",1
"Ленпаселок переезд, мусара присуют дальнобойщика. Будьте осторожны",1
"Радужный, во дворе 6 дома припаркована полицейская машина, рядом стоит мент. Актуально 17:41.",1
2 оливки возле Юр.Академии,1
Архитекторская номер 9582,1
Напротив Таврия маршал 07:17,1
"Белый спринтер ВН 8971, без полиции курсирует, Таврия Маршал, 7:20",1
WOG за Пересыпь м БП,1
По Шклярука серый бус тцк и мусора,1
СитицентрТаирова опасно,1
Окружная полиция нюхачи хаджибеевская дамба в сторону Поселка,1
"Мусара окружная, спуск из латовки, кого-то крепят",1
"Генерала Петрова СИЛЬПО со стороны Россети наблюдаю с окна подозрительный хюндай с пикселем за рулём, возможно остальные пошли искать жертву. На всякий случай обходите стороной.",1
"Юго-западной, в город, готовится БП, уже бусик и полиция есть",1
Юго-западный разворачивают блокпост возле магазина Миратон в сторону города,1
Патрулька остановила машину напротив фитнесс клуба База по Генерала Петрова,1
Радужный Сталкер,1
Юго-запад БП,1
Радужный заехал синий бус Dnn 509,1
Парковка эпицентр,1
"Красный спринтер, желтве номера, ьригалная в сторону шклярука.",1
"ЭТА ГРУППА — короткий маяк,",1
"2803 Opel оливкового цвета. Внутри мрази, катались Терешкова-Космонавтов",1
"Опт рынок Таирова в сторону черногорки стоит полиция останавливают, ни кто даже ни моргнул фарами будьте людьми",1
"Ахтунг!!! Гранитная- Радужный 2 урода в пикселе и рядом патруль проехал,у самого сердце в пятки сдвинулось.",1
Генерала Петрова возле сельпо стоят на мигалках,1
"Здравствуйте, объездная дорога напротив заправки ОККО поворот на43 линию много пятнистых, осторожно",1
Окружная дорога / стоит зелень #опасно#,1
"Окко объездная, на обочине много. Возможно готовят бп",1
Генерала Петрова не далеко от Сильпо. Кучу мусоров кого-то тормознули,1
"25-чапаевской, конечная 9 тролейбуса - блок пост",1
"Великий Дальник, 3 квартал, школа, утром папы привозили детей в школу, там и паковали их, мрази сука",1
Окружная дорога в две стороны #опасно#,1
Генерала Петрова Дастер+ бус полицаев с надписью выбухова спец,1
"Радужный конечная 145 белый спринтер ахтунг!!! Пакуют всех, пытались зайти во дворы цинкуют",1
25 Чапаевскавска ( ОККО) БП,1
"Курортный, ЖК атмосфера. БП (копы+спринтер с зелёными)",1
Ленпас. 130 школа стоят мусора,1
Ленпоселок 130 школа менты в парке возле 201 маршрутки припарковались и вылавливают,1
Столбовая-Боженко перекрыта в сторону 1 заставы,1
Круг 25й про фуру на аварийке,1
"7_я Пересыпская, напротив таксистов, шмон документов. Мусора",1
Тцк. Мерседес зелёный. Катается Дворах Балаковская Таврия 28,1
"Третье — в ходе налоговых проверок украинских маркетплейсов/сервисов или в сотрудничестве с ними. Имеется в виду OLX, Rozetka, Prom, Новая почта, Uklon, Bolt и пр.",1
"на перекрёстке филатова-космонавтов стоят менты, стопнули парнишку",1
"Мала Арнаутская,гостиница Чёрное море.",1
7-я Пересыпьская. В сторону города стоит одинокий мусор на остановке,1
Ленпоселок синий т5 район ваза,1
"на станции одесса-поездная прям перед электричкой забрали парня, не дали сесть в нее, окружили",1
"Курортный переулок 2, возле ЖК Атмосфера, белый бус с желтыми номерами, полный зеленых и полиции.",1
Объездная окко в город БП без полицаев. 08:12,1
"Окко объездная блок пост, менты уже идут с заправки",1
Окружная Окко тцк мусора,1
"Выезд с поселка, сторону куяльника, возле окко тцк обе стороны работают!!",1
Блок просто окружная в обе стороны окко,1
"Генерала Петрова 41, на белом бусе, трое ТЦК и один мент, пресуют двух парней. Будьте осторожны!",1
Окружная окко с двух сторон,1
Таврия в две канарейки менты в чёрном и два буса Volkswagen ТЦК,1
Ленпаселок Юхима фесенко гаражи. Будьте осторожны,1
"Окружная дорога спуск к Куяльнику блокпост, в обе стороны",1
Б.Хмельницкого 23 возле кафе стоят. Серый Ниссан на евро номерах.,1
Генерала Петрова Сильпо опасность,1
Окружная (Шевченко),1
"Будет блок пост на ланжероне,уже подъехали на арку три буса,и куча тцк",1
На горке от куяльника на корсунцы жирный и вонючий блокпост со всеми гнидами,1
Перед монастырём въезд Таврия в опасно стоит толпа,1
Генерала Петрова 1 возле школы белый бус с ТЦК и полицаем крепят парня! Одесситы пишите названия улиц старые для того что бы понаехавшие черти не смогли орентироватся в нашем регионе!,1
Поехали в сторону фонтанчиков дороги,1
Объездная заправка око в обе стороны,1
Район Сильпо,1
По Ленпасу ездит синий forester ловят пешеходов.,1
"В ЖК Радужный заехала патрулька. Люстра включена, в машине больше двух человек. Аккуратнее",1
Отпрыски Полицаев повернули на Радужный,1
"Таки да, порт",1
"Киевская трасса, въезд в город за БРСМ мусора ловят на скорость. Не превышаем",1
"Парковка Сильпо Кадоры Таирова стоит люстра, высматривают",1
"По объездной, за Куяльником, тянучка, возле авторынка делают дорогу",1
Возле первой заставы за переездом в сторону ленпаса стоят шакалы бусик и пирожок и очень много их,1
На Ваше усмотрение! Вчера видел новую тему тцк. Метров четыреста от универсама копейка На лен.пасе. Сидел в машине урод с биноклем. Тема я понимаю такая. Подходите к магазину ничего подозрительного не видно. Вас срисовывают и дают отмашку. Машина в нычке три минуты и они встречают Вас на выходе.,1
БП Евицентр суворовский,1
Слободка белый пирожок катается,1
Слободка новая и старая белый каблучек,1
"Говорова-Зоопарковая вход в парк мотопатруль, щимят 2 мужиков, возможно за неправильную парковку. Пока без заднеприводных",1
Обьездная окко в сторону куяльника знак стоп выставили.,1
Огромное спасибо человеку на красном авто что моргнул перед ОККО окружная,1
"Пересыпский мост, 2 патрульные хуйни с колесами",1
патриотическая ленпоселок 130 школа кокойто не понятный движ много ментов с мигалками кого-то уже там щимят,1
Монастырь Таврия 2 машыны лягавых,1
Доброго утра! Таврия Маршала мусора с обе сторон,1
"БРСМ 6км, куча зелёных с полицией пьют кофе, возможно будет БП.",1
"6 километр на брсм пьют кофе,два буса с оливками",1
"Да две машины на брсм 6км, булеи блокпост",1
"6 км брсм, на выезд с города готовят бп",1
6 км БРСМ бл пост,1
6 км БРСМ БП в сторону 7 км,1
"Блок пост БРсм 7 км на выезд из города,в одну сторону",1
"Т5 темный. 0759 СА, генерала Петрова сильпо",1
Серый т5 9105 поехал по Генерала Петрова с гоблинами,1
"Объездная ОККО, оливки пьют каву",1
Киевская трасса. Въезд в город. За заправкой брсм. Будет раздача чеков за превышение.. Не нарушайте скоростной режим,1
Киевское шоссе въезд в город за заправкой БРСм мусора с радаром,1
Таврия Маршал заехал на парковку 9105,1
"Добрый день, курортный переулок 2 возле жк Атмосфера трутся 4 тцкашника без мусоров",1
Б. Хмельницкого 23/ Смартлаб белый Форд Транзит старый 1133 на черных номерах,1
Белый бусик Рено на черных номерах с мусором и медиком катается внутри Генерала Петрова 41 и Сильпо,1
Генерала Петрова возле цветов прессовали парня серый Т5,1
"Слободка, 3 людолова, белый рено, чёрные номера.",1
"Гоблины, г. Петрова возле АТБ!!! Дорогие мужчины, обходим и бережем себя!!!",1
Гоблины возле АТБ на Генерала ПЕТРОВА!!!!,1
"По Генерала Петрова 37а/2 остановился резко бусик серий номера не увидел, резко вибигает 2 тцк в",1
Добрый день. Прямо сейчас трое полицейских пытаються забрать молодого парнишу. Возле памятника Б. Хмельницкого стоят. Может кто живет рядом поможет спасти?,1
Черемушки возле авроры стоит бус танированый,1
"Видать эта мразота чувствует что скоро час возмездия,русские уже в Днепропетровской области.",1
Ленпаселок переезд остоновка в город два буса пакуют пацанов,1
"Нефтяников пока что на ул третья, докопались к мужику в машине. Будьте внимательны.",1
"Киевская трасса, въезд в город. Радар в районе БРСМ",1
Начинают ставить блок пост за Брсм въезд в город киевская траса,1
Академика вільямса возле магазина адмирал мусора,1
"Радужный, вдоль бетонки стоит белый тонированный Т4 с открытой дверью раздвижной.",1
"Радужный, Сундук. Мусора щимят пацана",1
"На 7 станции Люстдорфа, на против мясного магазин стоит бусик, аккуратнее",1
Также на углу Ланжероновской-Гаванная подозрительный синий бус.,1
Выехали с утра генерала Петрова 27/6 полиция цтк,1
Пересыпский мост на остановке в сторону поскота стоят две зелени и два мента,1
"Слободка базарчик митцюбиси пикап л.200 черный, штормят мужика будьте внимательны",1
"Стоял на перекрестке сегодня Пушкинская-Жуковского с 10.00до 10.40 ребята это жесть в центре просто кишит бусами гестапо и голубых. Если пеший по-любому загребут,стрёмно даже с машины выйти",1
Хлебзавод. Слободка. Полицейская машина. И два подозрительных бусика,1
"В ЖК Радужный въехала патрулька, со стороны Варуса.",1
"Радужный, патруль стоят возле 9 дома",1
Генерала Петрова Сильпо дворы серый бус опасность,1
"Радужный кольцо, возле шаурмы бус с пмдарами за пешеходом серый хюндай",1
людоловка стоит возле староконного(строительные магазины),1
"16-я, шлагбаум к пляжу мусорской приус, и мусора третья вокруг парковки",1
Угол Преображенской-Троицкой стоит мотобат (2 экипажа),1
"Район рынка «Черёмушки» – внимательно, курсируют пешие хлопцы по форме и в чёрном. Буса не видно",1
На юго-западном блок-пост в сторону Таирова,1
Осипова- б.арнаут белая маршрутка белые номера типа мчсных дверь открыта внутри черная форма хз кто не рассмотрел,1
На 25ой 15в напротив салона Ситроен стоят трое по форме,1
Окружная в сторону посьолка на заправке око мент и два тцкуна пили кофе на бусе,1
"Окружная, Motto 2 экипажа полиции, пока просто стоят",1
"Хюндай белый H1 на Генерала Петрова 58 за рулем пятнистый рядом маслина,курсирует по дворам",1
марсельска/10 линия серый тойота рав4,1
"Окко объездная еще актуально,на заправке стоит еще белый МЛ с кучей антенн на крыше,двигается с сообщя",1
"Топольова, киевский, заехала машина с оливками, будьте осторожны",1
"Рынок Нефтяников возле авроры, на 14:25 принимают 3 тцк и мент.",1
радужный 21/1 приус во дворе,1
"Черный приус, черные номера около староконного рынка внутри зеленка",1
Фонтаньська дорога угол адміральського проспекта мусора тормознули человека,1
За Брсм в сторону 7 км ставят блокпост,1
Готовят БП 6км (возле БРСМ),1
По ген.петрова-гайдара катается серебристый низкий бус.Выскакивают к прохожим,1
7 км брсм Б/П! Стопают в обе стороны,1
6-км Брсм блопост,1
Вчера на Авдеева-Черноморского напротив дома 7 мусора забрали мужика. Машина до сих пор там.,1
Мирное-Теплодар дамба тцк,1
Радужный. Темно-зеленый бус с военными проехал вдоль поля возле 24 дома,1
"Полицаи зашли в Сильпо 20 поликлиника, с планшетом баба",1
Авдеева/шклярука дтп,1
"Шклярука ДТП пробка, обьезджайте",1
"Белый МЛ с глушаками на потолку, объездная дорога возле Вог, щимят парня на велосипеде, 3 зелёных.",1
Радужный катается ланос камуфляж 3607,1
на генерала петрова катаеться маленький бусик Peugeot тцк с полицейским,1
"Сити 25 рынок бус хюндай пятнистые и полицейский,общаются с парнем",1
"Стоит,темный фольц на заправке перед 7 ст.Люстдорфс.все в гражданке",1
"Генерала Петрова, автостоянка Простор, прямо перед шлагбаумом, белый пирожок на черных номерах.",1
Поворот на порт,1
"Орион, возле поликлиники белый бусик",1
Александровка под Ильичёвском масложир стоит блокпост.менты и тцк,1
"Теплодар, на дамбе стоят предатели народа, продажные чмошники!",1
Генерала Петрова замечана машина чёрными номерами возможно цинкарь или просто военная тачка в любом случае будь те остороженей все,1
Генерала Петрова 1по двору только что поехали нацисты на двух колымагах серый бус и чёрный джип пикап высматривают жертву! Уважаемые одесситы пожалуйста бережём себя и пишим название улиц старыми названиями для того что-бы эти приезжие рагули бандеровские не могли орентироватся в нашем регионе!!!!,1
Начало Бвлковской от Пересыпьского моста БП в оба направления,1
"Стоит полиция окружная дорога, перед поворотом на рынок Яма Авто базар.",1
"Во дворе на Генерала Петрова,44 ТЦК и полиция, стояли с мужиком. Так что будьте аккуратнее",1
"Сегедская-армейская,ходят пешие проверяют документы",1
Объездная с поскота будет б/п пьют кофе на око 11:15,1
Генерала Петрова 58 белый бусик за рулем пятнистый,1
Окко объездная много с 2 сторон,1
"25, район обжоры. Патрулька с люстрой. В сторону Скай сити Т4, серый цвет. Тонировка, зелень",1
Лунный-Гагарина опасно,1
Будинок Праці на генерала Петрова. Серый бус хендай тцк и ментами прикопались у парню. 12:58,1
Паустовского- Мост все чисто только радар в город,1
"Фольц т4 на черных номерах, парканулся на 25й,на парковке около Нави Суши, сидят в машине, не выходят",1
"Генерала Петрова 50, ближе к смайлу во дворе стоит серый бус Хюндай с полицией и ТЦК, человек 5 по форме",1
"7-я пересыпская переезд,замечены оливки",1
Бус сталкер возле сильпо на 1 станции Люстдорф,1
Стоит джип чёрный возле магазина таврия окуратно.,1
"Теплодар! Сзади Сильпо высадились 7 тцкунов на авто с красными номерами, будут из-за угла ловить",1
Площа Деревянка в наироавлении Філатова стоит Т5 з сикунами електричне охраного пидерства,1
На парковке эпицентра (возле сад огород за подпорной стенкой),1
Синий бус радужный 0729,1
Радужный катается патрулька поехала в сторону дома 10в,1
"Иличевский порт вторая проходная ТЦК на белом бусе 4 человека пристали к парню,движется в сторону Александровки",1
Слободка черный дастэр тцк рынок,1
Полный бус тцк. Аркадия. Номер 9105,1
Новая почта 75 13-я линия стоит патруль мусоров,1
Т5 черный Ленпоселок,1
Степная 08:13 возле переезда. Пробивали у мужика доки Рено на черных номерах,1
По орбите ездит черная дача с мусорами. Пробивали пацанов по планшету.,1
"Только что наблюдала картину,как с блок поста на 25й,чмошники ТЦКуны, гнались за парнем, бЕгом и на машине, только у них ничего не вышло, убежал!",1
Мойка маяк. Как ехать в рыбпорт,1
Черти Совіньон - БМВ х6 - ОО1488НН - выскакивают с машины и щимят людей.,1
БП круг 25й вроде останавливают выборочно,1
Новая Слободка чёрный дастер,1
Боровского-химическая желтый спринтер курсирует выскакивает 4 проверяют доки,1
Окоо окружная человек 10 на заправке собираются,1
"Совинйон Люстдорф, ходят пешие патрули, осторожно ‍‍",1
Резницкий переулок - М. Арнаутская - осторожно - белый бус с людоловами и полицией,1
"Срочно,б.хмельницкого начало улиц кошмарят",1
Раён 65 школы-магазин Адмирал-Сильпо на Вильямса-Скай Фит каждое утро катается серый хюндай с людоловами по дворам!,1
"Самое начало Б Хмельницкого, возле скверика с памятником. Менты и тцк тормозят прохожих. Прямо возле перехода и остановки",1
Юго-Западный в сторону Таирова готовят бп,1
Окко окружная на вынесли знак будет бп,1
"Объездная, между 45й и 47й линией БП в обе стороны",1
Юго-Западная БП ставят в сторону Таирово,1
Ленпоселок - 5 дорог северная зеленый т5 на иностранных номерах,1
"Ленпас, парк около 130 школы, скорая на чёрных номерах",1
АТБ 7 фонтана‼,1
Блок пост Генерала Петрова заправка Амик 15:25,1
Генерала Петрова стоят ТЦК 12:26,1
Юго-западный в сторону Таирова Блок пост!!! Актуально,1
"Генерала Петрова заправка Амик блок пост,напротив копейки",1
"С.Розселенец в сторону маяк, менты с феном",1
Генерала петрова БП!!!!,1
Парковка ТаврияВ Маршал штук 8 машин нацгвардии полные пеликанов в обмундировании. Как на выставку приготовились. Будьте особо внимательны. Пока просто стоят рассматривают окрестности,1
Таврия маршал больше 10 экипажей полиции,1
Перед 7й пересыпь в сторону посёлка пробка из за аварии куча мусоров не БП,1
Таврия Маршал Нацгвардия стоит пару машин на парковке,1
Генерала Петрова 1 возле приёмке вторсырья мусора на рено доккер! Ищут жертву или приехали брать дань! От хозяина приёмке всёравно не розслабляемся будем внимательными чтобы не попадать к фашиским полицаям! Актуально 19:50,1
"Двое обиженных зелёных поца,трутся на 10-линии уг.Жолио-Кюри,возле красного дома,местные в курсе.",1
Маслины на мигалках не доежая Обжоры пид.... стоят напротив шаурму 25 Чап-на поворот Космо.. их не видно стоят за бусом,1
Радужный в сторону города парень убежал второго поймали,1
По поводу этого x-trail он каждое утро курсирует начиная лесенка новая линия бывшая вог новая почта выскакивают на обычных прохожих которые идут на работу на склады,1
Заправка ОККО пересыпский мост стоят вояки и мусора пьют кофе.,1
Генерала Петрова на против автостоянки искра нисан навара пикап с зади тоёта Хайс серый по гражданке двое выскочили и пристали к парню я перебежал быстро дорогу.Будьте внимательны.,1
"Водопроводная- Инфокс, вобе стороны БП много",1
Доброе утро слободка встречают электрички зелёные и черные,1
"Были по гражданке ранее писал Генерала Петрова напротив автостоянки ""искра""",1
ОККО Окружная за Посёлком Котовского в сторону Куяльника готовят б/п,1
Окружная ока готовит блокпост,1
Окко окружная выставили уже знак,1
Генуэзкая перед ле сильпо,1
"Поскот, окружная заправка ОККО БЛОКПОСТ",1
Ул. Степная ( переезд) белый Форд и белая Рено с черными номерами разъехались на светофоре 08:10,1
Окружная ОККО Корсунцы БП.,1
Новая Слободка ОСТОРОЖНО!,1
"БП! поворот на село Повстанское, на дороге Беляевка - Теплодар на целый день.",1
"Рынок восход,проехали во дворы мимо копейки",1
"Люстдорф в сторону города менты с тцк, не тормозят пока что",1
"окружная,заправка окко в сторону лимана бп",1
Объездная ОККО так и стоят тормозят на куяльнике так же менты ездят тормозят выборочно,1
"Таврия маршал, обедают, белый бус",1
Объездная!! Выезд с Нерубайского!!! Заправка мото!!!,1
"Стоит пустой бусик ТЦК “STALKER 2”, номера авто ВК•43434 на Ланжероне.",1
"Столовая/Боженко б/п,в сторону города ЛГБТ на месте",1
16:40 три пикселя(один с автоматом) у входа Таврия Маршал,1
Киевская трасса выезд в Одессу перед заправкой БРСМ очень много зелени человек 8 будьте осторожны!!,1
По поводу таврии Маршал там ДТП,1
ублюдки стоят на 6м км за брсм. стопают маршрутки,1
6-км Брсм блопост в обе стороны,1
"Профилакторий,ленпоселок,прям на остановке пресуют мужчину,3 ушлепка в форме",1
Ленпоселок ваз черный т5 едит с переезда,1
"Киевская трасса в сторону города за БРСМ, стоят петушки с камерой, не нарушайте",1
"На 10,29 тцк на б Хмельницкого 25 на тратуаре мужчин проверяют документы",1
Катаются невтяников -слободка,1
"Прямо к спуску к дельфинарий,2 пьют кофе",1
"Украина может остаться «без Днепропетровска, Харькова и Одессы с Николаевым», если не пойдет на нынешние условия РФ.",1
"«Мы с самого начала говорили, что каждый день отдаления дипломатического решения этого конфликта ухудшает условия для Украины… Поэтому, не захотят - получат всё. И без Запорожья останутся, и без Днепропетровска, и без Сум, без Харькова и без Одессы с Николаевым», - сказал Картаполов.",1
Авангард/новая почта стоит полиция/радар,1
15;12 Ильичёвская Александровка. По берегу озера прошли 6 рыл по гражданке у одного на синей куртке жёлтая повязка- ( НЕ гражданская для красоты-скотч жёлтый ),1
БРСМ заправка в сторону города,1
"Застава Переезд много военных, менты. В сторону ленпаса",1
"Застава 1, переездв сторону ленпас, менты и вояки, не бп но осторожны будем",1
Где именно балковская-пересыпский мост?,1
Радужный патрулька 1498,1
Радужный проезд между домами 16 и 12 экипаж полиции,1
"монастырь, таврия на выезде стоит патрулька всех тормозит",1
На socar четвёртая станция люсдорфской дороги стоит фольсфаген серый,1
"Пересыпьский мост, арка 20го трамвая въезд в порт",1
Авангард новая почта за деревом радар,1
"Рынок Початок, лягавые шастают парами.9:00",1
"Серый бус с даунами катается между домами по Генерала Петрова,номера на КА",1
Круг Левитна-Жукова ДТП в сторону города.,1
Поїхали на фонтанську дорогу,1
"Авангард,новая почта полиция",1
"Во дворах за Сильпо,оливковый бус с военными",1
Ленпоселок Ученическая-Проточный переулок заехал бас ТЦК,1
Ленпоселок Ученическая-Проточный переулок заехал бус ТЦК,1
"Ленпаселок нет прототочный переулок,есть Восточный",1
"Фольц грязно серого цвета 0759 поехал во дворы от 25й, проехал между Хоттабычем и магазином канцтоваров Копишон!",1
Суворовский военкомат подкармливается в Сканди с самого начала. Так что они там регулярно появляются. Вопрос гадят (ловят) ли они там где едят...,1
1-й заливной пер (4 роддом) 2 зелёных с ментом на машине,1
"Педагогическая-посмитного принимают, много военных и белый спринтер",1
"Аллея за Эпицентром сразу как идти по Базовой ТЦК и мент спрятались за углом, будьте внимательны и окуратны не идите по Базовой",1
Бабичев ставок стоит Ниссан на чернвх И Тойота хайс пробивали ставок Слободка аккуратно,1
"Собираются на 6км, походу будет БП несколько маслин и оливок на БРСМ стояли 08:50",1
Конно-армейская.,1
"Черемушки, 32 школа дворы в сторону Генерала Петрова, Подозрительный серый Хайс катается, всем удачи!",1
Радужный машина дбр катается,1
Ленпаселок фесенко в доль гаражей катается серый фольксваген пикап. Будьте осторожны,1
Бирюзовый спринтер 0628 радужный,1
Таврия маршал это где именно,1
Слободка аккуратно. Тцк катаются между кварталами,1
Ленпас.вет.труда петровского возле магазина зелёные и чёрные шавки,1
"Ленпоселок. По Патриотической в сторону Авангарда поехали белый бус, серебристый бус и белый кроссовер. ТЦК",1
Белый пассажирский спринтер проехал Пересыпский мост в сторону посёлка. Внутри военные. Похоже что-то намечается...,1
Армейская-Фонтанская-Сегедская белый бус 2520 с людоловами. Смерть тцк,1
Зелёный мерс поехал по окружной от окко в сторону куяльника,1
1-й заливной блок пост в сторону поселка,1
6 км БРСМ БП в обе стороны,1
6 км БРСМ в обе стороны БП,1
"7-я Пересыпьская, БП в город",1
Брсм в обе стороны,1
6-й элемент Брсм блопост,1
"При въезде в Беляевку со стороны Маяк ДТП с вояками,не БП,мусора на месте",1
Ленпаселок белый бус уехал от 45 школы в доль линии к переезду. Возможно катается в дворах на вазе. Будьте осторожны,1
первая станция люстдорф аккуратно группой зашли во дворы з Еву,1
Брсм перед 7км ставят блок пост 9:52,1
пост Вог и брсм,1
Радужный заехал приус,1
"Отрада, желтый камень, вдоль берега",1
"Варненская-Космонавтов-Генерала Петрова белый бус с черными номерами,кружляют",1
Радужный заехали Полицаи продажные,1
На парковке таврия маршал кроссовер черный хюндай с зелёными соплями.,1
Будьте окуратны и бдительны. Во дворе Шклярука 4 А. Стоит люстра.,1
От Сильпо поехал Бус жолтый в сторону 55 школы,1
От Сильпо поехал Бус желтый в сторону 55 школы,1
Генерала Петрова 33 кафе Lumi подъехали на сером Санг Йонг и сидят выжидают (тонированные наглухо),1
"5122 повернул за Таврию на 25й, погнались за парнишкой",1
Открывается блок пост 7 км БРСМ,1
"Генерала Петрова 51, Сильпо возле аптеки скорая помощь, в ней тцк",1
Возле магазина проверяли документы 1 машина а перед этим другая вторая может быть под мостом,1
"За АЗС БРСМ (6км ) в сторону 7км, готов БП(полиция, бусики). Время 7:25.",1
Доброе утро! Лузановка-Рено кенго-2 шт!!,1
"Блок пост ближе к 7-мой Пересыпьской, стоит пробка",1
Здравствуйте ленпосёлок горизонтальная угол северной два буса и зелени много будьте аккуратнее!!,1
"Доброе! Теплодар заехали гости, возможно транзитом, но все же, берегите себя.",1
Зеленый пикап на английских номерах внутри 5 петухов мост Пересыпь,1
При въезде на рынок початок т5 начертить номерах с тцк и полиция подьехала за ссветофором не ходите там,1
При въезде в Рынок початок ставят блок пост,1
Банковская на против брсм в сторону моста,1
Черёмушки много патрулей полиции,1
Перед перес мостом брсм в сторону моста пост,1
"Внимание новая Слободка, ездит чёрная фигня по частному сектору,тцк в машине, даже не прячутся",1
За жк Радужный возле стоянок стойт такая тачка в салоне пусто!,1
"Радужный конечная145 МУСОРА, осторожно",1
"По молдаванке, в районе Б. Хмельницкого ездят белый Hyundai H200 и серый WV T4 друг за другом, собирают футбольную команду",1
"На шклярука,дастер,прям у железнодорожников,один мент один зеленый,пристали к парню,аккуратно.",1
Оливки на ланжероне возле террасы ближе к пляжу,1
Ищо генерала петрова 22 во дворах серий нюндай,1
Тцк во дворах генерала петрова 22 пристали до мужика форд транзіт белий,1
7-я пересыпская за переездом возле будки менты проверяют,1
"Белый бусик на Ленпоселок остановка переезд, прям на остановке оливки с полицией крепят мужчину",1
При въезде в Одессу со стороны маяк ДТП прямо на кругу.,1
"Выезд с посёлка по объездной в сторону Куяльника, едет бус 7031 на черных номерах",1
"Бабичев ставок как подниматься на Слободкку заныкался сервй Хайс, стоят выжидают",1
Пересыпь! Порт! Проходная! Будки! Дерьмодемоны с мусорами кофеюют!,1
"Хлебзавод 3 Слободка,пьют кофе, бус и джип. Аккуратно.",1
Мельницкая-Акордная блокпост,1
"Радужный в арке 11 дома,стоит люстра,будьте аккуратны-мало ли",1
Генерала Петрова заправка Амик в две стороны БП,1
Стоит патрулька в аренду возле 11 дома Радужный,1
Здравствуйте будьте так любезны во время писать за блок посты ехал на измене на Генерала Петрова,1
"Напротив Копейки, Генерала Петрова 74",1
"Генерала Петрова, зп Амик, черти в обе стороны стоят. Актуально на 11:20",1
Сталкер заезжает в радужный,1
Радужный к вам черти заехали на бусе сталкер петляйте,1
"Генерала петрова блокпост!!! Очень опасно, тормозят всех!!!",1
"Ленпоселок Магистральная-Нескучная бусик с мотополицейским, переулок Солнечный два буса катались в 11.40",1
Генерала Петрова заправка амик блок пост в обе стороны,1
"ресторан Лес, Скай, Альтернатива.",1
"Будьте аккуратны в квадрате Осипова-Успенская-Канатная-Пушкинская-Арнаутские. Этот район сегодня штормят. Ходят стукачи с сумочками через плечо. Ведут по телефону до ТЦКшников, потом с 2х сторон хватают.",1
Ж/м Радужный. Серый бус Volkswagen Transporter S.T.A.L.K.E.R. поехал в сторону Радужного 2.,1
Воробьева-слободка Дастер проверяют доки у парня,1
Осторожно ленпаселок катаються,1
Радужный 1 дом пакуют парня в бус,1
Синий вито радужный пакует,1
"Радужный,возле АТБ полицай с папкой.",1
Ленпаселок ваз дворы мусара,1
Рынок Черёмушки 6270,1
Слободка!!по ходу на вече будут облавы жёсткие.очень много бусов подозрительных с гражданскими,1
2 буса тцк медленно едут высматривают жертв по б. Хмельницкого. Серый т4 на черных номерах и белый Рено мастер на обычных 19:44,1
"По Б.Хмельницкого катаються 2 буса серый Т5 и белый микроавтобус,едут медленно,высматривают.",1
Таврия маршал стоит у входа бус сталкер,1
"На парковку Сильпо в Кадоррах на Таирова заехал камуфляжный тэчик только что, пусть люди будут внимательны",1
Генерала Петрова 58 полиция во дворе ищет кого то,1
"Три люстры, была вроде скорая и уехала, машина водителя осталась, парковка Сильпо...",1
"На лиманке, Архитерторская возле Сильпо, был бусик",1
"Выгода, поворот на Теплодар душегубы!!!",1
Гидро порт тцк,1
"На генерала Петрова после Амика первый поворот на право на стоянку стоят возле шлагбаума мусора с тцк, мужики пока сидим дома не идем за машинами",1
"Совиньон-Люстдорф, Арка, возле Таврии вне территории стоят несколько бусиков и человек 20 оккупантов",1
По Генерала Петрова ездит фольц транспортёр 9105,1
Старопортофранковская-Ольгиевская,1
Аркадиевський переулок 9/1 возле магазина базар целий автобус всех шмон.. время 10.03,1
"Поселок белый бус, вояки за рулём, высматривают по сторонам по прохожих, поехали в сторону эпицентра на посёлке",1
Тцк хлебзавод слободка! Много!!!,1
Остановка Экспострой в сторону Радужного бус остановился проверяют доки у мужика будьте внимательны,1
За Сильпо во дворах катается Черный Volkswagen Multivan (минивенчик). Мусор + Оливы.,1
в оайоне ВАЗа ленпоселок курсирует белое рено с голубыми номерами и серый бусик,1
"Серый бус сталкер не тонирован,стоит возле входа эпицентр 7 км",1
Ленпас поле катаються белый Дастер и спринтер. Мужики будьте осторожны,1
Окружная в сторону посёлка Котовского,1
Ленпоселок северная горизонтальная менты на датское,1
Заправка брсм менты с мигалками,1
"Доброе утро,по Ильичёвску катается Мун Варта,Будьте осторожнее",1
На БРСМ 6КМ ставят б/п,1
Ленпоселок ТЦК заехали в посадку,1
Банковская возле заправки Вог пересыпский Мост блок пост,1
Ленпоселок ВАЗ ездять у гаражей,1
"Пересыпь, осторожно,возле мусарни вояки,и шастают менты по граждане,пробивают..",1
Банковская/ пересыпский мост / много зЕлЕни,1
"По Слободке. Все подтверждаю,, море ментов",1
Ставят бп за роддомом пересыпь в сторону поселка,1
Рынок Початок. Бус окна - двери стоит на парковке. Внутри пусто.,1
Рынок початок напротив мясного магазина Викна steko,1
"Окружная окко возле поскота, на парковке мусора и тцк. Возможно будет не бп",1
"Радужный, серый бус на красных номерах ВВ0130",1
"Объездная Окко с поселка, мусора и черти, возможно будет б.п.",1
"Объездная при выезде с поселка, катаются по дворам",1
Тцк на белом спринтере Рынок восход,1
ОКРУЖНАЯ ОККО ПЛЮС ШЕВЧЕНКО ОБЬЕХАТЬ НЕЛЬЗЯ БЛОКПОСТ ТЦК И МЕНТЯРИ,1
"Окружная, Окко в обе стороны, уже пол часа там блокпост",1
ОКРУЖНАЯ ОККО ТЦК ШЕВЧЕНКО ОБЬЕХАТЬ через ул СОЛЯНА,1
Стали на ОККО объездная БП,1
Каролино Бугаз.Голубой бус полный.Новая почта-центр.,1
Радужный новый заезд со стороны АТБ патрулька без включённой люстры по направлению 19 дома,1
Генерала Петрова 45/47 между дворами/детская площадка Серебристый Фольц Т4 высматривают,1
Осторожно АТБ на Генерала Петрова напротив Сильпо 3 маслины разговаривают с мужчиной,1
"вчера как стемнело ленпоселок прочесывали сильно я такого раньше не видел, насчитал 4 машины в переулках соседних практически одновременно ехали и бусик стоял у трассы. Прочесывали в ебенях где я раньше их и не видел",1
"В тему или нет, но слышно как какая-то дрянь летает. Район Черемушки",1
Пересыпь катаются тцикуны на белом Renault,1
"Генерала петрова, фитнес клуб смайл, тцка пристают к прохожим, пешие",1
"Рено золотистое,ванет черная дверь,Соренто,мл белый з глушилками.Все они поехали по обездной в сторону куяльника.ОСТОРОЖНО!!!",1
Возле Сильпо на Генерала Петрова тцк по гражданке высматривают людей,1
Только что подъехал патрулька атб радужный,1
Море.,1
СЕГЕДСКАЯ номер пишите епт,1
Ленпоселок ходять по домах грузять парней в Бусік,1
Добрый вечер! Ленпас ходят по домам. Уточните по каким домам и в каком районе. То же самое что сказать менты возле таврии на черёмушках,1
Перед куяльником окружная с посёлка блокпост приехал х** кто моргнул,1
Окружная Корсунцы ОККО блокпост,1
"ОККО окружная стоят в сторону куяльника, много.",1
Таврия (возле малины) тцк и полиция спрашивают документы,1
Генерала Петрова за сільпо рено пирожок проверили у мужчины доки,1
Окружная пос.шевченко запр.окко б.п.,1
"Генерала Петрова 27/5 и этот квартал, осторожно, белый бус!!",1
"Теплодар, заехали гости душегубы!!! Аккуратно! Берегите себя!",1
б. хмельницкого 25-27,1
Ленпаселок Юхима Фесенка 11 ходит черт высматривает. Будьте осторожны,1
"Радужный со стороны, АТБ заехали два буса ТЦК в направлении 19 дома",1
Один бус возле Варуса приняли двух мужчин Радужный. делал ноги не успел сделать фото,1
Китайский рынок машина ментов на парковке,1
Киевская трасса сразу после БРСМ менты с радаром,1
Возле 22 дома Радужный замечена патрулька и белый бус ТЦК,1
Ленпас облава ТЦК И Полиция,1
"Проспект Шевченко,Таврия,один пиксель и один в чёрном тормозят мужчин",1
"Смарт лаб б.хмельницкого 23. Их там очень много сейчас. Я понимаю что они приехали в лабораторию но что им мешает стоя на улице прихватить парочку мужчин,мимо проходящих. Не рискуйте.",1
Вторая сидит в машине,1
"Эпицентр поселок кот. стоят какие-то типы 8-10 чел кучкой возле буса, они не по форме но пару тел с Балаклавами, может и не тцк но лучше не рисковать",1
Серый бус сталкер припаркован на стоянке эпицентр 7км- внутри никого но нужно быть аккуратным.,1
"На парковке эпицентр пос.кот. белый большой бус Фольксваген с мигалкой, сотрудники СБУ в полном обмундировании вывели мужчину под руки",1
"Посадка с 7 км на ленпоселок, стоят прямо в посадке 2 буса, недалеко от заезда в посадку со стороны 7 км",1
Дтп в сторону Ленпаса,1
Сильпо Депорт Поскот,1
Глушко-люсторфская на кругу.,1
Радужный конечная 145 маршрутки стоят два буса и приус полицейских,1
"Нерубайское поворот, Объездная, менты. Пока стоят, возможно будут стопать.",1
Радужный 2 вдоль поля по дороге замечен один бус ТЦК,1
"Горизонтальная Ленпоселок дтп тесла vs мерседес пока без ментов, но думаю будут",1
Все магазины таврия обжора все под прицелом ТЦК они маскируются и ждут вас в магазине! Сколько раз говорить: центр магазины опасно!,1
"ТЦК возле хлебзавода,слободка,жрут",1
Латовка БРСМ заехал бусик белый с черной дверью и Рено на lt номерах!!!‼,1
"Латовка, заправка брсм. Стоят дырявые. Пьют кофе. Очень много машин на бляхах. Будьте осторожны",1
Око объездная что с посёлка напротив заправки стоят белые ванета kia sorento и золотистое renault возможно готовит блокпост только что приехали,1
Мельницкая-аккордная блок пост в две стороны,1
"На ільфа і Петрова 6 бус сталкер и Н1 катают, убежал",1
"Ленпоселок, патриотичнская, два буса белый и оливковый проверяют у мужчины документы 12:45",1
"От 10-го Апреля,по Пионерской,в сторону Курортного",1
Генерала Петрова за Сильпо крепят ремонтную бригаду электриков пять рыл будьте осторожны,1
"Угол Новикова-Выездная припаркован тонированный вхлам бус Фольксваген тёмно-синий, будьте аккуратнее",1
"Пересыпь, конечная 1 трамвая ТЦК на Белом Рено чёрные номера",1
"Трасса Одесса Рени, поворот на Теплодар, менты",1
Водопроводная- Инфокс. Готовят БП. УЖЕ ОСТАНАВЛИВАЮТ В ГОРОД,1
Мусара стоят таврия хлебодарское,1
Объездная / клевер в сторону авангард менты стопнули фуры. Пробка.,1
"Хлебодарское 4 патрульные машины возле: заправки, центра, Таврия",1
"Рынок Анжелика, при выезде с рынка возле Окко стоит полицейская машина, и один полицейский внутри",1
Поскот Объездная камыши собираются зелёные,1
Окружная дорога / в обе стороны/ ОПАСНО,1
"Петродолинское,Маяцкая трасса базар пара машин мигалок",1
"Орион два хайса, белый и серый.",1
"Доброе утро, блокпост в две стороны по окружной дороге район Куяльника возле озер ( болот)",1
"Газовый, Пересыпь. Стоят менты",1
"Объездная в сторону поселка напротив лимана стоит соренто,золотое Рено и человек 10 эмбицилов зеленых.",1
"Слободка, ул. Гордиенко (11:07), второй квартал от кладбища, стоят общаются пока что, будьте внимательны.",1
Во дворе Генерала Петрова 44 катается белый бус: ВН 3101 ТР,1
Возле катрала ещё стоят (Ленпоселок),1
"Ленпаселок катается жёлтый бус, кенго и серый бус. Будьте осторожны",1
"В Теплодар заехали гости, возможно транзитом, но все же берегите себя!!!",1
"Генерала Петрова, заправка (напротив смайла) блок пост",1
Генерала Петрова заправка Амик блокпост,1
Генерала Петрова Амик блокпост развернули,1
Таврия Маршал. Напротив входа зелёные,1
Генерала Петрова пост,1
Окружная на подёме не доезжая до поворота на яму менти,1
"Добрый день, Киевская трасса от БРСМ до Кафе За рулём пробка",1
Пересыпский мост сразу за мостом авария,1
Слободка. Возле суконной фабрики. Оливковый движ. Штук 6-7,1
"В Радужный заехала патрулька и бус, так же ездит мото патруль",1
"Ленпаселок Юхима Фесенка 11, серый пикап. Будьте осторожны.",1
"Корсунцы-Шевченко-красносёлка Киа соренто мерседес мл белый антенны на крыше, синий деу ланос, мерседес очкарик серебристый, тецекашные крысы",1
СТО МАРШАЛ стоит патруль. В сторону Одессы...,1
Банковская возле моста Пересыпьского. Людоловы поставили блокпост в обе стороны.,1
Китайский рынок в переулке возле пажарки бус с тцк,1
КП Дачное-проверка документов в сторону Киева,1
"Пересыпь, возле райотдела БП",1
Белый и Серый h1 опять беспределят район экспострой будте осторожны,1
черти на выезде с Одессы возле Маршала,1
Окружная дорога в сторону поселка / ДВЕ СТОРОНЫ опасно,1
"На объездной, район Куяльника, БП",1
"Одесса лиман, объездная дорога",1
Окружная в сторону посёлка готовятся ставить блокпост,1
"ЛЕНПАС,МАГИСТРАЛЬНАЯ-ВОЕННЫЙ ГОРОДОК,АВАНГАРД:ЗЕЛЕНЫЙ МЕРС,ЧЕРНЫЕ НОМЕРА,8 ГОБЛИНОВ.ОСТОРОЖНО!!!!!",1
Копы стоят на киевской трассе з сторону города за мостом как выезжать с базы орбиты перед заправкой брсм,1
Пробка старая столовая сбили человека,1
с. Коблево напротив АТБ и брсм,1
Таврия Маршал и рядом заправка Амик. На 18:43,1
Таврия маршал. 3 машины нац гвардии,1
Радужный возле атб нац гвардия,1
"Стоят мусора на 7-й Пересыпьской, две патрульки",1
Радужный возле 22 дома бус домахались до мужика в его авто.перекрыли ему выезд с парковки,1
с. Коблево трасса в сторону Одессы и в сторону Николаева на 6:53 БП на КП на против брсм,1
"Слободка Осторожно, катается белый бус с животными))",1
"Б. Хмельницкого/Мясоедов. Белая маршрутка только что приняла парней. Сейчас стоят машины с водой, УВ, мужчины. Не ходите по воду.",1
Ришельевская-Дерибасовская два мента щимят пацана!,1
Белое Венето и темно серый Н1 поехали от Окко на окружной к Куяльнику,1
"Камыши готовят блок пост, Окружная дорога",1
"Объездная, камыши, собираются нетоварищи 09.00",1
Окружная камыши раскладываются,1
Пересыпский мост на азс окко мусара возможно еще ктото... (был не очень хороший обзор),1
Окружная дорога/ ДВЕ СТОРОНЫ/ опасно,1
7-я пересыпская бус с тцк 5911 Р4,1
На парковку Мегадома заехало два буси Н1,1
Два буса хундай серый и белый с петухами заехали на парковку мегадома,1
"Объездная, Поскот. камыши в обе стороны БП и полиция",1
"Теплодар. Ходят по домам. Полиция, СБУ, ищут не понятно что",1
"Объездная поскот,камыши.тцк полиция,разлили на дороге масло",1
Синий duster 2120 дорога зенковецкой на Черёмушки пресуют пацана на светофоре,1
Белый Богдан на преображенской номера 4270,1
"Здравствуйте, таврия В",1
Авдеева-Черноморского ездят тцк на дастере,1
с. Коблево АТБ БРСМ блок пост,1
Новосельскогоо 17 92 черный бус мерс,1
Район Староконного прячетесь.Два буса серый и желтый.Только что!,1
"Теплодар мусора Беляевские залетели, аккуратно братва...",1
"Генерала Петрова 49, во дворы белый бус заехал с тцк",1
"Теплодар сейчас мусора приус и форд походу тцк, возможно транзитом проезд, а может нет, со стороны Беляевки, но все же....",1
"Б/П окружная возде Ямы в обе стороны,тормозят всех",1
Б/п окружная яма на8.30,1
Яма окружная засада,1
"Замечен синий бус W с тонированными стёклами с чёрными номерами 1185H5 с ТЦК на Ланжероне припарковался на стоянке над Шаландой. В машине точно 3 человека, может больше.",1
"Окружная поворот на яму, много тцк и полиции",1
"Розселенец, маякская трасса менты с радаром стоят в сторону Маяк",1
Объездная. Яма бп,1
От 5 той до 6 фонтантанской дороги тормозят мусора,1
"Готовят блок пост, камыши, окружная. Три буса и полиция",1
с. КОБЛЕВО АТБ БРСМ,1
"2 буса H1 Таврия Маршал,возле мойки стали мин 5 назад",1
"Станция Студенческая гостиница Чёрное море, блок пост, останавливают всех и спрашивают документы и цель поездки.",1
По генерала Петрова поехал белый бус,1
"Выехали с 61го двора и поехали в сторону Сильпо, парка",1
Пишоновская-В сторону Водного.Дастер -Т5,1
"мост пересыпь стоит приус и перожок рено,общались с кем то,прям у остановки как на поселок ехать",1
Слободка шмот!,1
"Пересыпский мост, стоит патрулька кого-то оформляют",1
"Стоят на перекрёстке Преображенская-Греческая, бус т4 и 2е высматривают",1
Грушевского-пестеля,1
"На парковку сильпо на генерала Петрова заехал джип камуфляжный, аккуратно",1
"Черемушки напротив суд,заехало 2 бума полных...по дворам поехали.",1
5:00 ул. Ракетная номер 1121 поехала между домами очень медленно,1
Слободка. Кладбище. Белый транспортер на черных номерах. Тцк + мусор,1
"Таврия Маршал, въезд со стороны заправки амик. Белый хайс, стоят курят.",1
Жёлтый бус что на Маршала уже в Радужном. 9:30 возле Евы как раз проверяли парня,1
Ходит один по Черёмушки улица Евгена танцюры в форме маленький рост 165 примерно смотрит на всех парней и пишет что-то в телефоне возможно докладывает,1
"Савиньен, таврия В,мазда рх7 серая 5 зеленых",1
"Хочу написать по поводу посадки с 7 км на ленпоселок, ежедневно там пасутся, то по полям катаются то прячутся в посадке, старайтесь максимально избегать эту дорогу",1
"Генерала Петрова 57, забрали парня только что. Ездят вместе серый и белый бус.",1
"Внимание! На окружной дороге, недалеко от Куяльника, возле озёр — блокпост. Будьте осторожны",1
Как спускаться с ОККО к Куяльнику стоит БП с двух сторон,1
"На Обьездной за Куяльником, в сторону поскота блокпост с военными, останавливают.",1
Окружная между Куяльником и ОККО камыши БП в обе стороны ТЦК и люстра,1
"Ленпоселок, район рынка, тёмно-синий Рено Дастер, ВН2120, внутри человека 4. Наверное, поедут по району. Осторожно!",1
Окружная где арбузы много швали стоит блок пост,1
Объездная камыши,1
Окружная БП камыши,1
Радужный проезд между 16 и 14 стоит серый микроавтобус с полусферами на крыше.,1
Степова (пресМаш)чорний вольцваген на польських номерах пресують мужика два воєнних і мусор,1
"Днепропетровская дорога 108 возле пивной стоит бус сталкер, также был белый спринтер номера ВА",1
Генерала Петрова дворы по стороне Звёздочки 2 бумаги очень опасно,1
"Днепропетровская дорога, цытрус выгрузились со спринтера много ходят по парадным пристают к людям",1
Генерала Петрова 7/3. Конченые,1
Менты пресуют мужичка на ленпасе новая почта 15 отделение,1
Со стороны беляевки не доезжая до поворота на теплодар пост Тцк,1
Г южний старая копейка 6 человек шастають вояки,1
Двое один по форме один по гражданке с папкой пошли генерала Петрова дворы тридцатый номер подходят,1
Радужный у вас там ПИДОРИ крутятся хотят толпой пизды получить,1
"Кордонная-Ивановский мост кого то пытаются достать из машины, будьте осторожны",1
"Добрый вечер, Объездная дорога на спуске перед куяльником со стороны поселка готовят блокпост",1
"Объездная,в сторону посёлка,чуть дальше камышей - два буса готовят БП",1
"Черная таврия едут 2 буса, один такой жёлтый, сзади белый спринтер",1
19:30 б-п с Молодоц Гвардии переехал к Куяльнику камыши.,1
Окружная дорога после камышей до подъёма на повороте блок пост в сторону посёлка,1
"Окружная с поскота блокпост. В сторону куяльника если ехать то проезжая поворот на военкомат на спуске, прям на повороте",1
БП Генерала Петрова Амик,1
БП на Брсм 6 км в 2 стороны,1
"Остановка овен,королева-архитекторская,крепят парня,3358 бус",1
6км брсм тормозят маршрутки проверяют доки пидоры,1
6 км БРСМ блок пост в 2 стороны.,1
БРСМ 6 ой км. Опасно!!! Блок Пост в обе стороны. Всем хорошего дня.,1
"07:40 Генерала Петрова, заправка Амик, блок пост. Тцк остановили парня, ловят на дороге.",1
"Генерала Петрова 74, наблюдали с окна, пытались затащить мужика в бус 4 пидора и 2 мента, побитый, запшикал их перцем и смог убежать...",1
"Новая почта 1 отделение в масках возле дороги три машины 7:59,на въезде с трассы",1
"Возле смартлаба на Б. Хмельницкого, 23 бус с черными номерами на тротуаре",1
"Овидиополь,центральный рынок,со стороны Театральной,замечены подозрительные зелёные личности.Будьте осторожны.",1
"Черёмушки ездят два буса с ухылянтами, Мерседес вито и Хюндай аш 1 из новых.",1
"Раскладывают БП на Генерала Петрова, заправка Амик",1
"СРОЧНО!!Генерала Петрова,заправка Амик,снова блок пост",1
Водитель моргал на генерала Петрова!!!!,1
Генерала Петрова 68 блок пост.10.23.Стоит полиция и пятнистые.,1
ТАВРИЯ В ВОЛШЕБНЫЙ МИР,1
"Добрый,куча пидоров на ИЦХКА Р. Возле 37-го дома,на дороге блок пост,за 100 метров как подъехать к восходу(рынок велосипедов)",1
‼‼Рынок Восход Блок Пост,1
Заезд в радужный со стороны АТБ,1
"Радужный (1-8 дом),аккуратно катается очень медленно люстра (выключенный маячок ),берегите себя",1
Здравствуйте черти с ментами блок пост Генерала Петрова заправка Амик будьте осторожны,1
Ленпаселок новая почта 15 два буса очень опасно!!,1
Черёмушки 69 школа,1
Поворот на Теплодар со стороны Беляевки тцк,1
"Два пятнистых вышли только что из аптеки на углу Варненская-Инглези...Транспорта не видно, может просто военные",1
Патрульная полиция радужный 1 заехали осматриваются,1
"Вторая акварель,зелёная секция 3 тела шныряли",1
На окружной поворот на лококомотивную(середина Куяльника) ДТП.Собирается пробка.,1
6эл.брсм серый бус на военных номерах,1
"Генерала Петрова, заправка Амик, БП",1
"Район 6км, перед заправкой БРСМ в сторону 7км, поставили БП (копы и ТЦК), будьте бдительны",1
Радужный арка между 11/1 и 11/2 люстра,1
Ленпоселок улица Умова катаются тцк и внутри полиция (синий Ситроен ),1
"Одесса-Восточная, Жолио-Кюри. Серый внедорожник.Они уже тут.",1
3358 и 9582 поехали в сторону Генерала Петрова,1
Также магазин Ствол и сзади него дома!,1
"Генерала Петрова, заправка Амик,готовят БП",1
Генерала Петрова блок пост в две стороны возле копейки,1
Вчера пронаблюдал схему почему по два буса ( и не обязательно бус) восточном она работает хорошо в частном секторе Первая машина видя жертву объезжать его и протягивает немного останавливается и выходят...соответственно бежать назад только..а тут то и вторая машина на расстоянии до 50 м от второй с неё вываливается 2-3 п... и всё бежать некуда,1
"Менты 2 шт, 3 тцк. Стоят высматривают в панорамные окна СИЛЬПО. Двоих на входе прям в Сильпо тормознули. Одного с пакетами заломали",1
Блокпост Бугаз в районе ст. Студенческая прямо около въезда к отелю Чёрное море,1
Здравствуйте черти в форме на желтом бусике заправка АМИК Генерала Петрова магазин копейка будьте осторожны,1
"ЖК Одесские традиции,опять заехали 2 бума на територию",1
Мусора проверяют доки у пацанов на въезде в рынок Початок 5-09 утра,1
Окружная»Камыши « собираются «8:10,1
Окружная дамба готовится большой Блокпост,1
С Коблево. Менты как выезжать с села и ехать на море.,1
Красный Спринтер на желтых днепровских номерах,1
"Веры имбер в доль море, очень много пидоров",1
"Слободка, белый доккер на чёрных номерах катаеться по улочкам",1
Бус 1-2 Застава! Высматривают жертву.,1
Автостанция два мусора с папочкой,1
"Генерала Петрова,33 идет зеленый фраер. Как говорят в Одессе: Море разойдись - гавно плывет.",1
"Ленпаселок бус сталкер, двое по гражданке. Будьте осторожны",1
"Отрада, возле спортплощадки скорая и вояки",1
"Радужный, возле варуса 2 ходят, с планшетом и папкой",1
"Ленпоселок ВАЗ 1133Н5 ездит белый форд транзит с открытой дверью, внутри человек 5",1
Радужный 7А по направлению большой площадки пошли три дамы полицейских,1
"Ленпоселок в районе ваза катается бедый бусик с открытыми дверями, внутри петушня",1
Радужный магазин Варус менты и военные( возможно тцк ),1
Генерала петрова возле Авроры паканули молодого парня,1
На генерала Петрова возле Авроры серый хюндай задержали молодого человека,1
Бабичев ставок Слободка патруль с синими маячками,1
"Возле сундука, как ехать на радужный в центре круга стоят менты автобус был пустой где-то ходят, и за остановкой как ехать в сторону экс построя стоял белый спинтер. Там аккуратнее будьте.",1
На генерала Петрова серый Фольксваген Т5 ТЦК щемили парня,1
Ленпаселок в сторону заставы поехал серый хундай на чёрных номерах 1112 н5. Будьте осторожны,1
Радужный псы продажного на Раене. Одна машина,1
Радужный АТБ мигалки.видно из далека вышли воины смотрят по сторонам,1
"Ленпоселок остановка Профилакторий, стоит старый белый бус ТЦК",1
Блокпост объездная дорога перед заправкой Shel. В сторону 6км,1
"Ленпоселок Профилакторий Белый форд транзит на черных номерах Выскочили за парнем,Ему сигналили машины обратить его внимание Ему все равно,он в телефоне завис.",1
Катаются Ленпоселок. Поехали 1 Застава,1
"Пидоры придолбались к парню на Генерала Петрова, 4-й хлеб завод!!",1
"Окружная «Камыши « блок пост,пока в сторону поселка,много.",1
Ленпоселок Горизонтальная по северной в сторону переезда диастер и Рено микроавтобус,1
Ленпоселок!!!! Бус и легковушка на чёрных номерах возле общаг на ВАЗе,1
пущкинская/м арнаутская дтп,1
"Авдеева-черноморского, 2б. Сразу за рестораном Колыба. Белый бус. Поймали пацанов, стоят прессуют.",1
Черемушки( дворы 32 школа в сторону Г.Петрова) Проехал Полицейский Дастер,1
Новая Слободка был замечен черный джип марку не запомнил спереди справа типа номер скороход лучше аккуратно,1
Заехал на парковку Сильпо,1
Подписывайся на Море,1
"Отрада, внизу прямо возле желтого камня патрулька припаркованна, 4 гуся с планшетами стоят",1
Генерала Петрова 23/3 катается серый хюндай,1
"Доброе утро, объездная камыши два буса и золотистое рено на обочине,собираются.. возможен БП",1
Объездная выезд с Поселка возле камышей куча зелени,1
Сталкер радужный 20,1
Вторая акварель одинокий оливка с папкой,1
Степная. Застава. Белый бус прессуют мужчин пешеходов!!!,1
Нацисты на белом бусе возле приёмке генерала Петрова 1 приехали брать откат! И за одно высматривают жертву чтобы умирали за зелёную нечесть! Одесситы берегите себя.,1
Нижне-большевик район базарчика гоняет патрулька заднеприводными по переулкам будьте внимательны,1
"Генерала Петрова напротив Мясного менты щимят мужика, похоже что ждут тцк",1
Авангард новая почта 1 отделение стоят менты,1
Жолио-Кюри 32/34. Одинокий пиксель во дворах.,1
Белый спринтер только что спустился по ленинградской вниз к староконному,1
"Генерала Петрова,за библиотекой во дворе возле Сильпо,патруль с выключенной мигалкой,прижали машину,что происходит не понятно",1
"Генерала Петрова,за библиотекой возле Сильпо,патруль с выключенной мигалкой,прижали машину,что происходит не понятно",1
Патрулька ездит от Пересыпьского моста до Пересыпи кругами на маячках аккуратно ‼,1
Привокзальная. Мусара проверяют несколько машин,1
Авангард/Новая почта. На Окружной дороге. Менты с радаром.,1
Ленпосёлок. Поехал с всторону 2-х столбов белый форд транзит.,1
Шклярука два буса,1
"Желтый бус выгрузился возле главного входа Ситицентра, трое в пикселе",1
"Остановка Эпицентр 7 км,по гражданке на дастере, будте аккуратнее.",1
Дворы напротив Ситицентра Таирово опасно,1
"Жёлтый Богдан номер 4270 сопровождает белый спринтер едут парочкой,на 3 станции в сторону ситицентра",1
"Філатова 38, Odrex",1
"Ленпаселок Юхима Фесенка ездят мусара на дастаре, будьте осторожны.",1
"Добрый день, только что напротив конечной 191 маршрутки, Пересыпь. Менты и Оливки прессовали 2 мужиков.",1
11:54 сбоку ситицентра людоловы кошмарят мужика,1
Белый мерседес 3101 кататься по дворам Глушко-Королева,1
Серый хюндай поехал от маршал сити в сторону кадоров,1
Серый Фольксваген катается по дворам 10 квартал. Черёмушки,1
Теплодар. Сейчас Серый бус тонирован Volkswagen тцк Возе точки рас 5 проезжали!!,1
"Заказали доставку глово с супермаркета Сильпо. Приехало тцк вместо глово, данный случай случился на таирово.",1
Черемушки базар всем быть аккуратно стоят на входе на против мясо люба белый бус и полицейские на своей брычке,1
Ленпаселок катаються мусора гоняються за всеми кто мужского пола,1
КП Дачное-в сторону города много полиции,1
"Белый бус фольцваген С654 ВН катается по Маршала и дворам, 6:55",1
"За Куяльником с Пос Кота в сторону Киевской на верху стоит люстра и два белых буса, в одном сидит 2-оливки. На 07:12",1
"Таврия Маршал по правой стороне,проверяют ребят кандидатов а штурмовики, хотят отправить вместо себя! Белый бус на молдавских номерах. Включайте спринтера.",1
"Генерала Петрова 3358 пидорский бус, возле АТБ,7.43",1
БП недалеко от Сокара станция Пересыпь в сторону поскота. Куча вояк и полиция,1
"Генерала Петрова старый жек (за домом 37/43) белый бус хюндай 3358 на 8.00, тормознули парня",1
"Двое зелёных возле на Юго-Западном возле Миратона, по направлению в центр. В развалочку на белом бусе полустоят. Похоже, ожидают подкрепление для блок-поста",1
Шклярука белый бус взяли велосипедиста 09.55,1
Теплодар 24 магазин менты,1
"Староконка, пара непонятных бусов,",1
Белый Фольксваген т4 на бляхах поехал от Куяльника к рынку Яма,1
Мусора кошмарят на Ланжероне на верхней стоянке возле арки,1
"В сторону Дельфинария белый спринтер так и стоит. За рулём некаво нет, в салоне седят 3-4 военых",1
"Полиция рынок Початок, возле овощей и столовой",1
"Совиньен 3 Таврия менты,Осторожно",1
Ленпаселок посадка белый дастер и за ним бус медленно катаються. Будьте осторожны,1
Ленпоселок горизонтальная северная полиция на Пежо,1
Хаджебей объездная дорога как спускаться с горки стоят мусара 2 патрульки 18:15,1
Тцк в сильпо жолтий бус возле сильпо,1
Только что на радужный зашли пешие потрули мусар и мусарша будьте внимательны!!,1
Генерала петрова жолтий фольц сильпо,1
"Сильпо на генерала Петрова 18:35, 2 оливки и 1 маслина, прессуют парня возле входа в магазин",1
Генерала Петрова на входе в Сильпо двое и полицейский обелечивали пацанов,1
"Жёлтый бус заехал во двор, с Генерала Петрова 7... Уже остановили парня, после проверки документов - отпустили, будьте аккуратнее. Поехали в глубь",1
Банный пров-Прохоровская черти,1
знаменитый серый т5 степная 1 застава с мусаршой+зеленые,1
Доброе утро. Жолио-Кюри 26.,1
"Авдеева-Черноморского 90. бус с ТЦК остановил парней, долго присуют",1
"Жёлтый бус напротив АТБ полный, останавливают всех прохожих улица Генерала Петрова.",1
"В последний раз не баним за этого какого-то всушного поца танцюру, которым обозвали сейчас улицу Генерала Петрова!",1
Ленпас перезд шаурма стоит серый т4 сталкер,1
"На парковке АТБ возле Маршалл Сити стоит темно зелёный бусик,внём один,номер 04555, на всякий случай внимательно, может просто военный",1
Автостанция на Старосенной лазают гиены.,1
Б.Хмельницкого 23 Спартак белый фольц с укрооккупантами гиенами,1
"БП на объезной,на ""куяльнике""",1
"Объездная дорога, камыши. Блок пост",1
Спасибо всем кто моргает перед Куяльником!,1
"КП Дачное- в сторону города выборочно останавливают (4полицейских,1 гиена)",1
"Киевская трасса. Въезд в город, за заправкой брсм. Стоит петушня с радаром. Не нарушайте скоростной режим.",1
Въезд с киевской трассы. АЗС БРСМ встречают гостей на радар скорости,1
"Ленпоселок ВАЗ, подъехали к припаркованной машине, водила был за рулём",1
"Ленпаселок ВАЗ белый магазин. Полицаи на Дастаее, 3 3.14дара в магазине.",1
Авангард новая почта 1 (переулок Степной 1а) стоит 1 коп в полицейской машине,1
Ленпас - ул.Горизонтальная,1
Теплодар. Катается бус и мусорская машина,1
Зоомагазин по маршала 14 ст менты стоят,1
"Есть информация по Ильичёвску,что тцк будет работать с 4 вечера до 10:00 ночи, они поменяли тактику, будте бдительны!",1
"Темно-вишневая ""семерка""Жигули,на ментовских,синих номерах,",1
Мусора возле поликлиники Теплодар,1
1-й заливной возле полиции БП в сторону поскота. Маршрутки вроде не тормозят. Но будьте бдительны,1
"Белый форд транзит на 1 заставе, ленпосёлок",1
Шклярука серый фольц,1
Спринтер белый 3101 с Авдеева-Черноморского свернул на Донского,1
"ленпас, в сторону заставы поехал чёрный бус с гостями",1
"Объездная, камыши БП обе стороны, стопают не подряд пока",1
Камыши объездная блок пост,1
"Дельфинарий, 3 ушлепка с папкой",1
Хочу поблагодарить народ с Теплодара отбили утром парня от опг и ментов Убегали тцк как перепуганые. Имеется видео запись этого беспредела,1
"Теплодар, по дворам шныряют мусора. Берегите себя!",1
"Авангард, нова почта мусора на стоянке",1
"В Теплодаре шмон, Сбу ТЦК и мусора, двора квартиры, с утра удалось отбить парней возле 24.",1
В Теплодаре фрицы ходят по квартирам,1
Степовая-мельницкая пресуют пацана на этом мерсе,1
"Бугаевская-Средняя,прямо возле АТБ стоит военный джип, аккуратно!",1
Ленпосёлок. ТЦК.Возле копейкы стоят белая машина как пирожок,1
Ленпаселок синий фольксваген на чёрных номерах поехал в сторону заставы,1
"Теплодар, Генерала Плиева между 15м и 25м домами напротив Лукошка, во дворе сидят возле детской площадки 4 по форме камуфляж, один по гражданке, пока общаются. Лучше обходите",1
"Стоят 3 ТЦК по форме, с парнем разговаривают, наверное их сотрудник он не по форме, Теплодар, во дворе 15 дома, в скверике, на бетоне, напротив площадки который, рядом с качелями который стоят на земле",1
Теплодар фрицы обедают между домами.БЕРЕГИТЕ СЕБЯ...,1
72 школы нет на генерала Петрова,1
"вулиця Академіка Корольова, 58",1
Паустовского-авария! Тянучка из города,1
"Петродолина на въезде, как ехать с маяк, стоят менты тормозят выборочно",1
Не доходя до арки к Ланжерону на стоянке знаменитый автобус Toyota Coaster с зелёной полосой,1
Таврия В поскот БП на сейчас человек 20 дорога на Николаев,1
Ас привокзальная ходят с собакой один мент и 3 военных смотрят обстановку но стали с боку ждут кого-то мой вам совет бегите с АС привокзальная ),1
Мост Пересыпь Чёрный мерседес віто 1792 пакуют парня,1
"Но мы не можем это постить в час пик. Тем более, здесь это утонет в море оперативной информации. Мы это все соберём и оформим чуть позже. Ждите.",1
"Сине белый эталон, на желтых номерах 5118, стоит с открытой дверью на стоянке Курортный переулок угол Пионерской",1
Окружная арбузы готовят Б П,1
Окружная комыши БП в две стороны уже мусора на месте,1
Ситицентр Таирово на остановке стоят два буса и пвтрулька с утконосами,1
"Черемушки 10 квартал принималово желтый бус. Люди подбежали, сразу по педалям дали.",1
"Район новой линии, новая почта белый бус тцк",1
Примерно здесь на чёрных номерах крепят мужика (ул. Генерала Петрова),1
Будьте Внимательны!!! Район 3-7 ст Люстдорфсой дороги гоблин ездят по гражданке на синем Т5 и белый Н1,1
КП Дачное-выборочно останавливают в обе стороны,1
"Одна машина, двое зелёных и один мент ещё на Куяльнике",1
"Добрый день, в Татарке нет заправки шел. Есть Брсм и Питромол. Уточните где БП пожалуйста",1
‼ТАНКЕРНАЯ БЕЛЫЙ БУС ТЦК‼,1
"Менты возле терминала где магазины стоят жрут, это Пересыпь",1
Дополнение к генерала Петрова 27/3,1
Б.хмельницкого 17/13 возле,1
Желтый фольксваген т4 на польских номерах на Староконном,1
9я ст люстдорфски,1
Добрый вечер! аккуратно Слободка рынок прямо возле входа жёлтый бус и куча...,1
Одесса-малая замечены нацисты белый бусик,1
Теплодар сейчас пакуют всех!! Тцк менты сбу…,1
Тцк сейчас Теплодар срочно!! Гребут всех,1
Люстра на развилке ( на островке ),1
"Ленпоселок ""ВАЗ"" катается между общагами белый грузовой пирожок с черными номерами.",1
"Ваз,Ленпоселок,белый пирожок на чёрных номерах поехал в сторону 2-ух столбов",1
Генерала Петрова заправка Амик заехали за заправку тцк на сером хюндае,1
генерала петрова 5 возле 4 парадной желтый бус 3-5 шт рагулей,1
"Т5, h1 и рено поехали вниз по Генерала Петрова",1
"Дальницкая-колоническая мусора остановили парня,проверка документов,и обыск((((",1
"Радужный, возле 23 дома, скорая стоит. Не думаю что внутри скорая )",1
"Слободка, 3-й хлебзавод, парковка - бус с зелёными фашистами.",1
Столовая напротив новой почты менты пасут,1
Ваз ленпаселок общаги в дворах белый форд транзит на чёрных номерах с открытой дверью. Будьте осторожны,1
По генуезской со стороны ля Сильпо два тюбика бродят,1
Третья Люсдорвскоя сокар на трамвайных путях щимят парня,1
Дастер и бусик нациков на Таврии Маршал.,1
Б.Хмельницкого - ездит зелёный микрик Мерседес с гнидами внутри.,1
Таврия маршл построение нац гвардии человек 30,1
Отрада (желтый камень) менты пробивают пацана,1
КП Дачное-пиксель и леденцы прессуют парня,1
Стоят мусора при везде в посёлок Котовского (объездная дорога),1
"Объездная,камыши БП 5:40",1
Доброе утро уже с утра пораньше ездит бусин с зелеными около копейки/рынок Восход,1
"Александровка возле Ильичёвска, поликлиника менты",1
"Стоят мусора на перекрестке птичник-ветеран,как ехать на Санжейку.",1
Уехали в сторону Генерала Петрова,1
Б.Хмельницкого. белый пирожок на черных номерах. Внутри 3-4 пятнистых оккупанта,1
БольшевикБалтская дорога.Белый мерс вито.,1
Толбухіна в сторону мега дома,1
"Ленпас Синей хундай в доль линии поехал до 45 школы. Спасибо парню, дал сигнал все убежали. Братик Спасибо",1
На Салтыкова -Щедрина Слободка. Стоят черные. Ходят по улице.,1
"Ленпаселок шухер, катается синий бус",1
"головатова, люстра на пересыпь, разгоняли всех + тесла радар 2.11",1
"В центре Березовки возле входа на рынок, четверо фашистов и один полицай скрутили мужичка и тащат в бусик",1
"Полицаи заехали на ж/м Радужный, с включенной люстрой. Медленно едут по бетонке.",1
Бабичев Слободка Рено бус черные номера,1
"Набережная, правее от Желтого Камня, пляж Будда, на скамейке около 5 ментов, 17:55",1
Француз бульвар Муз комедия спринтер скорая помощь красный с крестами номера 112 едет в строну Ланжерона,1
"Ленпосёлок переезд возле базарчика менты, проверка документов.",1
"Окружная, заправка WOG, выезд с Посёлка Котовского собираются ставить бп",1
ОККО Окружная блок пост готовится,1
"Окружная, ОККО, выезд с Посёлка БП в сторону ямы",1
"ОККО объездная дорога, БП со стороны посёлка в сторону ямы!!!",1
А напротив на парковке Сильпо полиция,1
Окружная дорога Окко с поселка котовского блок пост,1
🆘Столбовая- Партизанская🆘 шманают парня. Белый бус на черных номерах.,1
Есть инфа что 1;2 и 3 будет большой шмон в Ильичёвске.,1
Восход Копейка катается Серый Хундай ВН2646КА ДЫРЯВЫЕ выскакивает к Прохожим,1
"Генерала Петрова возле Чохи Нюндай н1 остановили мужика,будьте осторожны",1
"ОТРАДА, черный бус с ТЦК за ними бус с ментами, подъехали к футбольным полям",1
"Бурлачья-Балка по ул. Центральной поехали ТЦК, выходят по дороге, ловят парней, проверяют документы",1
"Объездная,люстра камыши",1
Окружная БЛОК ПОСТ!!!! Шмон полный,1
Базовая служебные ворота Эпицентр 6:45 запокавали 2х ребят ОСТОРОЖНО,1
"Сзади Эпицентра 7 км как идти на Базовую, гиены перекрыли аллею бусом",1
"Пересыпский мост, чуть дальше от конечной 191",1
7-я Пересыпская в сторону поселка за светофором возле магазина с товаром для кровли 5 мин назад белый бус с зелеными тварями и белый пирожок на черных номерах проверяли документы у мужика черные слуги дьявола также присутствовали,1
"Б. Хмельницкого Смартлаб, как всегда две машины тцк, стоят на улице",1
Слободка район онкодиспансера синие т4 на чёрных номерах с пидорами внутри,1
"Генерала Петрова, около звездочки, 1 полицейский и 3 тцк",1
"Поворот на Нерубайское заправка брсм, сидят пробивают по планшету проезжающие машины",1
Подтверждаю поворот на Нерубайское БРСМ мусора по планшету водителей легковых авто,1
"Слободка, 3 машины тцк конвоем с интервалом 100м по улочкам",1
Эпицентр который на 7-ом км. На парковке два экипажа мусоров прицепились к мужику на машине.,1
Эпицентр 7 км парковка доебались до людей,1
Б Хмельницкого сейчас с переулка введутся,1
"Объездная камышы, стоит зелёный пикап, возможно будет б/п",1
1172 бус по объездной от Куяльника в сторону ямы поехал,1
Окко пересыпь заехали копы и пикап,1
Нерубайское ул Пионерская проехал серый бус Хайс полный ТЦК.18.34,1
Радужный два буса.,1
Радужный легавые,1
Радужный полиция заехала минут 5 тому,1
Окружная пост,1
По Генерала Петрова катается серебристый микроавтобус.Погнались за пацаном,1
"Доброе утро,ТО,! Объездная дорога спуск от ямы в сторону поскота стоит полиция!",1
"Менты сидят в машине, перекрёсток латовка брсм",1
"Черёмушки / 32 школа и рядом дворы, ездит белый спринтер /короткая база.",1
"Окружная, камыши, БП в обе стороны",1
Окружная камыши блок пост,1
Бугаёвская-дальницкая,1
Синий т5 курсирует по Молдаванке(стараконнфй рынок),1
"Добрый день. Слободка. Онкодиспансер - этот район, белый Бус Фольксваген Т 4 полный чертей, человек 6 кошмарили парня.",1
"Слободка, район базарчика, катаются по улочкам. Будьте аккуратны.",1
Главный вход в порт,1
"Ленпосёлок ТЦК патриотичнская,прячутся за угодами много окуратно",1
Пересыпьский Мост 16:30 в наливайку зашла полицейская мадам с папочкой и вывела с собой мужика призывного возраста не понятно куда увела...,1
По Генерала Петрова ездит синий Фольксваген бус с группой ЛГБТ и кошмар таксистов окуратно,1
"Возле АТБ на генерала Петрова бус,вышли тцк с него пошли ловить",1
Генерала Петрова 37/43 синий т 5 по дворам полный тцк,1
Белый Исузу стоит возле пионерской 20. Непонятно кто внутри. Осторожно,1
Рынок на Нефтянников. Патрулька стоит.,1
"Заправка Амик возле Таврии Маршал бус с вояками и ментами, кого-то крепят",1
"Маршал сити, атб заехал темно-зеленый бус с оливками",1
Одесса-Малая в сторону ЖД техникума стоит КИА с тцк в кустах,1
"Ребята! Не ходите за кофем в Таврию Маршал. Надеюсь парень успел с кофем в руках убежать. ТЦК снялись с заправки Амик, обогнули мойку и чуть не приняли любителя утреннего кофе.",1
"Теплодар, заехали гости, форд транзит синий номера черные и мусора не свои, возможно пролетом, берегите себя!",1
Слободка катаются,1
возле БРСМ - два буса.,1
"Заправка брсм в сторону города, на радар",1
Таврия маршал напротив входа ближе к заправке стоит серый камуфляжный бус Фольксваген,1
Ленпас тцкуны в поле поехали по пасадке я сторону эпицентра,1
"Повернули на Радужный, срочно Синий т5, 16:10",1
Мотобат в сторону 7 люстдорф 2 штуки,1
Радужный синий бус фольцваген полный тцк останавливается вдоль дорог и щимят мужчин. Очень осторожно!!!,1
"На въезде с Киевской, за БРСМ, фен!",1
"Грушевского-Нефтяников, на перекрестке дтп, копы на месте не БП",1
"Сквер обороны Одессы Новая почта недалеко от админ суда стоит камуфляжный бус на зелёных номерах, возле него 1 по гражданке трётся, осторожно",1
Грушевского-Нефтяников ДТП.,1
"Синий бус 1137 по Б.Хмельницкого ловят пацанов,пересекая двойную сплошную!Берегитесь парни!",1
Вавилова перед поворотом ул Таирова патрулька и вторая ехала к ним наверное. Стоят просто,1
"Королева-апхитекторская, Черная Таврия, мусора чуть не приняли во дворе двоих. Успели убежать. Разозлились блюстители порядка по глазам и во двор залетели. Разочаровались!",1
На Сельмой Пересыпьской в сторону города на заправке 3 люстры пьют кофе.!,1
Пост  камыши Окружная,1
‼‼Метро в сторону посёлка БП,1
"Генерала Петрова, осторожно катается бус синий и заезжает водворы",1
"Белый мерс,бАрнаутская \Ришельевская,номера желтые АЕ,выскакивают на ходу по гражданке",1
"Генерала Петрова середина парка стоят,серый бус на пешеходном,тцк + менты.",1
"Слабодка,рынок,зае....ли крякать,уже 4го остановили",1
Авдеева-Черноморского синий бус фольксваген упаковали парня,1
"М. Арнаутская спринтер белый, менты и тцк крепят парня",1
"Ребята не ходите в сторону ЖД, их там море",1
"Авангард,Нова почта радар в сторону 7 км.",1
Ленпас ездит мотобат 2,1
"Генерала петрова района Сельпо во дворах пиражок белый с ТЦК, будь те акуратнее",1
Добрый вечер ленпас Белый бус и мусора катаються по пасадке,1
"Первая машина объезжает и из нее выходят 4-ро. Вы бежите вперед, а там вторая машина. Из нее тут же выходят и вы блокированы.",1
На таврии маршал мусорской гей движ человек 30,1
Синий автобус радужный ТЦК,1
Синий фольц целый день пасет район Черёмушки и Таирова. Быстро едят и выскакивают.,1
Таврия маршал 12 машин полиции. Будьте внимательны.,1
"Белый спринтер ВН3537 нацистов по шклярука, останавливают прохожих, двое зеленых, двое малолеток в чёрном и мусорша, берегите себя. Буйные приматы, выпрыгивают сразу",1
Генерала Петрова 49 тцк. DNN 509. Мерседес зеленый,1
"Генерала петрова 49, (наклейка НЕ ТЦК DNN509) он всегода туда вечером приезжает. Раздачи нет. Ложная тревога",1
"1 заехала во дворы,вторая стоит на въезде во двор,останавливают!",1
КПП Дачное-в сторону города планшет,1
"Радужный 16 проезд между 12 приехала патрулька ментов, номером 0208, высадила несколько лиц, с кем то общаются",1
"Привокзальная мимо макдрайва проехала зелень на легковушке, евробляха, смотрят по сторонам.....",1
Б..Хмельницкого смарт лаб. куча мусаров и тцк,1
"Серебристый Тойота хайс на чёрных номерах,Слободка Винеченко в сторону 11 больницы.",1
5 минут назад Слободка улица Винниченко Рено кенго и бус,1
"Объездная камыши после спуска блокпост всё ещё стоит, стопают не активно",1
"Мусора Слободка, катаются уличками",1
Сильно Генерала Петрова синий т срочно ‼,1
Генерала Петрова 53 два буса один синий другой белый катаются во дворах,1
Окружная дорога / возле Куяльника # Гоп Стоп #,1
Радужный по бетонке едут мусора в сторону выезда сундук,1
"Теплодар, менты возле маршрутки пасут",1
"Добрый день! На Ленпасе 3 (три) поля, в каком именно поле уточните пожалуйста",1
Ленпаселок поддоны приняли парня на сером бусе и в пасадке ехал белый дастер,1
"Одесса-малая на платформе один подозрительный зелёный, что-то усердно пишет в телефон",1
Адмиральский-Краснова,1
Ленпас ул.Умова везле поддонов стоят пристают к мужчинам,1
"Помогите парня отбить не доезжая остановки радужный, две патрульки ждут тцк",1
"Сити-центр аккуратно, Синий Т5 на черных номерах, 5 рыл в машине",1
"2 минуты назад белый бус Хендай, полный военных повернул на Шклярука. номера ВН 7122. Едут медленно. Аккуратно",1
"Вот тут 10 минут назад с буса вышло трое зеленых перед Сильпо, я выходил с Сильпо, залез во дворы, не увидел куда уехали, зеленый бус на Черных номерах",1
"Вони тут 10 минут назад с буса вышло трое зеленых перед Сильпо, я выходил с Сильпо, залез во дворы, не увидел куда уехали, зеленый бус на Черных номерах",1
Черная Таврия Аврора два амбала вылезли с машины один на телефоне. хз кто внимательно.,1
Всем доброго только что видели как один бус уехал забитый мужиками с тцк от остановки эпицентр. На смену ему поехал еще один по полю белый бус в сопровождении белого дастера,1
"КПП ДАЧНОЕ-бьют по планшету всех и во все стороны,километровые пробки",1
Радужный 22 менты,1
В Теплодар заехали гости! Будьте внимательны и берегите себя!,1
"Черная ТавриЯ,вовремя убежал,забррали водителя 148 м-тки",1
Объездная район Нерубайска заправка Мотто стопают менты,1
Объездная камыши БП в обе стороны,1
"Окружная дорога, камыши в обе стороны",1
Окружная дорога. Между Куяльником и Поселком БП в обе стороны,1
Ленпас Бородинская около парка упаковали парня. Аккуратно в том районе,1
"Доброе утро,ЖК Одесские Традиции,трое гиен остановили мужчину,трусят на документы",1
Степная поехали куры на белом фольцваген,1
Инглезии/ Обжора тцк гоняются за пацаном,1
"Черёмушки,красный бус Вито с фашистами",1
Генерала Петрова 48 стоит ментовская машина плюс подъехал синий бус с чёрными номерами,1
"Конечная 145, Радужный, нюхачи",1
Возле подъезда ленпас Серый хюндай пакуют,1
"Староконка, всем sos три буса кружат питухов пробитых",1
"Теплодар, район Лукошко и ощадбанка ходят двое в гражданке, в кустах бус с военными",1
"Теплодар, район Лукошка, ощадбанка. Ходят и бус в кустах",1
"Объездная дорога с Посёлка, ОККО,на заправке белый Мерседес мл с антеннами и мент ходит- бродит,17.30, возможно что-то намечается, аккуратно всем",1
Квадрат Скворцова-Шота-Авиационная. Катаются по кругу 2 буса серый фольц и синий хендай. Будьте осторожны в этом районе. 18:05,1
"Объездная с посёлка приус поехал и бус нацгвардии,возможен бп",1
Объездная с посёлка приус поехал и бус нацгвардии,1
Генерала Петрова 50 упал скутерист скорая полиция,1
"Рынок Восход, синий бу с оливками",1
"На выезде с Маршала, остановка, заправка VST, леденцы",1
Патрулька с включенной люстрой едет от Куяльника в сторону Посёлка.,1
Островидова опасно,1
Белый бус Ниссан 0915 поехал в сторону Эпика на Маршала 7.59,1
"Жолио-Кюри 64, 60, в целом Жолио-Кюри, второй день ездят ЛЮДОЛОВЫ:",1
"В Теплодар заехали гости, внимание 100% и берегите себя!!!",1
"Теплодар, Лукошко белый дастер крепят пацана",1
Серый бус полон тцк припарковался на 25-ой возле Мерри Берри. Зашли внутрь,1
"Черемушки 10 квартал, Белый Н1 в сторону 10 квартала по дворам",1
"Авангард, рынок, по фасаду два экипажа прессуют человека.",1
Стадион Иван слободка полиция остановила машину пресуют водилу.,1
Как ехать с поселка в город возле автосалона за заправкой брсм пост даи.,1
"По Б Хмельницкого поехал опель на польских номерах, хрен его знает кто. Будьте осторожны на всякий случай",1
"(Пересыпь ).. Аккуратно.. Вообще ребятки,берегитесь там!",1
Чёрная таврия Серый хундай,1
"Каманіна поєхал черний бус, внутри двоє мінімум 17.43",1
На Шклярука стоять 2 патруля на перехрестях,1
Зерновой-Зор,1
Добрый вечер) Подскажите пожалуйста обстановку по полицаям на дороге Новая Долина-Черноморск? Заранее спасибо добрым людям),1
Генерала Петрова 9 уже 3 машина заехала.,1
"Объездная поворот на Нерубайское менты в две стороны, стопают все что движеться",1
Улица базовая 7КМ белый бусик ловят. 2 минуты назад он был за эпицентром,1
Таврия Валиховский,1
"Серебристый Фольц-ваген катается по Жолио-Кюри 60, 62,64,будте Аккуратнее",1
БП камыши окружная,1
Синий бусик на чёрных номерах поехал сторону электрички на 1 застава Ленпас...,1
Генерала Петрова 37/43 поехали петухи на сером Вито катают дворами возможно поехали за Сильпо,1
Г южний центральна копейка докопались к парню 5 вояк и4 мусора,1
"Б.Хмельницкого 49, белый бус, две оливки и два полицая. Рядом с ними стоял парень по гражданке и кому-то звонил",1
"Сразу после того как написал сообщение вам, через 1-2 минуты уехали по Серова в сторону ул. Тараса Кузьмина",1
Две машины тцк поехали в сторону конечной электрички 1 застава ленпосёлок,1
"Со стороны Маршал Сити,метров 200",1
"Полиция с Кадорровки уехала по Королёва,номер 5845",1
Білий дастер 17:46 days tilі білий хюндай h1 нова пошта 15 Адольф залізниці,1
Серый вито справа от входа в сильпо на генерала петрова,1
"Ленпоселок кататься людоловы, возле школы 130 пристают к людям",1
Пересыпский мост стоит патрулька на аварийке а на тротуаре парнишка строит походу его щимят.,1
"ОСТОРОЖНО! Серый бус поехал по дворам Жолио-Кюри 20, 22а и далее..(внутри быдло)",1
Григорьевка(МАЯК). ПОЛИЦИЯ ЛОВИТ ПЬЮЩИХ!!! ЕСЛИ ВЧЕРА ПИЛИ НЕ САДИТЕСЬ ЗА РУЛЬ,1
Черёмушки 32 школа белый фольц тонированный в сторону 46 школы и далее дворами 10 квартал. 08:07 время,1
Renault kangoo и сзади белый volkswagen t5 погнали в сторону Куяльника,1
Заехал Таврия маршалл,1
Петухи Генерала Петрова 5 за Таврией!!!!крепят бомжей!!,1
Генерала Петрова 37 во дворах две патрульки стоит. Конфликт с женщинами,1
"Генерала Петрова Сильпо во дворах, чёрный бус с ТЦК, проверяли парня.",1
Черная Таврия за Авророй от табакерки потеряшка во дворе цинковал с банкой пива на раслобоне потопал в сторону соседей черные кроссовки шорты майка военные осторожно,1
Радужный между 5 и 7 джип военный и микроавтобус пустой,1
"Подозрительный Рено ""пирожок"" с черными номерами медленно курсирует по Шклярука, что-то высматривают",1
"День Добрый белая Тойота Хайс катается в районе Таврий Маршал номера 8817 будете окуратнее,тачка походу новая",1
поехали в сторону Маршала,1
Розселенец радар в сторону Маяк,1
"Трое в военной форме что были на староссеной замечены на привозной,возможно ушли на пантелеймоновскую",1
"К сожалению ничего сделать не смогли, но возможно это чей-то сын,отец и кто то будет искать",1
"Добрый день, не доезжая Маяк возле заправки wok стоит полиция и один тцк",1
Радужный возле АТБ въезд/выезд заблокирован полностью,1
"новая почта 85, тцк с полицией бьет по планшету мужчину, мерседес белый спринтер, тцк трое человек, полицай 1",1
"19:01 Радужный, напротив атб патрульная машина",1
"Черная таврия,черный тонированый джип",1
Экипаж полиции и машина охранной фирмы на 9 ст люстдорфа с включенной люстрой пока непонятно зачем но пошли в Таврию,1
"Приват банк в сторону аэропортовского белый хюндай, выпрыгивают",1
Объездная дамба. На поселок люстра стопнула машину,1
Конечная 148 заехал белый бус с тцк во дворы Черная таврия,1
Объездная! Нерубайское! Напротив АЗС аккорд!!! Дерьмодемоны проверяли мужика!!!,1
Слободка тцк бус черный поехал,1
Нерубайское ул веселая принимают синий бус,1
Жолио-Кюри 21 Камуфляжное корыто стоит прогревается на парковке видимо живёт тут,1
"Ленпоселок, спринтер 3101 полный выродков",1
"Ленпосёлок большой,можно по конкретнее,где именно??????",1
Радужный возле мойки и Варуса,1
Генерала Петрова мерс спринтер жолтими номерами водитель по гражданке,1
Г южний старая копейка висадились 10 человек,1
"Ленпас ВАЗ серебристый бус фольксваген со шторками, внутри пиксель",1
Одьехала вторая машина полиции заехала во двор 59 к дома,1
9 ст люстдорфа полиция напротив Таврии,1
Дастер полный ментов заехал на Радужный,1
Легавые в Жк Радужный с бортовым номеро 0317,1
Каждый день по Ленпаселку катаются мусара и с ними бусик. Будьте осторожны. Люди об этом не пишут,1
"К посту про ленпоселок и заставу, люди много о чем не пишут, тут понаехало непонятно что в большом количестве и их похоже это не сильно беспокоит, сам лично видел фашистов с 6 утра на районе (1 застава), просьба к местным жителям которые все ещё надеюсь что есть здесь, будьте как-то активнее",1
В Теплодаре гости!!!!,1
"Днепропетровская дорога, 108,магазин Троица,стоит белый бус,номера-Н-047007, много зелёных нелюдей, шестеро пьют кофе и ещё в машине сидят.Берегите себя!",1
Перед Ильичёвском со стороны Санжейки ДВА БП:,1
2 блокпоста подряд между Ильичёвском и Санжейкой,1
Генерала Петрова напротив Сильпо серый фольц бус,1
"Радужный в поле забрали человека, серый H1",1
"Объездная дорога, поворот на Нати",1
Вокруг староконного рынка крутиться пару бусов,1
Рено сандеро но обычных номерах поехали в сторону 1 станционной ленпосёлок,1
Теплодар полиция в две стороны,1
Авангард нова почта МУСОРА,1
Профилакторий (ленпоселок) скорая на черных номерах,1
Генерала Петрова напротив Амик прессуют парня 10:52 они на желтом бусе спринтер,1
"Грушевского-Нефтяников в сторону центра едет Т4белый с петушками приоткрытой боковой дверю,жарко в петушатне!!!будьте окуратны",1
Черная Таврия,1
Черная Таврия.ТЦК.ублюдки,1
"Ленинградское шоссе, выезд на Киевскую трассу (мост), а так же вьезд в город за БРСМ, контроль скорости",1
"Люстра поехала на Радужный 2,21 дом(12.50)",1
"Окружная WOG, возле столовки, стоят менты, пожрать наверное приехали. Берегите себя!!!",1
Менты зашли в магазин сильпо,1
"Генерала Петрова, 68, на парковку Смайла мусора заехали",1
Черти зеленые на парковке Сильпо генерала Петрова,1
"Возле вывески Рынок початок,выехал с глубины бус с гнидами,осторожно",1
"Радужный 2 в поле тцк, а также возле 21 дома",1
Полиция на выезде с Ильичёвска ( заправка Брсм) стоят нюхачи. В кустах.,1
10 линия на трамвайной остановке,1
Синий фольц до сих пор стоит во дворе Генерала Петрова 48,1
Белая Газель на черных номерах на кругу 10 и 9 троллейбуса на 25-й,1
Серый L200 на парковке Ситицентр посёлок,1
Киеввская трасса лесенка ближе к Брсм радар в сторону города,1
"Комитетска, Таврия так и стоит серый бус черный номера в теньке на парковке, от входа их не видно два пятнистых и марамойка вроде не активные",1
"Генерала Петрова 59а белый бус пакуют человека, номер 1172",1
"На Генерала Петрова, перед Сильпо, стоит бус с ребятами в пикселе..Берегите себя!",1
"Генерала Петрова напротив парка, магазин копейка, ментовская Машина, пасут выход из магазина",1
копейка пересыпь 3 патруля на мотыках долго стоят,1
"Две машины Рено белая и желтая с тцк, район поселка Дзержинского( Слободка)",1
"Эпицентр поселок, на стоянке два по форме, хз кто, но будьте осторожны",1
Пляж икра спуск к морю где лестница 3 оливки заметил что они где спуски лестницы к морю встречаю их там,1
Объездная корсунцы-красносёлка катаются ущербные,1
Пидоры дача Коваленко Таврия бус Ситроен 3лярвы,1
"Круг,море,мусора",1
Есть информация что завтра 12.07 будет облава в Коблево (море/село) ТЦК,1
Рядом магазин Копейка,1
На Объездной возле Куяльника ставят бп,1
07:40 ставят БП окружная камыши,1
"Станция Застава1, Ленпас, крики женщин на перроне, когото приняли. Аккуратно там!",1
"Окружная, озера. Полиция,И ТЦК",1
Бус полиции возле АТБ Маршал Сити,1
БРСМ по Головатого БП,1
"Іцхака Рабіна 33,во дворе 4 тцк и один полицейский",1
"Рынок Початок, 2 машины полиции воле столовой, как заезжаешь на рынок, прямо упераешься в них.",1
(Павла зелёного),1
Инглезии 12 серий т5 и за ним дастер выпрыгивают к пацанам,1
КП Дачное-выборочно останавливают в сторону города,1
"Две машины тцк только что заехали на улицу 1 Стационую, Ленпосёлок",1
"На окружнрй, Внизу после спуска на Куяльнике - выезд с пляжа - много мусоров. Дальше не пооверяли БП или нет",1
"На объездной где спуск к общественному пляжу куяльника, какие-то мрази установили шлагбаум и прорыли траншею под забор.",1
на радужный заехал оливковый пикап на синих номерах,1
Теплодар несколько полицейских дастеров катается по городу,1
Уже наверное не время но вьсёже Теплодар мусорелы носятся по дорогам и дворам. Приёбываются ко всем без исключения...,1
"Срочно Краснова-шклярука во дворах серый бус полный зверей, высматривают добычу",1
Ленпосёлок. возле штраф площадки тцк присуют пацана,1
"Ленпосёлок, Забрали парня",1
Бус с номерами 49 79 выехал с сити-центра едет в сторону города,1
Генерала Петрова 48 а серый т5 ездят с открытой дверью поехали на поле возле Амик,1
Бугаевка в укрытие проверяет док на против Таврия,1
"Авангард, новая почта мусора стоят",1
Нефтяники рынок и дворы рядом пиксель петух ходит зыркает,1
"Ребята внимание заехал синий рено дастер на улицу 1 стационую, ленпосёлок",1
Европейська/грецька 3 тцк і один поліцейський пішли по европейській у сторону жд,1
"Вечер добрый! Недавно пидоры зелёные и черные Ленпосёлок, возле кладбища - супермаркет Надежда!",1
Генерала Петрова Сильпо полиция возле парковки,1
Генерала Петрова сильно заехала патрулька,1
Генерала Петрова Сильпо 51 куча полиции на парковке!!!,1
ПИЗДУЮТ К АКВАРЕЛИ И МАРШАЛ СИТИ,1
ОККО заправка Окружная дорога в сторону города менты кофе пьют очень много,1
Остановка Экспострой в сторону Радужного уже серый бус с проверкой …… будьте осторожны друзья,1
Генерала Петрова 54 серый Вито пидоры с открытой дверью катаются по дворам,1
"Ленпосёлок, ТЦК заехал рено кенго на улицу 1 Станционную",1
Объездная напротив кладбища авария в сторону Киевской трассы. Пробка,1
Куча зелени 1-й Заливной возле ментовки,1
Пересыпь завод Сопротивлений радар,1
Добрый день! ТаврияСуворовский.ТЦК на стоянке перед магазином.,1
"Только что возле мегадома, новая почта 90",1
"Возле магазина Таврия ул. Недельна, не далеко от выхода патрульный полиции пьют кофе их машина рядом с магазином 9:25.",1
"Авангард, Лазурный проулок",1
Ленпас белый Хюндай с открытой дверью,1
Объездная за Вогом полиция.,1
"Радужный синий ситроэн,между 8 и 9 домом поехал в верх через арку,внимание",1
"Генерала Петрова, Табакевич, бус остановил людей",1
Авдеева-черноморского белый фолц поехал в сторону города,1
Темный бус с фольксваген пикселем проехал с ленпаса в сторону 1-й заставы,1
"Генерала Петрова, Копейка, где кальянная the loft. Менты выписывают что-то водителю",1
"Радужный, 17-й дом стоит патрульный Приус у парадной. Не видно, чтоб приставали.",1
"Пересыпь, под мостом дтп в город.",1
Три полицая на 9 ст люстдорфа говорят продавцом овощной лавки,1
При въезде в город Киевская трасса полиция радар район Лесенки заправка БРСМ,1
"Теплодар, мусорской Дастер с мигалками в районе гаражей (сейчас) катается пристает к машинам",1
"Теплодар, мусор кой Дастер с мигалками в районе гаражей (сейчас) катается пристает к машинам",1
Теплодар - всем сидеть на измене!!! Мусора катаются и организовывают пос внезапный.,1
"Стоят на Жолио-Кюри около Копейки, стоят на аварийках.",1
"Киевская трасса въезд в город возле заправки БРСМ стоят зеленые на белом Ситроене будьте осторожны,",1
Атб бочарова-днепро стоит люстра,1
Генерала Петрова 23/1 бус и дастер 7:25 активно,1
Генерала Петрова 23/1 duster и зелёный бус volkswagen,1
ТЦК стоит возле отдела ментов как ехать от Пересыпьского моста,1
8:40 по Б.Хмельницкого едет медленно бус фольцваген с черными номерами 1183,1
Слободка детская больница авария будет пробка,1
Генерала Петрова возле сильпо мент походу проверяет парней,1
"Ленпосёлок, по улицам ездить серый хундай h1",1
Доехал до седьмой пересыпьскоц какая-то тянучка началась но не сильная.,1
Генерала Петрова где сильпо за аптекой менты и вроде бы один заднеприводный тцк щимили парня но добрие люди не отдали его спасибо за то что остались какие люди бог им здоровья,1
"Один пиксель приехал на Бабичев ставок, может посмотреть кто там есть, или рыбаков сдать.",1
‼‼ Это где поворот на Аркад. переулок ( треугольник),1
Серый бус с открытыми дверями ездит в районе Староконного рынка,1
"Радужный 1 белый бус 1 военный и 1 по гражданке, не далеко 2 мента с папкой",1
Белый бус мерседес вито с открытой дверью повернул дельфинарию полный номер ке7137ак,1
Генерала Петрова напротив центра занятости бус с тцк 14.58,1
Левитана- Маршала возле АТБ пирожок с мусорами хотели крепить работяг которые снимали баннер но они в возрасте! Будьте внимательны!!!,1
Подскажите где на первой заставе Таврия,1
"Менты выезд с Маяк в сторону города, Петродолинское в сторону города радар.",1
"Запорожская-болгарская серй т5, с зади синий дастер, осторожно!!!",1
16:32 - Бус + полицейская на Сундуке Маршала выезжали,1
"Но как человек, который мгого времени провёл в Ильичёвске - то дикие названия улиц просто режут глаза...",1
Нет в Ильичёвске никаких:,1
"Но люди, жители Ильичёвска! Неужели у вас так коротка память? Или просто реально на всё пофиг?",1
"Хёндай серый н 5 с чёрными номерами поехал, Жолио-Кюри 64, 62, 60",1
"Хюндай серый н 5 с черными номерами поехал, Жолио-Кюри 60 62,64, ТЦК",1
"Полиция,Окружная дорога, поворот на Нати",1
"Доброе утро, Хлебодарское вторая остановка, стоит блок пост с тцк очень много",1
Бусик Юго-западный масив во дворах 9105. По дворах,1
"Перекресток Таврия Маршал, за заправкой VST на серебристом Hyundai staria, видели как выходили оливки и мент",1
Доброе утро. На Б.Хмельницкого возле смартлаба минты с мигалкой стоят и военные. Что там и как. На всякий случай.,1
В Совинйоне Люстдорф орудует полиция и СБУ ‍,1
Строителей 9 (остановка порт.общага),1
"Новая Слободка, церковь проезжал бус тцк",1
Таврия стоит один мусор с планшетом,1
"Сидите дома сегодня! Хлебодарское авангард великий дальник ленпоселок, особое внимание. Моргайте фарами на трассе. Не будьте безразличными. Сегодня двоих друзей а хлебодарском сняли с маршрутки. Берегите себя и близких!",1
"День добрый! Ленпас, Ж/М Добрый ближе к ""Кексу"" бегали по полю за мужчиной. К сожалению догнали. Повышенное внимание в этом районе",1
Стоянка эпицентр,1
На парковке какого именно эпицентра?,1
"Объездная дорога с Посёлка, ОККО,на заправке белый Мерседес мл с антеннами, зелёные мент общались с парнем на велосипеде, после чего благополучно запаковали его, велосипед в багажник затолкали. Берегись.",1
Вышел за сигаретами в ночной (3-я ст. Люстдорфа- местные поймут).,1
Гайдара-Терешковая белый бусик во дворах проверяли документы,1
Блок пост возле заправки-Балтская дорога переходит в пьяную дорогу,1
"Полиция стоит сразу за заправкой WOG, выезд с Поселка,в сторону Куяльника",1
АЗС Алькор на Днепропетровской дороге стоит патруль ментов,1
"С посёлка в сторону Куяльника за заправкой, полиция пробивает по планшету",1
"Срочно бп на камышах, объездная дорога",1
"Окружная, камыши большой блок пост",1
Черёмушки 32 школа в сторону магазина Свежачок. Мусора на Дастере дворами,1
Окружная дорога шакалы так и стоят в обоих направлениях.,1
"Мост пересыпь, пробивают мужиков возле наливайки!",1
Пересыпь конечная 191 маршрутки какой-то движок с мусорами будьте внимательны.,1
кия сорента на рынок Початок заехала,1
"Пересыпский мост,конечная 191 маршрутки - стоит люстра и общается с мужчинами на остановке.",1
"Народ, убедительная просьба... админы пишут правила не ""с балды""... Часто приходится катать через весь город от края до края. Это до 1,5 часов дороги. За это время ситуация меняется молниеносно. И читая в дороге из сообщений вытягиваешь саму суть.",1
ЖК Атмосфера. Курортный переулок инспекторы з паркування,1
Генерала Петрова 29 во дворе стоят мусора сидят в машине,1
Пересыпь в сторону поселка за здобушкой в черном,1
"Ильичёвская Александровка. На стороне Империи катаются мусора( ГСО) ХЗ,что хотят- Берегите себя.",1
"Радужный, заехал бус сталкер мимо 8 дома, сзади зевс охранная фирма",1
"Пересыпский мост, катается зелёный внедорожник с пидорами, аккуратно",1
"Возле «Аврора,нова пошта 13 и без переплат «",1
Объездная Хаджибей серьезная авария пробка в две стороны,1
"1 люстдорф, дворы за почтой, ходит зелень, видно одного, но мало ли",1
Мясолюб на Генерала Петрова. Полицаи приехали кушать,1
Из Ильичёвская в сторону александровки поехал mercedes коротыш 3101,1
"По Железнодорожной улице на Куяльнике,лазят 2 по форме проверяют доки.",1
На Окко объездная дорога посёлок Котовского БП много зелени и менты!!!,1
Мост Пересыпь белый спринтер на желтых номерах,1
"Менты Чёрное море Бугаз, не доезжая переезда Студенческая",1
Новый бус Киевский ТЦК-серый Хендай 4883.,1
"Авангард, новая почта, экипаж мусориньё.",1
"Б. Хмельницкого 23/Смарталб, стоят пидоры",1
Ленпас Ваз аптека 2 чмыря с мусором бегают за пацанами,1
"Пересыпьский мост, стоят гиен штук 30 и 10 чёрных, машин 5 стоят видно ждут пополнение машин",1
"Пересыпь аккуратно, заходят в подъезды, дворы, мужиков грузят сразу, мужчины сидите по домам не вылазьте, на Пересыпи сегодня жарко ‼‼‼",1
9.45 под мостом Пересыпь в сторону Поселка Котовского полиция пробивает документы у двух авто,1
"Черёмушки аккуратно, спринтер и Богдан полный оливок и маслин, кошмарят дворы.",1
Киевская тр.в город за брсм полицаи с феном.,1
"Генерала Петрова возле Будинок Праці подозрительная скорая и 3-4 типа по гражданке крутятся, смотря по сторонам, пишут в телефоне. Обходите, я прям чувствую что это они. 11:09",1
"Ленинградское шоссе, въезд в город за БРСМ, контроль скорости, выезд на Киевскую трассу, мост так же экипаж",1
Черемушки парковка напротив хлебзавода бус Н 1 сталкер,1
7ая пересыпь магазин пюре,1
Осторожно вокруг староконного рынка ездят чуть кореша не приняли. ВЕ4979ЕР,1
"Генерала Петрова мясолюб, рядом пятнистый джип, пустой",1
КП Дачное-выборочно бьют по планшету с города,1
Ленпоселок по северной серебристый вито,1
Тцк темный бусик ездит дворами генерала Петрова 27/5 поехал в сторону 10 квартала,1
"Добрый вечер,Б.Хельницкого,Смарт Лаб очень часто там Полиция и ТЦК..там конвейер привозят и отвозят....делаем вывод....",1
Эпицентр 7 ой км съезд с дороги поехал белый бус с Зеленью!!! Будьте аккуратнее. Всем хорошего дня,1
"Санжейка возле Ильичёвска, Hyundai и duster. ТЦК и машина полиции. Ездят ловят",1
"Полиция стоит на тротуаре возле бильярдный бывшей, напротив входа в рынок Черёмушки, по Генерала Петрова",1
Бунина-Преображенская 3 тцкашника выскочили на мужика. Не ходите там. орудует Мерседес спринтер на жёлтых номерах,1
"на парковке (там где дворы в сторону Сильпо) - 2 пиксельных козла ищут желающих умереть за коррупированную концлагерную дурку под названием ""Украина""))",1
"Ленпосёлок, улица 1 станційна заехал белый бус тцк",1
"Смарт лаборатория на Хмельницкого 23, два буса привезли пацанов на анализы, тудой не ходите, опасно!!! Пусть дырявые поцы в мульткаме и пиксели сами едут воевать!!",1
Друзья напишите пожалуйста что с БП на море на сейчас,1
"Бурлачья-Балка ул. Центральная, минуты 3 назад в центре возле магазина стоял белый бус Тайота, и куча ТЦК, тормознули парня, проверяли документы",1
На Ленпасе Юхима фесенко возле поликлиники курсирует былый хюндай ТЦК,1
"ул Шклярука 8 перекресток,прессуют мусора выборочно прохожих.",1
"Друзья, Ленпоселок, будьте акуратны, к Вам поехало очень много уродов, сегодня Ваш район по плану!",1
"Ленпас, очень много мразей ездит по улицам, высматривают дома.",1
"Которая маленькая таврия,стоит патруль уже пол часа,сидят в машине,высматривают по сторонам,аккуратно",1
"Актуально ЖК Одесские традиции со стороны Розетки, заехал белый бус 7627 Р5 хз кто, возможно ТЦК",1
"Доброе утро,ТО! На ваше усмотрение.Объездная камыши стоит непонятный дырявый Вито на неправославных номерах - возможно просто стоят, а может и прицеливается ставить БП или нет",1
Перед въездом в Хлебодарское в сторону маяк стоят три леденца,1
"Темный джип на черных номерах припарковался между Днепропетровская дорога 111,6 парадная и магазином продукты",1
Генерала Петрова 1 возле приёмке вторсырья стоят полицаи внуки нацистов приехали брать дань или откат и высматревают жертву для зелёного макоеда! Одесситы будьте внимательны!!!,1
Вся Слободка и новая Слободка,1
Столбовая-Новикова зелень проверяют парня на остановке.Бус темный фольц,1
"Черёмушки, вокруг 69 школы на чёрном бусе, на 11:05",1
Староконка,1
"Альтаир-1 55/2 корпус 5, напротив дома стоит полюция, поймали кого-то, 2 девушки стоят возле машины с ментом",1
Мусора известковая-пьяная спрятались,1
Генерала петрова возле смайл полиция тормозит,1
Генерала Петрова 50 через двор черный Мерседес Вито,1
Артура Савельева возле Сильпо черные щимят водилы бмв,1
Нацгвардия по Шклярука,1
"Філатова, біля 83 відділення нової пошти, 22:35, бусік темний",1
Блокпост объездная окко,1
Окружная око в сторону города уже стоит блокпост,1
Поскот объездная,1
Окружная Окко в две стороны БП,1
"Радужный 15/4 рампа варуса, стоят черные",1
Поселок Таврия блок пост туканы,1
Напечатайте пожалуйста сегодня будет облава пос.Шевченко...Жолио-Кюри частный сектор...Карсунцы(Палермо),1
Бабичев ставок пикап цвет хаки.,1
"Ул. Степная, конечная тролейбуса ТЦК",1
Скорее на Пионерскую,1
Шклярука/Лунина/пограничников,1
"Генерала Петрова 51,Сильпо ТЦК серый бус,2 машины. Актуально на 9:55",1
Синий Дастер и серый Фольксваген на черных номерах возле Сильпо на генерала Петрова,1
"Генерала Петрова, Сильпо/ Жек синий дастер и белый бус катаются",1
ленпоселок возле рельсов. хундай белый тцк и белый дастер. кружляют по району.,1
Ленпас белый бус и дастер поехали по вет. Труда в сторону поликлиники питухи,1
"Думаю будет кому то интересно. В 10 утра где то в Великий Дальник заехала маршрутка на черных номерах с кучей военных! Человек 10 было в маршрутке, поехали в сторону школы там где 1 отделение новой почты по Б.Хмельницкого.",1
Спасибо людям на Ленпаселке ( Ваз) что отбили парня от красного буса.,1
По ленпасёлку менты катаются,1
3 люстдорфскаяивозле сокара авария,1
"Чёрная таврия - Аврора. Проехал бус охранного агентства (скорее всего Зевс), но внутри сидят ТЦКашники",1
"7-Небо упаковали парня берегите себя и смотрите по сторонам, старая Таврия",1
Черемушки внимание-белый короткий Спринтер 3101 курсирует медленно,1
"Теплодар Лукошко, гости, всем аккуратно!!! Берегите себя!",1
На Генерала Петрова белый хюндай охотятся между домами,1
"Окружная, камыши, собирается БП",1
Генерала Петрова стоят менты внутри не кого нету актуально на 9:22,1
Серый фольц 91-05 по ваирненской от 25-ой дверь открыта,1
"Слободка,в районе кладбища,",1
"7 км, с базовой на рынок заебал бусик Сталкер",1
"Корсунцы-красносёлка внимательно свет, страховка, ремень, перегар, резерв, наглые до безумия",1
Радужный возле атб люстра вяжет с пидорасами пацанов,1
Генерала Петрова 11/2 катаются с открытой дверью фольц.Т5,1
Генерала Петрова 1 ТЦК дворы,1
"Пять минут назад замечен знаменитый мерседес с немецким флагом на борту, возле староконного на Кутузакия, похоже пасутся в этом районе",1
"Генерала Петрова, между 70 и 66 домами две машины шуцманов. Цель визита непонятна.",1
Поселок ОККО Объездная тцк,1
Доброе утро! Объездная дорога ОККО блок пост в обе стороны,1
"Переезд Ленпас, белый Хайс тормозят прохожих",1
"Ленпас большой,какой именно переезд?",1
1172 серый бус поехал по Авдева в сторону Шклярука,1
Генерала Петрова 1 возле приёмке вторсырья Нацисты на белом бусе! Они чередуются с мусорами! Одесситы будьте внимательны!,1
По поводу поста на Генерала Петрова 1 возле приёмке вы админ зачем вырезали моё сообщение?,1
Генерала Петрова один во дворе возле новой почты тцк кого-то щимит,1
Люстра заехала в Радужный,1
5 минут назад белая машина вторая станционная район от ВАЗа до переезда скорее всего ездят по улицам.,1
"Ленпасёлок, новая почта 15, металлолом, 20 мин назад, тцк на сером пирошке",1
"М Арнаутская \ Свердлова 4 мусарёнка, без оливок, цинкуют перекрёсток. Водители будьте на страже!",1
"Напротив Эпицентра на остановке стоял бус жёлтый, Мерседес Вито и комуфляжный проверял документы у людей",1
Радужный 16 проезд между 19 - ходят два кренделя в черной форме с каким то бумагами.,1
"Таврия Вузовскпя парковка, вижу нескольких зелёных, но какого то движения особого нет",1
копейка пересыпь,1
КП Дачное-тормозят в сторону Киева,1
На Ланжероні близько 10-15 ТЦК стоять,1
"Только,что генерала Петрова Сильпо с стоянки поехал ни то Опель виваро ни то Ниссан примастар в темно сером цвете за рулём два мордоворота с бородами поехали в сторону радостной номера евро",1
"Дача Ковалевского-Долгая,мусора крякают,уже третью машину зажимают по счету...",1
ОККО окружная бп на сейчас с Посёлка.Много зеленых,1
Доброе утро блокпост Объездная с посёлка Котовского за кладбищем на заправке око,1
"Санжейку, ост. Маяк. БП",1
Катаются по Генерала Петрова 2 буса: спринтер и хюндай,1
Пидоры на белом hunday H1 белого цвета заехали во дворы Генерала Петрова 37/43,1
Киевская трасса новая почта Черный джип и бус,1
"На территории 10 больницы возле входа стоит золотистый Рено Клио, только подъехал. До этого там стоял бус серый на военных номерах, видимо на влк привозят. Берегите себя!",1
"Степная в сторону переезда, Дастер и белый бус остановили машину пробивают по базе",1
Белый бус катается во дворах на юго-западном,1
На юго-западном во дворах за сельпо только что приняли мужика белгус,1
"Насчёт Куяльника - всем спасибо,парнях отпустили!",1
"Доброе,радужный много",1
11.30 АХТУНГ!!! Только что проехала Хайса и Дастер по Шестой улице в сторону Четвертой улицы. Менты и тцкуны. Это ленпаселок район застава-1,1
Таврия маршал белый бус с,1
"ТЕМНОсерый вольсваген транспортер через дворы начали движение прямо сейчас в радужный, в бусике мусора и военые",1
Магазин ствол не доезжая до Радужного стоит бус белого цвета с зелёными гусями полный бус,1
"Ленинградское шоссе, въезд в город, новая локация, между двумя светофорами, между БРСМ и ШЕЛЛ, контроль скорости",1
"Пересыпский мост,""Аптека от склада""опасно",1
"Генерала Петрова 17,во дворе у гаража серый Фольксваген т4 с надписью сталкер",1
"Людоловы на сталкере полежали на лененградской посмотреть где уебало, развернулись и поехали вниз к староконному",1
Вторая проходная порта,1
Мост Пересыпь авария мотопетухи на месте,1
"Добрый день,сельпо на генерала Петрова,стоит потрульная машина внутри сидит девушка,тцк не видно но все же!",1
ДТП Пересыпь,1
Пересыпь конечная 1 трамвая патрулька стоит,1
"Окко, окружная выезд с поселка, 2 мусора и 1 вояка минут 25 держали серую тачку 3959, вроде отпустили в 20.00",1
Центр-Пересыпь-Лузановка много патрульной полиции кружляет в во всех направлениях.,1
"Обжора на 25й, 4ро мусоров остановили парня на машине, окружили.",1
"Иличёвский порт ВСЕМ БЫТЬ ВО ВНИМАНИЕ ЗАВТРА БУДУТ ОБЛАВЫ, пятнистые будут заходить с проверкой",1
Окружная дорога КБК мусора уже прятались,1
‼ Ильичёвский порт облава!,1
Блок Пост в обе стороны (человек 20) Окко Окружная поселок,1
"Каманина-Литературная-Каманина, поехали по аркадийскому переулку белый фольцваген Т4 на черных номерах с ТЦК, медленно",1
"Александровка,ОККО, та что возле Ильичёвска очень много пидоров",1
Золотое Рено выезжает с Шевченко в сторону Куяльника,1
Ильчевский порт. 2 и 3 проходные полно зеленых и черных!!!,1
За БРСМ фен по киевской,1
Белый бус hyundai на юго-западном возле Сильпо опять курсирует,1
Белый бус hyundai дворами на юго-западном кругами катается аккуратно пацаны,1
"Черная Таврия конец 7,12 тролейбуса,стоят ТЦкуни на парковке у аптеки enter",1
"Те что шли от ришельвской-бунина, сейчас возле двух шагов на Ришельвской 26.",1
По юго-западном катается белый бусик с надписью национальная гвардия аккуратно,1
"Возле дороги серый вольцваген с приоткрытыми дверями остановили мужика-отпусили, поехал в сторону Маршала",1
Бурлачья-Балка возле Рыбного-порта ТЦК.,1
"Таврия Маршал, толпа зеленых",1
Поворот на Гидро порт будьте осторожны,1
Киевская перед брсм люстра возможно будет радар на 15:30,1
Вторая группа стояла справа от Тараса.,1
Одесса-малая перед ЖД путями стоит белый бус Фольксваген. Рядом трудится 3 рыла в зелёных жилетках,1
Золотистое г**** на евро-блях как выехал с территории пионерлагеря молдая гвардия,1
Конечная 150 мото патруль щимит всех кто припарковался на островке,1
Катаются по дворам в бусике Генерала Петрова 27/3,1
"Островидова Ктрха. Белый спринтер, желтые номера тормознули кого-то на пешеходном в главного входа в кирху",1
Парковка Сильпо,1
Генерала Петрова около Сильпо на парковке машина полиции стоит пустая.,1
Ребята только что не Генерала Петрова возле Мясолюба ТЦК за парнем бежало остановились и выскочили как спортмены побежали...я тоже по педалям дал так что будьте осторожны,1
Возле Море пива,1
Мин 5 Белый Бусс упаковали Парня.Кишеневская за копейкой уехали в сторону Днепропетровской.,1
Таврия возле цнапа стоял бус,1
КП Дачное-очень много полиции бьют по планшету в сторону Одессы,1
В районе 25/3 катаются поехали к генерала Петрова на сером хюндае полный зеленых,1
"Черемушки, дворы/ 32 школа в сторону Генерала Петрова, 2 буса, серый Н1, и серый Хайс на черных номерах",1
"Окружная, поворот на яму готовят блокпост, золотое Рено гавно и ментяры уже стоят",1
"Окружная поворот на авторынок БП,Мужик на фуре который моргал верхними фарами ты КРАСАВЧИК",1
Белый дастер на белых номерах на против 10 больницы слободка пристали к мужику в парке,1
"Юго-западный, белые хёндай Н-1 и Caddy катаются по дворам.",1
Жолио-Кюри 21 во дворе стоит камуфляжный паркетник внутри никого,1
"К сообщению ""Юго-западный, белые хёндай Н-1 и Caddy катаются по дворам"" и ""Белый бус и белый фольц полных ублюдков и мразей. Курсирует  здесь""",1
Выезд из Ильичёвска на пятиминутку стоят с леденцами,1
Парковка сильпо. Юз массив.,1
В Ильичёвске по всему городу полно тцк и полиции,1
"‼‼‼ КОШАРЫ ДАЧИ, АККУРАТНО 2 АВТОБУСА ПОЛНЫЕ ВЫВЕЗЛИ ‼‼‼НА ДАЧАХ ИХ МОРЕ! БЕРЕГИТЕ СЕБЯ...",1
12-Фонтана ездят черти с открытыми дверями сидят минимум трое,1
И далее видимо во дворы за магазином СТВОЛ заехали,1
Т5 зелёного цвета в сторону Шустова со стороны Пересыпьского моста номер 199G,1
"Хлебодарском, нова почта пикап на чёрных номерах каждое утро кофе жрёт на заправке",1
Жолио-Кюри 26 два буса с военными.,1
"Станция одесса-малая. Возле Наливайко возле путей сходняк каких-то подозрительных мужиков по гражданке, штук 8 примерно.",1
"Ленпоселок, катаются ТЦК и МЕНТ, осторожно, машину не заметил",1
Темный бус с надписью сталкер поехал в сторону Теплодара,1
"По Ильичёвску катается белый мерс коротыш мини спринтер 3101( они очень жестокие,пакуют и бьют если качаешь права) будьте осторожны и внимательны,берегите себя",1
Шклярука катается белый nissan,1
"Возле таировского ситицентра, с левой стороны, если смотреть на вход, стоит джип с оливками.",1
"Варненская-от 25ой до Филатого курсируют двое стандартных тцкашных буса белый и серый,ездят туда обратно,тормозят всех по бровке... аккуратно...",1
"Какая именно Копейка, их там несколько!!! Поконкретнее, пожалуйста!!!",1
"Данченко 17, через дорогу от военкомата. Около 10 мусаров и вояки. Судя по разговору получают наставления от главного.",1
Окко окружная подозрительные типы на бусе,1
Ленпосёлок улица станційна белый бус тцк,1
"Радужный. За китайским домом, авто ментов, вышли з бумагами. 8.00",1
АХТУНГ Черемушки осада,1
2 Столба-планшет и,1
Улица станційна Ленпосёлок заехали тцк синий дастер и мерседес вито,1
"Черемушки, дворы 32 школа в сторону 10 квартала: Дастер и Вито серый",1
"10:25 Ген.Петрова-Космонавтов по дворам ездит машина (серый Рено вроде бы) на черных номерах, за ней бус, высматривают",1
"Слободка, район рынка, серебристый н1",1
32 школа Черёмушки катается Дастер тонированный,1
"На генерала Петрова возле Сильпо стоит камуфляжный Л200, аккуратно",1
Пионерская,1
Ленпоселок по Бородинской в сторону авангарда приус с мигалкой,1
"Ленпосёлок,чёрный пикап,марку трудно различить, сзади курятник обтянут комуфляжной сеткой,в переди сидят две свинорылые туши.",1
Тцк по Киевский трассе чёрный джип спасибо тем водителям которые при обгоне предупреждают,1
Радужный белый спринтер полный зеленых. 08:30 возле Евы,1
Рынок Нефтяников возле ощад банка парконулся камуфляжный джип на не наших номерах,1
Белый бусик hyundai a5 курсирует по юго-западному между домами уехал в сторону первой станции,1
"Радужный, парковка между домами 16 и 13 стоит экипаж полиции.",1
"Радужный выезд АТБ перекрыт, утром на выезд уходит минут 30 минимум, планируйте выезд заранее",1
"Черемушки!!! Белый каблук с номером Н…, по дворам в сторону 10 квартала",1
"Одна тцкашная гнида раздавала вказивки двум пионерам, лет по 25. Один с планшетом, второй с папкой.Оба пионера коротко стрижены, без бороды, выглядят нормально, в белых футболках и голубых джинсах. На стандартных бородатых утырков не похожи.",1
Внимательно к этой машине и теперь на стреме и от нормального вида пионеров!,1
"Якова Бреуса номер буса 1118 Н5, выбегают проверяют документы.",1
"Теплодар, петухи около маршруток на рено",1
Не доезжая седьмого километра заправка БРСМ газовая стоят леденцы.,1
Заправка БРСМ на газовой,1
"Генерала петрова вход в рынок стоят пидоры зелёные, и мент",1
"Слободка осторожно, красный бус тайота не далеко от рынка тормознули парня",1
На Ланжероне группа полиции ходит и проверяют по планшету 20:24 возле двух Шаров,1
"Подъем на Куяльнике к яме, легковая жёстко влетела в фуру.",1
"Окко окружная БП в обе стороны, с ментами",1
"Пробка с куяльника на латовку, дтп люстра стоит",1
"Степная-Химическая, ТЦКашники на белом бусе, номера транзитные",1
"По Серова поехал БЕЛЫЙ vito уваленный в хлам. Аккуратно в том районе Староконного рынка, Молдаванка",1
Теплодар.Точка.Bmw серая.По гражданке.,1
"Въезд в порт,мост Пересыпь,толпа зелёных щимят ребят",1
Одесса-малая за переездом в кустах МЫШИ,1
КП Дачное- полиция выборочно бьет по планшету в сторону Киева,1
Пересыпский мост катается Фольксваген белого цвета бусик полный людоедов,1
"Радужный во дворе 5 дом стоит серый хёндай за рулем водитель, больше никого, кого-то ждет",1
"Слободка Дальновосточная черный вито, черный дастер,ездят зеленые фашисты 10.00",1
Дворы Генерала Петрова сзади Сильпо серый хюндай с Тцк,1
Черная дверь и Соренто болотное по обездной от укр нафты в сторону куяльника,1
Объездная ОККО только встали,1
Окружная напротив окко стоят тцк и мусора,1
Серебристый hyundai юго-западный район аккуратно ездит по дворам,1
1-й заливной и прилегающие улицы Белый Тойота Хайс короткий двое медленно ездить выискивают,1
Блок пост ОККО окружная возле Шевченко блок пост в обе стороны,1
"Серая тайота Хайс с полупокерами на Генерала Петрова между домами район Сильпо,окуратно.",1
Генерала петрова 48. Заехал серый вито с вояками,1
Группа тцкашникоа возле входа в гостиницу Чёрное море,1
Степная угол дорстроя серый Т5 штормит всех прохожих.,1
"11.56 Слободка от базарчика до сквера возле 11гкб Квадрат улочками катается белый дастер за рулем зеленый может военный,а может фашист быть на чеку",1
"Базовая, новая почта люстра",1
По обездной в сторону куяльника легковой зельоный мерс з гамном.,1
"На 10-фонтана авария, ждут ментов",1
"Эпицентр, въезд с Вильнюса прямо за деревом стоит один тцк",1
"К посту про Дерибасовскую. Не надо пугать людей, там они для охраны порядка.",1
Сейчас они находятся во дворе напротив Сильпо — стоит полицейский бус и машины ТЦК.,1
"Теплодар круг менты,стопают всех подряд",1
Рынок сити 25 две люстры,1
"Сундук, Таврия на радужном остановка две машины и ТЦК",1
Привокзальная. Макдрайв. В сторону центра поехал зеленый спринтер с зеленью,1
Привокзальная мак. Остановка 5 трамвая. Подозрительный зеленый. Пока один,1
"Курортный переулок, возле ЖК Атмосфера белый бус Мерседес- проверяли документы. Сейчас поехали в сторону ресторана Арарат.",1
Пробка в сторону Пересыпи. ДТП под мостом вторая левая полоса,1
"На шклярука бусик, аккуратней",1
Ленпаселок белый дастер проехал в доль линии в сторону 45й школы.,1
"7-я пересыпская в сторону поселка едет серый т5 не на наших номерах, будьте аккуратны",1
Супермаркет за Инто-Сана.,1
"Слободка, рынок, 3 пятнысиых",1
"Семинарская-Среднефонтанская, стоит весь зелёный, прячется за деревом",1
"7км, нова почта заехал несколько пикапов на чёрных номерах",1
"Таирова, кадры, Сильпо, стоит два буса с тцк, синий и красный",1
Десятая линия копейка детская поликлиника синий volkswagen полный забитый тцк стоят в тёмных углах поджидают с***,1
Объездная ОККО поселок ТЦК,1
Окружная выезд с Поселка Б/П в обе стороны,1
Стоят под Таврия в,1
Коблево КП на против Брсм блок пост Тцк менты останавливают всех,1
"Тупик Леваневского возле детской академии приехали гнидята,будьте осторожней",1
Генерала Петрова 49. Возле сильпо,1
Ильичёвский Порт. Возможно опять заедет СБУ и Тцк. Внимательно,1
Слободка в наличные переулки заехал серый раф 4й с тцк,1
"Черемушки 10 квартал,ездят по кругу",1
Выезд с Красноселки на окружную в сторону Куяльника ДТП менты на месте.,1
Это про пост про ЛенПас,1
Пидоры с ментами на Шклярука возле мойки,1
дтп Таврія Маршала мусора,1
"Перед БРСМ, киевская трасса, три патруля+ ТЦК",1
"Напротив Эпицентра, 7км",1
Эпицентр на остановке в сторону 7км стоят,1
Эпицентр мусора на остановке на выезд из города,1
"Старая столовая/4 суворовская ездит серый бус, два тцкашника и три мента внутри, а за ними синяя машина (не знаю точно какой марки) один военный",1
"Темно синий рено(старый) с чёрными номерами, ездит по Скворцова-Руставели-Ефимова-Бреуса",1
Ленпосёлок Доватора зелёный бус Вито ТЦК и Копы задули парня балоном ударили по лицу тот упал увезли актуально 21:40 окуратно ребята,1
"По поводу поста выше,тот кто хочет приехать на море,похуй та бронь,а вот экскурсия по тцк обеспечена будет",1
"Черёмушки и другие спальные районы, несмотря на выходные эти нелюди всё время катаются дворами, будьте осторожны!",1
Напротив Таврия В в сторону Николаева БП 9 зеленых и 2 мента,1
"Ниссан 0915 проехал Экспострой, поехал в сторону Радужного",1
Таврия маршал белый бус ЦЦК,1
"Данченко 17, через дорогу от военкомата, возле новой почты.",1
Студенческая блок пос чёрное море,1
Напротив рынка Черёмушки стоит синий т 5! Черные номера!!!,1
Слободка ли только))),1
"Черёмушки район рынка осторожно,меньше чем за час заметил зелёный бус напротив атб стояли,и мин 10 назад из общаг в сторону парка белый форд транзит на одесских номерах!",1
Поломалась машина во втором ряду возле эпицентра в сторону поселка рядом менты,1
Повернули на Генерала Петрова белый и синий бусик,1
Ленпосёлок котельная вдоль железной дороги mercedes vito зелёный и skoda octavia универсал + патрулька стоят что-то ожидают актуально 21:36,1
"Походу Балковская-Маловского праня забусярили, после пристали к отцу с коляской и с женой. Отрабатывают район Дюковского. Будьте внимательны и осторожны! Белая скотоврзка а-ля Богдан на жёлтых номерах. Префикс АВ.",1
Мерседес вито грузовой с зелеными заехал на ранок початок новая почта 131 отделение 9:28 двоих точно видел,1
3358 бус во дворе генерала Петрова 7/1 7/4 пробивают,1
"Район староконного кружит белый большой внедорожник, на борту надпись поисковая за рулём зелёный",1
"Ленпосёлок, по улицам курсируют мусорские машины.",1
"от 76 школы в сторону Маловского- поехал белый каблук на военных, белых номерах",1
"На Б. Хмельницкого любит рассекать мерседес вито, на обычных гражданских номерах: ВЕ4979ЕР бойтесь его, у него на борту фашисты, водитель отмороженный националист, гоняет по встрече, хотели поймать велосипедиста, отсосали!",1
По Жолио-Кюри катаются фашистские свиньи на сером старом бусе с чёрными номерами.,1
"Хлебзавод (Слободка), актуально на 19:30",1
"Теплодар, мусора на пыжике заехали",1
"Радужный, парковка между 12 и 9а - какой то срач и крики.",1
Окружная дорога ОККО стоит блокпост,1
"Трасса Маяки-Одесса. Стоят мусора на выезде из маяк в сторону города, тормозят выборочно, с ними 1 зеленый.",1
"Срочно! Объездная арбузы будет блокпост, приехали мусора и три машины тцк!",1
Камыши БП окружная,1
Таврия маршал белый хайс 8814 катаетс!!!,1
Ленпаселок Юхима Фесенка гаражи серый хундай. Будьте осторожны.,1
Тцк на ленпасе Серый Хундай,1
Серый хюндай генерала Петрова на против АТБ,1
"Слободка, центральный вход в рынок перед остановкой - бус, там мент и военные",1
Ленпосёлок ул.северная тцк т4 Volkswagen белого цвета поехали в сторону магазина Надежда 11:35,1
"Ленпас, переезд, заезд на новую почту два бусика 1085 и 1036 стоят в тенёчке",1
"На Шклярука,возле Beersta целая группа ТЦКшников к 2 мужчинам докопались",1
"На Шклярука,возле Beersta целая группа ТЦКшников к 2 мужчинам докопались,они на белом бусе приехали",1
Пакуют мужика возле смартлаба на б. Хмельницкого 23. Менты и тцк,1
костанді 203 стоїть бус. Сидять 3,1
Киевский трассе возле нерубайска возле вога стоит машина с чёрными с люстрой внутри сидят двое цинкуют,1
"Экспострой, менты остановили на машине парня, багажник проверяют",1
"Саратская громада шмон по всей линии. Из формы выпрыгивают в шорты, под видом обычных ""мужиков"" начинают пресинг.",1
Окко окружная БП в две стороны,1
Б.хмельницкого.припарковано два спринтера черные окна подозрительно.внимательно с мотрим,1
Дастер белый на 9293 слободка где электричка черти катаются,1
"Слободка, конечная трамвая, возле церкви, трусят мужчину- ТЦК",1
"Б.Хмельницкого/Ватутина, зелень с черными на Мерседес вито серый 3299 остановили парней",1
"Слободка!!! Вокруг базарчика, очень много!!!ТЦК.",1
"Б.Хмельницкого курсирует синий дастер Рено и мерседес вито выскакивают к парням, парням быть внимательнее",1
"Объездная дорога ( поворот на 20 линию) авария и тянучка, не блок пост",1
Степная 54,1
Ментовской дастер 145 конечная маршрутка радужный,1
"Окружная, поворот на пьяную...ДТП не БП, полоса с поселка",1
Ленпаселок магазин 5.50. Юхима Фесенка шухер,1
Академика глушка 14 либо Ярослава мудрого 14 катаются во дворах на синем бусе,1
На Шклярука катается белый бус. Только что пристали к мужчине.,1
Слободка напротив базара ментовка тцк ( темный бус Рено),1
"Дтп генерала Петрова напротив мясолюба, пока нет ментов",1
(Рынок Черёмушки),1
"Костанди-Гаршина полиция на мигалках стоит, уже кому-то выписывают!!",1
"Жолио-Кюри 26, напротив станции Восточная ТЦК. На 16.00",1
Окружная дамба Копчики кого-то щимят,1
"Трамвайная остановка 11 ст. Люстдорфа,каддоры. Мрази прям на рельсах,спрятались за батискафами. Белый Hyundai 3358",1
Синий хюндай повернул в общаги ленпоселок возле 5.50 актуально 23:33,1
Окружная возле ОККО блок пост,1
"Степная,на заброшенном переезде менты.",1
АХТУНГ!!!!!СЛОБОДКА УЛ.ОДЕССКАЯ- бус гражданский тцк с мусорами крепят,1
Подозрительные скотоводы так же в районе детской больницы Слободка!!!!,1
Ленпоселок бетонка около полимера укртрансбезпека.,1
Эпицентр на главном входе 7км тцк пакуют,1
"Слободка 3 хлебзавод белый бус стоит с мразями часть из них зашли в магазин,остальные сидят в боксе.Будьте осторожны!!!!",1
Маслом стоят на остановке на против эпицентра в сторону 7км,1
"Добрый день, только что парня паковали оборотни и пятнистые на шклярука/ пограничников серебристый вито. Берегите себя",1
"Теплодар возле 24 военный нисан,не уверен что это пидоры.но будте окуратней",1
10 минут назад. Белый хендай. Пограничников угол шклярука. Пристали и ннагрубили офицеру ВСУ.,1
Жолио-Кюри 26 Копейка облава.,1
"Серый фольцваген ае5199сх поехал в сторону пересыпьского моста,со стороны поселка,будьте внимательны,проверяют документы",1
"Ленпаселок Корчма,зленый Вито,тцк",1
Заправка WOG окружная дорога три патрульных машины наверное будет блокпост,1
‼ Одесский порт облава!,1
"Объездная ОКО, стоит патрулька с включенной мигалкой",1
ОККО окружная блокпост в обе стороны,1
"Объездная окко, блок пост в две стороны",1
Объездная ОККО ТЦК тормозят,1
За БРСМ в сторону 7км БП!,1
Радужный возле 11 номера стоит мусорской спринтер перегородил выезд,1
"6км, за БРСМ в сторону 7км, поставили БП (копы и ТЦК)",1
На брсм на блок посту убежал парень от вас гамноедов,1
Брсм 6км,1
Кадоры (29 жемчужина )рядом за Сильпо пидоры черный бус с мусорами.,1
Сейчас. Бп брсм перед сахарным,1
7:50 Одесский порт центр прох,1
"Только что эти Пидори были Александровка та что Возле Ильичёвска, забрали мужика Видел с дома.",1
"Одесский порт, тцк + полиция",1
Въезд с таможенной в порт тцк проверка всех водителей,1
"Генерала Петрова 74, копейка, ДТП, велосипедист 200",1
Одесский порт на въезд и выезд тцк бронь или отсрочка,1
"Первая застава, улица прирельсовая возле железной дороги стоят мусора и тцк. Всем быть внимательно.",1
"Генерала Петрова Амик стоит полиция, сбили человека насмерть, не блок пост",1
На въезде в Одеский порт тцк + менты…,1
"Одесский порт, на проходной - таможенная пробивают по планшет, походу сбу, + зелёный, на армянской до проходной сидят",1
7 степная бус и полиция,1
"Радар, Киевская трасса за мостом в сторону города, перед БРСМ",1
Эпицентр под мостом возле пожарный части.,1
Белый 3358 1 ст Гаражи / Сильпо / Садик / киос - Опасно ‼,1
Все заезды и выезды в порт перекрыты тцк + копи,1
"Вход в порт, ходят в доль забора три таких хряка что окоп под них не вырыть, бежать они не смогут если что доганять.",1
... Порт Одесса проверка смартыонов. Сбу мусора... Всем Ahtung!,1
"ВХОД АРМЯНСКИЙ ПЕРЕУЛОК, ТЦК, (ВХОД В ПОРТ)!!! И МУСОРША С НИМИ!!",1
"Генерала петрова 9, 9а тцк белый хюндай н 200",1
Объездная возле авторынка,1
"Объездная возле авторынка остановили и проверяют документы,чуть дальше газ заправка еще одни -заправляются",1
Мусора катаются Невского-Куприна,1
Привокзальная люстра,1
Степная мрази без полицаев Рено пирожок номер залежный 1115 н5,1
"На против Ваза ленпоселок, мерси в то серебристый пробивают пацана.",1
Ваз ленпаселок за белым магазином мусара и не понятный тцкашник,1
Таврия Недельна синий ТЦК бусс отъехал куда-то 10:09,1
"Зелёный мерседес вито с белой полосой, сейчас возле центрального входа на Староконном рынке, со стороны Ленинградской...",1
Рынок Восход три душегуба возле копейки,1
"По окружной, за куяльником, не доезжая ОККО поворот направо на Шевченко стоят два патруля полиции с включенными люстрами",1
"Днепропетровская дорога 108 нацисты на бусе белом гнилом, и ещё пирожок рено и таврия болотного цвета.",1
Днепропетровская дорога 108 магазин троица тцка погнались за парнями разгромили магазин пакуют в бус,1
"Генерала Петрова магазин ""Перекрёсток "" дом 21,напротив большой мусорки. За магазином спрятались. Ребята будьте аккуратно!!!!",1
За пересыпским мостом в сторону поселка пробка до Плыгуна (1-й заливной если не ошибаюсь) - ремонт дороги,1
Движ национальной гвардии на Таврии маршал,1
таврия Маршал - 10 экипажей полицаев,1
За Пересыпью в сторону города за остановкой спрятались мусора,1
Жолио-Кюри/4 суворовская (пивоварня),1
Радужный 24 дом ТЦК,1
Сильно на генерала Петрова синий бус и по форме двое,1
"По Ильичёвску завтра намечается облавы чужими, инфа не 100% но будьте внимательны!",1
КП Дачное-проверяют в сторону Киева,1
7-е небо в полях менты катаются,1
Привокзальная мусора шмонают водил,1
БП ОККО объездная с Посёлка,1
Между Ильичёвском и Очистными в по направлению к Санжейке БП,1
"ОБЪЕЗДНАЯ, ОККО, БЛОК-ПОСТ 08:30",1
"Как ехать на Санжейку, после Ильичёвска перед отчистными. Отель квадро",1
Привокзальная 4 патруля на парковке,1
"Дворы генерала Петрова, за сильпо, серый фольцваген бус в 9.55",1
"Березовка, вторая школа стоять менты и тцк",1
Ленпаселок ваз чёрный митцык л200 по гражданке и баба мент. Будьте осторожны,1
Генерала Петрова 52 во двор заехал белый Рено Дастер с Тцк,1
"Рынок Черёмушки, белый бус H 3358 провереяют мужчину",1
"Рынок Черёмушки, чуть не упаковали парня, только что уехали",1
"Алтестово, базар, полиция з радаром!!!",1
"Генерала петрова 23/4 дворы, белый Дастер",1
Блокпост БРСМ,1
Какой именно брсм???,1
"Черемушки, белый н1, 3358, поехал дворами в сторону 10 квартала",1
"3358,ездит по дворам Генерала Петрова 27/4,поехали в сторону стадиона Генерала Петрова 27/5. Актуально на сейчас. Ребята берегите себя!",1
"Генерала Петрова 50 недавно упаковали парня, материализовались из белого в хлам тонированного кроссовера.",1
"""Чёрное море"", Каролина-Бугаз - полиция проверяют документы",1
"Ленпосёлок, базарчик возле кладбища 4 пидора прессуют парня!",1
"После шлагбаума на Куяльнике грузовик нацгвардии и построение человек 20. Вспоминая рассказы, могут пойти проверять документы. Осторожно.",1
Выезд с города 7 км блокпост планшет вторая полоса,1
генерала петрова 58 люстра,1
"Жолио-Кюри 62, сзади дома приус на люстре",1
"Аркадія, центральний вхід ТЦК чоловік 10 і поліція",1
Генерала петрова 56/2 стоят проверяют продажные шкуры,1
"Ленпоселок, ул.Северная на перекрестке 5 дорог (возле магазина «Вкусняшка») стоит патрулька, щимят мужика, стоят в темноте без мигалок.",1
Серый т5 звёздный номера Днепропетровск АЕ заехали во двор в сторону 10й линии,1
КП Дачное-проверяют в сторону Киева два мусора,1
Теплодар круг менты,1
По генерала Петрова черный фольц номер не увидел,1
Радужный 8 ( ближе к 9 дому),1
Остановка Эпицентр в сторону города Дастер полицейский тормознули водилу. Всем хорошего дня.,1
7 Пересыпь на остановке в город,1
7-я Пересыпская в сторону города мусорской бус на остановке,1
"Слободка, Наличный переулок ловят кого-то мусора на приусе!! Выставите!!",1
Черёмушки район 32 школы,1
"По поводу Белой Теслы вн7779 этот черт,катается по центру города в паре с мусорами и поворотами (дальним светом )показывает куда ехать,один раз он уже на ланжерона был замечен с ТЦк (скидывали сюда в группу )",1
"Два демона зелених стоят При входе в Староконний рынок, ул. Ленинградская",1
Генерала Петрова 44 в 12. 30 проехал белый рено. Катаются по дворам в этом районе.,1
"Киевская трасса, заправка брсм как ехать в город. Стоят много, тормозят выборочно. Выходят,аж на вторую полосу, чтоб остановить.",1
Генерала Петрова 37/43 двор бежал парень от ТЦК,1
Ленпаселок в сторону надежды белый хайс будьте осторожны,1
5:48 объездная ОККО БП в обе стороны,1
Перед Куяльником за окко БП,1
"Окружная,выезд с посёлка, ОККО,на 06:35 стоят в обе стороны",1
Люстдорф дор 170/1,1
"Староконний, чорний вито, серебристый мицик, двое з полицаєм зашли в базар.",1
"Доброе утро, маяки Таврия Тцк",1
Авангард окружная мусорилы в две стороны,1
Таврия маяки,1
"Каролино Бугаз, ст.Студенческая, заезд на Чёрное море Бугаз, БП. Проверка военно-учетных.",1
"Ленинградское шоссе, въезд в город с Киевской трассы, за БРСМ, а так же выезд на Киевскую трассу, перед мостом, экипажи контроль скорости",1
Ленпоселок горизонтальная серый джип митсубисши 4 тук и один полицейский катаються,1
25 Чапаєвская напротив кафе Мери бери две патрульки ментов пресуют мужика,1
Генерала Петрова на против 100школы забрали глово,1
"Авангард нова почта МУСОРА в кустах, радар",1
"На парковке Сильпо генерала Петрова 51 стоит зелёный крузак, аккуратно",1
"Круг 25й конечная троллейбусов - стоят пепсы, за ними вояки. Пока никого не трогают.",1
"Напротив ресторана Татарбунар встали полицейские на островке, может, буду останавливать",1
"Зовут Сергей, приёмщик из супермаркета Копейка. Уродам бой. Совести нету в уродов",1
"Генерала Петрова 15, стоит бум серого цвета, кучка ухилянтов пьют кофе! Удачи всем!",1
Генерала Петрова администрация ТЦК,1
"Генерала Петрова 27/5 и этот район, осторожно, заехал серый бус!",1
Сильпо ови тцк и мусора.,1
Овидиополь. От Сильпо в сторону больницы и по Колесниченко ходят по домам.,1
Генерала Петрова 50 белый бус Тойота через двор,1
Беляека в центре в сторону Маяк стоят менты,1
Полицаи на скорость с двух сторон где новая почта,1
Генерала Петрова возле мясолюб два патруля полиции,1
СЛОБОДКА. ПО УЛОЧКАМ. СЕЙЧАС НА САЛТЫКОВА ЩЕДРИНА. ЗЕЛЕНЫЙ МЕРС. ОСТОРОЖНО!!!,1
"Слободка, возле Таврии белый транспортер т5, останавливаться и выпрыгивают к людям",1
Вы про порт?,1
Генерала Петрова возле заправки Амик полиция проверяет прохожего возле дороги не ходите,1
"Шклярука угол Юхима Геллера белый бус тцк избивают мужчину, актуально 11:50",1
6877 бус по генерала Петрова едет! Аккуратно,1
"Біля кінотеатру Родіна,копи трусять хлопця",1
"Мост Пересыпь,""Копейка"" опасно",1
"Нати, как ехать к островку, местные поймут, Тцк докопались к строителям, 4 тцк и 1 мусор.",1
Пересыпь Сокар в сторону посёлка заднеприводные и заднеприводные стоят в сторонке в тенёчке справа,1
Сахарный-7я пересыпская. Перед сокаром грурппа зеленых. Мусаров невидно. Судя по всему сворачивают БП. возможен переезд на другую локацию,1
КП Дачное-два мусора бьют по планшету в сторону Одессы,1
Слободка оливки ездят,1
Слободка много военных машин и какая движуха берегите себя мужчины дорогие,1
"Окружная окко, собираються",1
Строительный рынок стоят менты,1
Остановились на остановке как ехать в сторону эпицентра,1
"Генерала Петрова 27/4 2 буса пакуют парня осторожно в этом районе, катаются",1
"Генерала Петрова дворы сзади Сильпо, тцк белый Рено пирожок",1
"7-я Пересыпьская возле копейки, 1 пидор по гражданке и один пидор в оливке",1
Юго-западный во дворах две машины вить и хендай,1
Окружная в сторону поселка поехала Рено,1
"7я пересыпь возле сто как в город ехать,3 инвалида в зелёном пристали к парню",1
Камыши объездная только что встали еле проскочил,1
"Окружная комыши это где конкретно, подскажите пожалуйста",1
Окружная в кармане где арбузами торгуют. В сторону поселка,1
Куяльнік в сторону паскота бп,1
Строительный рынок,1
БП окко окружная на Шевченко в сторону поскота,1
"Окружная Окко,в сторону посёлка,б.п,останавливают выборочно время 19;10",1
"За ОККО объездная, ТЦК тормозят, в сторону посёлка.",1
"Окружная в сторону Поселка БП,на ОККО,на 19:20",1
По Сечёнова катаються,1
Объездная заправка око блокпост,1
Поселок котовского окружная на окко блок пост,1
Два мотопатруля стоят возле Мини-маркета на Б. Хмельницкого возле бывшего магазина оружия. Вроде адрес 17/15.,1
За Сильпо на генерала Петрова 51 заехало 3 патрульки,1
"По поводу этой ситуации, на Генерала Петрова 49/2 приезжие домахались до местных и была поножовщина. Вызвали ментов и они гонялись за ними",1
2 буса и 2 полиции поехало в сторону Куяльника,1
БП окружная ОККО поселок,1
"10 линия, за магазином стоят тцк",1
"Пересыпь от моста до седьмой, есть инфа будет сильный шмон, дворы магазины, будьте бдительны!",1
Ахтунг. С частного сектора не днепродооогу выехал серебр. Бус тойота на черн номерах,1
Таврия Маршал. Справа от входа стоят пара пикселей и один по гражданке. Пока кофе пьют. Но все же. Будьте бдительны,1
"Генерала Петрова 48а, 12:20 - белый бусик, забрали человека с дороги. С открытой дверью подьехали и сразу со всех сторон подошли к человеку.",1
Объездная ( Хаджибей) авария - не ТЦК,1
"Радужный, выехал джип в камуфляже с номерами Одесса",1
"добрый день, бус на бунина-пушкинская",1
Слободка молчат ловят мужчин уже много упаковали а все молчат.,1
"Добрый день. Обьездная дорога. Перед ОККО, от куяльника, в сторону поскота - Мусора стопают",1
Окружная окно заправка менты!!!,1
"Окружная заправка окко, стоит полиция останавливают выборочно, актуальный час",1
Патруль повернул где декор хаус эпицентр,1
Блок пост 7км. Утром 8.00 привозят вояк на автобусе большом на крыше маскировочная сетка.,1
Ленпас в пасадке катаеться медленно дастер и серый бус хундай в по поле,1
Патрулька 1498 заехала на Радужный 15,1
К посту выше---Добровольского-Марсельская...Спасибо добрый человек чтотморгнул,1
"С поскота в сторону куяльника проехала люстра, киа соренто зелёный, рено клио золотистый.",1
"На Куяльнике осторожно, оливки дежурят",1
"Ленпаселок, Умова снимаю мужика на бусе белом",1
Ленпас поле забрали двоих... Актуально на 19:40,1
"Автостанция привокзальная,со стороны ЖД, серый пикап с людьми в камуфляже. Будьте внимательны",1
Какое конкретно поле на Ленпасе? Их тут 3 (три) штуки,1
Генерала Петрова Сильпо полиция,1
"Генерала Петрова, 51 - парковка Сильпо патрулька и стоят рядом, тцк не видно",1
Ленпас поле только что забрали двоих,1
Генерала Петрова 5 мусора штормят…,1
"Королева-Золотое Рено, 22:00 два буса военных, очень много",1
Окко окружная Пос кот. блок пост в обе стороны,1
Ленпосёлок улица станційна заехал белый фольксваген,1
Генерала Петрова школа 53 серый бус,1
"Сейчас на Суконке, Слободка пристают к гражданам",1
Генерала Петрова 70 возле парадной стоят 2 шакала по гражданке (могу ошибаться),1
"Слободка, наличные переулки, полицаи на патрульной ездят высматривают, рено помоему",1
Черёмушки щимят на таком бусике,1
"За тот случай возле гаражей на генерала Петрова,объехали и стоят и пасут,кого бы схватить,тот же бус,белый мерс вито",1
Ленпаселок возле бойни и полей не испытываете судьбу,1
Ленпас поле 2буса ездит,1
"Окружная в сторону поселка перед спуском по мосту стоят мусарн, с леденцом",1
Патруль переместился на парковку Ля Сильпо,1
Люстра возле Эпицентра (таирово) на против заправки,1
"Только-что с окна видел одинокого пикселя. Идёт дворами от Новой почты Экспострой в сторону Сильпо. Фото не сделал, так как узнают где я живу.",1
"Объездная окко выезд из поселка. Пробка из-за ДТП, не блокпост",1
"Хочу обратиться к водителям. Вот проехала бп под куяльником. Всем подряд моргала по встречке. Потом развернулась обратно ехать, и из потока машин только две моргнули. Будьте добрее люди.",1
Прямо под мостом Пересыпь в правом ряду стоит фура на аварийке.,1
Ленпаселок катаеться медленно дастер,1
КП Дачное-менты бьют по планшету в сторону Одессы,1
"Ленпаселок Юхима Фесенка общаги, нац гвардия ездит.",1
"Патруль полиции, в сторону города перед 7-й Пересыпьской",1
Зелёный бус на станции Одесса-Малая,1
"Подозрительная скорая без номеров, поехала от кабельного в сторону Моста Пересыпь, сигналила чтоб пропустили но сирену не включала",1
Слободка подозрительные гуляют возле базарчика на слободке,1
Будут ездить в зоне сильпо по кругу,1
Напротив БРСМ ушлёпки пристают к пацану,1
Окружная камыши расставляют БП,1
"объездна дорога, недоежая санатория Куяльника",1
Окружная камыши ПОСТ‼,1
Эпицентр седьмой километр.Окуратно,1
Інформація по поводу блокпоста на Куяльнике где именно?,1
Где конкретно блок пот на Куяльнике?,1
"К вопросу где конкретно на Куяльнике,стояли где продают арбузы но уже снялись",1
‼КП‼Дачное планшет пробивают каждую машину стоят на трёх полосах,1
Киевская трасса напротив БРСМ в сторону Киева (перед остановкой лесенка) патруль,1
"Вот вторая машина подъехала к серой Тойоте,которая задержали сзч.",1
Слободка много оливок,1
бугаевка таврия 2 машины к человеку вышли,1
"К посту по поводу Слободки на 8:50. Ребята, Слободка не маленькая, уточняйте хотя бы по какой улице вы их видели.",1
Генерала Петрова 52. Полный бус тцк в том районе во дворе,1
"Белый бусик 3101 катается от александрийской в сторону данченко, высматривают",1
"Генерала Петрова,белый хайс 8814 сейчас на заправке Амик",1
"Сахарова- Лески, авария",1
"Пересыпь, конечная 191, поставили бп",1
Ситицентр серый бус хендай Н1тцк стоит недалеко от остановки на аварийке. Конченые наверное по парковке ходят,1
Таврия рекорд стоит тип стучит по кнопкам телефон сечет кто выходит кто заходит 14:18,1
Одинокий тигристый с папкой эпицентр илличанка,1
Генерала Петрова 32 во дворе полиция! Аккуратно всем. Приехали по вызову но мало ли что,1
"Серый ВИТО медленно катиться по щорса, номер АI..",1
Сильпо генерала Петрова на парковке мусора ходят,1
РАДУЖНЫЙ. Внимательно,1
КП Дачное-бьют по планшету в сторону Одессы,1
Окно окружная,1
БП объездная дорого прям на против АЗС «ОККО» в обе стороны,1
Теплодар. от лукошко отехали с черными номерами в торну новой почты,1
Радужный 22 возле Блеск и Ведро,1
"Санжейка, остановка перед очистными как ехать с Ильичёвска стоят менты",1
"Стоят в сторону Ильичёвска, будьте осторожны",1
"Объездная,Камыши блокпост",1
Белый mercedes vito генерала Петрова 23 куда дальше поедет не увидел,1
Таврия маршал непонятные в форме на парковке на Ауди а6 евробляха один в гражданке,1
"Объездная камыши блокпост,в обе стороны",1
БЛОК ПОСТ КАМЫШИ ОБЪЕЗДНАЯ 10:00 В ОБЕ СТОРОНЫ,1
Два буса жёлтый и белый 4252 во дворах генерала Петрова 7/4 к 100 шк поехали,1
"Объездная, поселок Камыши в обе стороны БП и полиция",1
"Город Теплодар курсируют по улицам, серебристый Форд транзит.Муссора на окраине стоят",1
По радужном только что ездили 11.13 повернули на Маршал Таврию,1
Слободка (вьезд на суконную фабрику) чёрный мэрс вито. Две гиены штормят пацана.,1
Латовка брсм,1
Днепропетровская дорога 108 приехало 2 буса пить кофе в троицу.... Осторожно,1
"Лен посёлок ул, первая прирельсовая катается два дастера.",1
"Терешковой-Гайдара,в районе Шаурмы осторожнее будьте...там они всегда сидят копы и маслины +очень много ездят кругами звери...скажу так там вам с людей никто,не поможет...просто будут наблюдать...пишу из личного опыта.",1
Слободка опастность много военных.,1
"Вот возле этого кафе, Маршал сити ходит постоянно один, высматривае, сейчас зашёл внутрь.",1
"ЖМ Радужный, ходит ТЦКашник с папкой, будьте осторожны.",1
Т4 камуфлированный на парковке Эпицентра поселок боковая дверь открыта внутри оливка,1
"Ленпаселок,Ваз, недалеко от остановке два дастера (белый и серый), « общаются» с мужиком",1
"На конечной трамвая Пересыпский мост, и на пьяной дороге блок посты",1
"Одарія 12 тцк на спринтере белом, рядом мент ходит.",1
Днепропетровская дорога 108 троица два по гражданке мутные,1
Александра Кутузакия в сторону Серова белый хюндай,1
Слободка опастность,1
"Академіка фильтровать,мотобат.",1
Начало Марсельская-Ростовская припаркован белый дастер на чёрных номерах,1
Добрый вечер! Пересыпский мост Блок!!! В обе стороны на трамвайной остановке!!! Трамваи тоже максимум внимания встречают!!!,1
Бизнес центр Черёмушки. Оцепили общаги человек 6,1
Жк апельсин ходят тцк,1
КП Дачное-возможна проверка со стороны киева,1
"Днепропетровская дорога 108, т5 синий и киа серая возле ларьков ТЦК и менты по гражданке обходите стороной",1
Генерала Петрова за сельпо во дворе кого-то прессуют,1
Доброе утро metro посёлок напротив стоит в кармане подозрительный бус может быть блокпост,1
"Окружная, выезд с поселка Котовского, блок пост",1
Окко объездная человек 40 гнид,1
Александровка возле Ильичёвска. Начало Карла Маркса менты с тцк.,1
"Черёмушки ездят ухилянты бус Фольксваген т4 темный еаробляха, ищат вместо себя!!!",1
32 школа Черёмушки белый бус,1
Копейка Розенталь около восьми мусоров стоят высматривают что-то,1
"Бирюзовый Hyundai A1 и белый Mercedes Vito проехали мимо рынка на солнечной и поехали в переулок светлый, заглядывали на рынок",1
ЖК апельсин в переулке стоит люстра непонятно что она там делает,1
Курортный переулок тёмно-серый Транспортёр на чёрных номерах поехал в сторону КадоррМолла,1
"Пересыпьский мост, как ехать на посёлок, сразу за остановкой непонятный движ с мусорами. Че-то выписывают. Рядом стоит пикап на чёрных.",1
Радужный через поля белый вито с пидорами,1
"Проспект академика глушка 4 зашли в машину четвера и один полицай, поехали вглубь дворов в сторону 10 номеров актуально на 13:45",1
Таврия 3 ст куча тцк,1
Філатова Інтосана/магазин Сусіди,1
Два радара на киевской напротив брсм и за брсм на 16:30,1
Окружная поворот на корсунцы ДТП полиции пока нет,1
Днепропетровская дорога 108 подъехал белый джип дастер и серый н1 стоят у троицы пьют кофе уже поймали и посадили в бус двоих очень опасно обходите стороной,1
Со стороны шклярука странный чёрный Вито ВН 6040 ОО,1
Кп ДАЧНОЕ-планшет в сторону одессы,1
"Жолио-Кюри 60, через 31 линию 20:50 примерно остановили мужика жёлтый бус, девушка отпугнула ублюдков, мужик успешно покинул место событий, осторожно катают часто тут",1
Жолио-Кюри 26 во дворе полиция проверяют документы напротив четвёртой парадной.,1
Окко окружная много зелени будет бп,1
"Ленпоселок орудует белый бус. На Коминтерна, около церкви, паковали парня(сбили его с ног), но успел убежать. Поехали дальше",1
"Теплодар, на кругу стоят мусора, всех стопят",1
Возле жк апельсин 2 машины с тцкшниками и рядом с ними тесла серая ВН 4922 YA,1
"Теплодар, на кругу в сторону города полиция",1
"Мост пересыпь, будет пробка.",1
"Слободка, детская больница, полиция на входе",1
Днепропетровская дорога 108 тоица приехали людоловы с чёрными гиенами на кофе на бусе и каблук на чёрных номерах не ходите там ахтунг,1
"На заправка вог Пересыпский мост,",1
По генерала Петрова останавливаются и проверяют документы прям на ходу,1
"Слободка, по Гордиенко, в сторону кладбища, военный бус и машина полиции",1
"Забрали одного,во дворе генерала Петрова,за таврией,бус белый и типа кенгу",1
"Авангард, Нова почта, радар в обе стороны",1
Снова катаюсь по два буса во дворах генерала Петрова,1
"10-я станция Фонтананской дороги, белый Н1 3358",1
Генерала Петрова 35 заехал бус во дворы тон стёкла ели убежал там пятна зелёные будьте аккуратнее.,1
"🆘🆘🆘Школьный черный бус Мерседес,полный пидаrov, поехал в сторону 10ых номеров, рынок Регина..",1
"За кольцом от Сундука в сторону Таврии Маршал патрулька тормознула машину,стоят",1
"Очень много, машин 10 нац.гвардии и спринтера на Таврии Маршал.",1
"Атб на генерала Петрова,напротив Сильпо",1
"Ядова-Воробьёва ездят нацики, фонарё светят в лицо, ищут жертв",1
Объездная ОККО ТЦК полиция работают,1
Днепропетровская дорога 108 два буса т5 и н1 попили кофе стоят у налоговой высматривают жертву,1
"Генерала Петрова 61,Хайс черные номера,парня не догнал,красава!",1
Ленпаселок магазин 5.50 мусара,1
Объездная «Камыши»Блок пост.,1
‼‼‼окружная 09:35 камыши БП,1
Объездная дорога между заправкой окко и куяльником стоит бп в обе стороны очень много зелени берегите себя,1
Выезд с Посёлка - заправка ОККО (Спуск к Куяльнику).,1
"Королева-Архитекторская, разъезжают на этой машине. Тормознулм парня, но отпустили, видать доки были",1
"Днепропетровская дорога 108 очень опасно во дворах проехала рено золотого цвета, за ним белый дустер стал между табакеркой и троицой",1
Днепропетровская дорога 108 кинули машину 4 ушли пешком дворами,1
"Рынок Регина, белый бус принял человека.",1
АПТЕКА АНЦ,1
"Ленпоселок, Фесенко",1
"Въезд в радужный, менты дюдостают человека с машины, машина подперта желтым бусом Мерседес 17:07",1
"Въезд в радужный, менты достают человека с машины, машина подперта желтым бусом Мерседес 17:07",1
"Окружная поворот на корсунцы ДТП оформляют, полиция одна",1
Днепропетровская дорога 108 чёрная тойота тцк у магазина по гражданке один в белой футболке и джинсях лазит высматривет все вокруг возможно где то ещё есть,1
Таврия Маршал пакуют в бусик,1
"Днепропетровская дорога 108 два бусика запихивают всех подряд, также два мента с ними",1
"Объездная ОККО ТЦК, перед ними на мойке при выезде с поселка полиция тормозят",1
Таврия выезд с поселка возле Эпицентра стоит блокпост чел 15 проверяют доки,1
"Теплодар, на кругу мусора... с мыгалкой",1
"Аллея за эпицентром 7 км - ТЦК на сером мерсе бус! Базовая, со стороны заправки Окко",1
На поле между Ленпасом и 7 км. Пидоры щимят людей.,1
КП Дачное-проверяют в сторону Одессы,1
Золотое Рено выехало на охоту с Шевченко по окружной в сторону куяльника,1
Киевская трасса. Въезд в город. Заправка брсм. Тцк на джипе черном. Одеты по гражданке,1
Конечная 198 Слободка возле магазина кофе пьют.,1
"Пересыпь, мост. Перед конечной 191 маршрутки блокпост",1
Слободка ловят мужчин возле базарчика.,1
Днепропетровская дорога 108 подозрительные две машины обе тонированные ничего не видно стоят уже минут 30,1
"Днепропетровская дорога, 108. Там машины: чёрные, тонированные, и ещё два чёрных представительских буса заехали на территорию налоговой. Может быть, там СБУ или ТЦК. Очень часто туда заезжают.",1
Ля Сильпо бус на черных номерах Вольцваген....,1
"Добрый день,5 зеленых петухов и 1 петух по гражданке,напротив жолио-кюри 26 около стоянки,кто что-то жрёт чтоб ты подавился чмо,кто в собиле залипает",1
"Серебристый Мерседес Вито, в районе эпицентра",1
Темно зеленый бус DNN59 во дворах по Генерала Петрова,1
Генерала Петрова 48 а у дороги полицаи остановили тачку,1
Бочарова-Затонского дворами 49шк.мерс зелёный чемодан 4 тела.,1
Повниий бус тцк ЖК Апельсин зі сторони бісквітного,1
"Днепропетровская дорога магазин траш у входа, жирная свинья в военной форме, стоит пялит в телефон",1
Только что одна крыса тцк осматривалась генерала петрова прошел тридцать атаб,1
Таврия аэропортовсквя белый хайс с открытыми дверями уже кого то присуют 10.34,1
На въезде в город перед Брсм стоят с феном,1
Юго-западный за силипо синий бус,1
Катается во дворах возле садика / сильпо / гаражи,1
"Окко окружная выезд с посёлка, мусора кого-то тормознули 14:22",1
"Черемушки, напротив дома поиска работы, у входа к нотариусу два додика проверяют доки у мужчины.",1
Тцка 3 люстдорф,1
3 люстдорф утка и люстра у заправки в сторону центр,1
Серый раф четыре на польських номерах рынок початок ТЦК,1
7км эпицентр люстра и тцк зелёный бус крепят на парковке,1
Ленпас ВАЗ. 1 и 2 зелёные,1
Объездная дорога возле 20 линии/ на дамбе стоит полиция,1
"Пересыпский мост, копейка на Московской, у входа два пиксельных черта трутся, осторожно там, 21.36",1
Радужный между 17 и китайским домом стоит невключенвя люстра возле мусорки,1
"Радужный возле китайского дома, мусора, какой-то кипишь",1
Окружная дорога Хаджибей Renault Дастер патрулирует,1
"Вторая пригородная катается чёрный дастер на чёрных номерах, аккуратно",1
"Слободка,рынок,чёрный Мерседес Вито,проверяют парней",1
Ленпас. Тцк стоят возле кладбища (на библиотечной),1
"Косовская-Шота Руставели уже который день курсирует белый бус Рено и синий рено кроссовер, бус стоит сзади, легковушка немного подьезжает и окружают «жертву», за два дня две ситуации увидела",1
Одесса-поездная куча петухов ТЦКшных,1
Ленпаселок в доль ж/д дороги поехал фольксваген в сторону переезда,1
"Добрый день! Ленпоселок серый хюндай Туксон, прессуют мужчину",1
Где конкретно Ленпосёлок? Можете писать конкретнее,1
Люди в военной форме на трех машинах высадились на перекрестке Екатерининская-Греческая.,1
Возле 7 ого род дома киевский военкомат там всегда бусы,1
Александровка которая возле Ильичёвска. Мусора упаковали мопедиста. Мопед стоит на обочине Центральная возле виколена,1
Б.Хмельницкого зеленый бус,1
"Окружная дорога, с поскота ОККО на заправке человек 20 зеленых+ менты",1
"Объездная перед подъемом на красноселку стали полицаи и цкуны, берегите себя!",1
"Объездная, камыши арбузы - скорее всего разворачивают БП.",1
"Объездная, камыши арбузы - скорее всего разворачивают БП., в сторону посёлка",1
Окружная блок пост камыши,1
Генерала Петрова 50Аскрый Мерседес спринтер на белых номерах через двор 9:50,1
Возле администрации Генерала Петрова два бусинка с ТЦК сидят в машинах,1
"Генерала Петрова 50А тот же серый спринтер,отпустили мужика поехали во дворы к гаражам",1
"Мерседес вито старый на 5 значных номерах ездит по дворам Генерала Петрова 50, зелёный петухи, проверяют доки 11.58",1
Черёмушки 32 школа Белый Вито с Бендерами дворами ездят.,1
"Генуеская 3а, напротив Ля Сильпо ДТП в сторону 10-го Апреля. Пробка от 7-й станции.",1
Генерала Петрова 44 во дворах поехали шакалы будьте осторожны,1
"Генерала Петрова 44 повернули во дворы 54,52",1
Шакалы Генерала Петрова58,1
Генерала Петрова 48 а прессуют тцк и полицаи,1
Генерала Петрова 48 а приняли парня.окружили пятеро,1
"Рынок початок заехал белый бус Вито,",1
Мусора возле копейка пересипь,1
Генерала Петрова через дорогу от Сильпо полицай и 4 рожи пристают к прохожим,1
З ільфа петрова повернули яросла мудрого в сторону Таврії маршал хюндай біли1,1
Белый Вито Толбухина номера АИ дальше не увидел со стороны Сильпо,1
Ленпаселок бус сталкер поехал в сторону И.Моста будьте осторожны,1
"Генерала Петрова дворы сзади Сильпо, мент ходит по дворам фоткает и постоянно на телефоне созванивается.",1
Днепропетровская дорога 108 весь двор облавы,1
Днепропетровская дорога 108 на детской площадке два пикселя бегают за парнем 4 парадная также два буса один поехал к троице,1
Экипажи полиции катаються по Б. Хмельницкого. Медленно...,1
Днепропетровская дорога 108 троица много собралось тцк и полацаев на кофе не ходите там,1
3358 6:44 в сторону таврии маршал,1
"Орион, тцк и мусор, проверяют мужчину",1
По гражданке двое на остановке Адмиральский-Гераниевая.,1
Усатово-Нати у лимана похоже готовится блокпост,1
25 Чапаеаская салон BYD авария,1
ЛенПаселок ул. Горизонтальная где магазин вкусняшка на перекрестке. Катается белый бус.,1
Через дорогу от Сильпо на Портовой стоят,1
"Генерала петрова белый бус,",1
"Объездная, на подъёме на куяльнике дтп, фура въехала в отбойник, мусора на месте",1
"Осторожно,Генерала Петрова возле копейки,серый бус,3 оливки + мент",1
Возле въезда в порт какой-то движ мусоров как говна.,1
"Синий дастер черные номера по генерала Петрова, дальше уехал.",1
Черёмушки 32 школа опасно. Серый Хайс в сторону 10квартала с Бандерами,1
"Генерала Петрова 74 за копейкой заехал во дворы серебристый вито с тцк.Осторожно,целый день ездят в этом районе",1
Сьогодні катаються ці підари через кожних хвилин 10- 15 по Купріна,1
"Добровольского-Паустовского - возле сигаретного ларька белый бус - он товар привозит! Зачем писать, что это тцк??",1
ВН8814ТВ по Генерала Петрова 44,1
"Сквер истории футбола на Маршала один пиксель, паутина на локте",1
"Ленпас, северная угол горизонтальной белая Тойота, катаются и пристают у мужикам",1
"Пересыпь,крайне аккуратно,лазят очень много",1
Днепропетровская дорога 108 перекрыли весь двор пакуют всех по гражданке н1 серый мерседес вито,1
"22:30 примерно, серая Мазда на Киевских номерах, перекресток Жуковского-Преображенская, приняли типа, маски шоу.",1
ОККО выезд с поселка окружная блок пост,1
ОККО окружная блок пост в две стороны. Проверяют почти всех. Ехал и не одна машина не моргнула даже,1
Генерала Петрова серый Хендай 2646 пробивают парней!Аккуратно,1
Генерала Петрова хлеб завод серый Хендай 2646 пробивают парней!Аккуратно,1
Ленпосёлок улица Станционная белый бусик заехал ТЦК,1
По Б.Хмельницкого поехали мусора в сторону ж/д,1
Черёмушки 32 школа ездят мусора проклятые 8:49,1
Тцк объездная дорога камыши с 2-х сторон,1
Сильпо напротив ситицентра белый бус китаец вроде с упырями,1
"Камыши, БЛОК ПОСТ Объездная. Очень много ТЦК. 09.57",1
"Ленпоселок ул. Умова, белый Дастер тцк",1
"Днепропетровская дорога 108 ловят всех подряд два буса, экипаж полиции поехал вдоль дома",1
Днепропетровская дорога 108 подъехал рено на чёрных номерах зашли в троицу,1
Генерала Петрова 27/3 во дворе тцк,1
"Ленинградское шоссе, въезд с Киевской трассы, за БРСМ, а так же выезд с города на Киевскую трассу, мост, контроль скорости",1
"Ленпосёлок, Полимер на остановке стоит белый хайс с открытой дверью с ТЦК. Ждут",1
Уехал в сторону копейки на генерала петрова,1
Теплодар зелёный бус поехал вдоль свечек с оливками,1
"Киевское шоссе, напротив заправки брсм, люстра, останавливают",1
"Поверте что даже взрослые мужики, тихо офигевают когда понимают куда попали. В учебке как а пионер лагере а дальше пехота и штурмы, срок годности не большой.",1
"Нельзя так. У каждого есть сын брат отец муж,это может с каждым быть.",1
"Генерала Петрова,50-52. Гуляют 2 зеленых и черный. Очень аккуратно в том районе",1
Собаки зеленского на чёрном L200 Головковская- Бабеля. ищут жертву!!!,1
Киевская трасса мусора за брсм,1
Ленпоселок Улица Кмова угол Блока. возле машины некого не видно. может пошли труситб людей. будьте акуратеы время 09.45,1
"Днепропетровская дорога 108 тцк по форме во дворе, т5 серый бус",1
"Черёмушки. Посидите дома. Вчера отоварили тцк, сегодня облавы.",1
"Авангард, бакалея, новая почта - радар в обе стороны",1
"Днепропетровская дорога 108, там где налоговая заезжают снова бусы чёрные одна машина перекрыла двор по форме все",1
Генерала Петрова 50 прям возле подъезда во дворе проверяли парня серый бус хюндай,1
Остановка ЖД Слободка черный транспортер евробляха - ТЦК,1
"Два буса заехали на Дерибасовскую, на брусчатку",1
Киевская траса при въезде в город патруль с тцк заправка брсм,1
"Жолио-Кюри 26, станция Восточная ТЦК во дворе",1
"Пересыпский мост,возле ""Аптеки от склада"",планшет,по гражданке двое.",1
Пересыпский мост полиция в гражданском 3 человека проверяют документы у мужчин,1
Генерала Петрова 42 (море пива) две оливки,1
"Копейка Пересыпь три мента по гражданке бьют по планшету, один в рубашке.",1
"Проспект Шевченко 15/3, таврия в 18.40 катаются ТЦК во дворах серый вито",1
бусик с пиксельными около сильпо на генера петрова.,1
"Слободка, на сейчас в районе базарчика Н1 с тцк и каблук нацгвардии",1
Днепропетровская дорога 108 какие то машины тонированные стоят уже минут 5 ни кто не выходил,1
Юго-западный два буса тоета 8814 и белый несан грузят всех,1
Очень сильно кошмарят Черемушки.сам гулял с собакой и менты дворами ехали светили фонариком. Будьте окуратны,1
Господа. Что могу сказать. Черёмушки отгребают за вчерашний вечер. Посидите дома. Предупреждали же с утра,1
Ситицентр Таирово люстра,1
Объездная поселок блокпост возле окко,1
"Генерала Петрова 68А (копейка) пиксели в чёрном бусике номер 6113,был один в гражданской одежде",1
С седьмой станции люстдорф.дор.пробка огромная. НЕ СУЙТЕСЬ,1
"Ленпаселок осторожно, мерседес спринтер катается по улицам. Будьте осторожны",1
Ленпаселок в И.Мост джиб хундай на чёрных номерах. Будьте осторожны,1
"Трасса Санжейка-Ильичевск, полицай попрошайничает, тормозят почти всех, где елки в районе складов перед 2 заездом",1
Ленпас 45 школа возле рельс,1
Объездная тцк перед ямой посредине дороги со стороны посёлка,1
7е гебо выход к эпицентру через поля стоит серый т5 ждет добычу,1
Шовкуненко-Педагогическая серый хюндай о650,1
"7-е небо, амбулатория, стоит полицейская машина,машина охраны и рядом шарится шнырь в военной форме, лучше туда не ходить",1
Киевская въезд брсм мусора стоят на АЗС 16:45,1
Таврия в возле парковки в машине тцк выжидают обходите,1
"Вито серый металлик, жк апельсин, запаковали пацана и поехали в сторону чудо города",1
"Вторая линия, возле 78 школы, ТЦК",1
Белый зайчик по 25-ой,1
"Седьмой километр в сторону города возле ёлочек стоит серый серебристый тонированный бус. Может просто стоит, а может и высматривает пешеходов которые идут в эпицентр",1
Товарищи тусуются заправка ОККО круг 25 чапаевская-Космонавтов,1
"Ленпоселок, северная, мерсэдэс вито сирибристый присуют парня",1
"Степная 10,, приус бьёт по планшету грузовичек, без тцк",1
"Объездная с поселка за ОККО на спуске,где заезд на лиман",1
Объездная ниже око не объехать,1
Окружная б/п на подъеме перед Окко много хряков,1
Объездная ниже заправки око актуально блокпост в обе стороны,1
Только что проехал пересыпский Мост нету там 4-х патрулек одна и та оформляет ДТП,1
"между 6 элемеетом и брсм, ДТП правый ряд в сторону 7го",1
"По поводу белой Тойоты извините не 2 номера,а первый номер в сторону Сильпо дворами..",1
Ленпосёлок сильна активность копов (патрули).,1
"Пересыпский мост, с торону города, напротив окко дтп. менты на месте",1
"пересыпский мост, в город. дтп с зерновозом. менты на месте",1
"Авария в сторону Паскот, дом-павловых,левый реверс,и правый реверс стоит!!",1
"Слободка, наличные переулки, полиция на дастере, ищют",1
"Слободка, наличные переулки, полиция на дастере, ездят ищют",1
"Ленпас серебристый Хюндай,ездит по району",1
"Теплодар- Беляевка, на повороте в Майоры стоят ТЦК и полиция. Останавливают всех.",1
"Теплодар-беляевка, поворот село повстанческое ТЦК",1
"21:27 радужный возле атб бус ехал, похож на этих",1
КП Дачное- бьют в сторону Киева,1
"Генерала Петрова, дальше хз 4, стоят на тротуаре 2 копа - высматривают. Время 8:30",1
БП между Поскотом и Куяльником в обе стороны....На Окружной,1
Генерала Петрова ездит белый бус за ним каблук повышенная опасность берегите себя,1
Курортный жк Атмосфера.,1
2 машины Ленпас тцк,1
"Ленпас большой,какие машины где....хоть примерно",1
Уточните пожалуйста по Ильичёвску где именно ставят БП?,1
"Ленпас осторожно их тут дофигища сегодня,особено район базара,надежда, охотник,",1
"Ленпоселок, Рено белый и бус белый на не наших номерах, по Фесенко к гаражам в сторону ваза",1
1-й заливной напротив райотдела бп,1
Гастелло 7 степная мусора тормозят и пробивают нормальных людей,1
"Блок пост возле поворота на Нью Васюки, дорога из Ильичёвска в Одессу, еще стоит",1
"Лен Пас Надкжда,Магістральна до Авангарда тецкуни,п'ють кофе",1
Понты возле спорт магазина юго западный-Краснова бус и патруль,1
"По поводу буса и ментовской машины по генерала Петрова. Фары выключены. Видать, где-то шастают на районе,а может внутри сидят,выжидают. Аккуратнее.",1
"Завтра тцк облава по Ильичёвску, будьте аккуратны!!",1
Генерала Петрова АМИК люстра,1
"Окко окружная, стоит люстра, на заправке 2 бкса! Возможно блок пост будет",1
Сообщили окружная ВОГ б.п. в обе стороны.,1
"Окружная дорога заправка ОККО БП в обе стороны, их много",1
Генерала Петрова Сильпо белый хайс катается,1
Генерала Петрова 53 школа цтк,1
"Сильпо Генерала Петрова (напротив 53 лицея) мусора,АТБ мусара ТЦК",1
ОККО окружная тормозят в обе стороны,1
ДНЕПРОДОРОГА-МАРСЕЛЬСКАЯ за остановкой в город бус цвета хаки пустой на евробляхах,1
"Александровка Ильичёвская, мусора на заправке ОККО",1
Киевская в сторону города брсм стоят менты на скорость,1
Савицкий парк-ТЦК!!!,1
Авангард Новая Почта как ехать в сторону аквапарка стоят ловят на радар,1
09:57 на рынок седьмой километр со стороны артвиля заехал серый бус сталкер,1
"Ребят, может кто видел как пакуют парня 30-го августа,примерно, 15.00 район сегедская-армейская-проспект Шевченко?",1
"Приветствую, на БРСМ Латовка, два буса, сидят пьют кофе, будьте аккуратны",1
Отель Чёрное море блок пост,1
Генерала петрова 54 мусора(двое) зашли в 4ю парадную,1
По жолио-кюри ездит белый Дастер на гражданских номера женщина полицейский в форме,1
Пересыпь,1
"Радар на Киевской на въезд в город, перед БРСМ",1
Генерала петрова мусара Атб силпо,1
Ленпаселок котельная синий бус внутри менты,1
"Сейчас, Шклярука/Октябрьской белый бус, остановили парня…",1
Ул Кометецкой 5 мин назад напротив 60шк с двора выехал синий Дастер поехал по Кометецкой медленно в сторону Таврия В,1
Юго-западный масив за сильпо белый бус,1
"Днепропетровская дорога 108 подозрительные машины чёрные полиция и тцк помоему не разгледел, крики во дворе",1
Одна патрулька кружит Проспект Шевченко-Шампанский-Говорова-Пионерская-10 апреля.,1
Космановтов-Филатова белый бус тцк на остановке.,1
"Киевский район,напротив дома обуви за остановкой стоят людоловы на бусе,осторожно берегите себя",1
Чёрная Таврия дворы ТЦК,1
"Заправка Брсм перед Лиманкой, стоят менты и стопают машины где мужики за рулем",1
БРСМ!! Полиция,1
Серый Хендай Н1 с черными номерами полетел по окружной от Куяльника в сторону посёлочка,1
Хлебзавод Слободка.,1
"Черемушки Nanokids футбол, ТЦК на белом бусе, пошли по дворам",1
Черёмушки уебища по дворам по гражданке лазят толпой типа останавливали,1
"Люди,будьте внимательны,вчера брата запаковало тцк с утра в районе Днепропетровской дороги 100 во дворах,сегодня уже поехал в учебку в Винницу,берегите себя и будьте внимательны.Спасти не удалось.",1
"Черёмушки дворы напротив Атб,черные,пиксель с рацией, и по гражданке.Спасибо добрым людям помогли!",1
На Ланжероне ходят подозрительно 4 военных. Район 2 шаров..,1
Улица зелёная это слободка,1
Радужный ДТП возле сундука,1
"Пересыпь,сразу за мостом метров 20 менты скрутили прохожего. Он видимо документы им не показал.",1
"староконка, Серый аутлендер митусиши и чёрный Мерседес вито, медленно едут парой. Аккуратно тот район",1
"Самое смешное что 2 сентября именно по указу Екатерины был заложен порт и произошло основание Одессы. Империю не любим, но празднуем, да, кастрюли?)))",1
На данный момент возле Сильпо,1
"Теплодар мусора два экипажа,возле точки тормозят всех подряд.",1
"Юго-Западный, Сильпо, при выходе слева, белый т5, свежий, госном начинается НН (извините не смотрел дальше, свернул) 4 рыла стоят.",1
"Мусора докопались до ребят которые шли на море, обступили их.",1
Белый рено мастер с оливками поехал по Гастелло в сторону аэропортовского.,1
Слободка базарчик ездят вокруг тормозят всех чёрный бус Рено,1
"Базарчик слободка черный Рено,много зеленых",1
Обьездная перед кладбищем в сторону Куяльника.,1
"Окружная, Корсунцы. За мойкой, перед кладбищем стоят мусора, активно стопают.",1
"Объездная у кладбища две патрульные, скорее всего ждут нетоварищей, периодически стопают",1
"Кадор таирово, в сторону маршала идут два тцкшника, один по гражданки с папкой, второй одет в гражданку но есть атрибуты военной экипировки. Высматривают жертв.",1
"Среднефонтанская-старая аптека. Белый Хайс, проверяют доки.",1
Бочарова-Добровольского авария,1
Слободка магазин Точка базарчик,1
Две люстры заблокировали машину на въезде в порт на таможенной,1
Стоят уже возле 97-го номера по улице Авдеева-Черноморского,1
"Зеленые допрашивают мужика и стебутся с него, хотят забрать, пересыпь возле копилки",1
"Петухи,,кукарекуют,,пересыпь возле копейки,,,с мужиком,,",1
На кемпинге Metro куча мразий стоит на сейчас,1
"За пересыпь мостом, недалеко от заправки, в сторону поселка Котовского, стоит полиция и тцк",1
Брсм заправка киевская трасса за таможне в сторону города стоит патруль готовятся к отлову!!! Берегите себя!!!!,1
"Киевская трасса. Въезд в город, за заправкой брсм. Петушиный отряд на месте. Идёт отлов на радар",1
Спринтер в Ильичевске номера ВН3101,1
Парковка Таврия Люстдорф жёлтый бус с военными,1
"Визирка переезд, Вороновка дорога на ТИС/Порт: БП, тормозят всех",1
"Черёмушки 32 и 46 школа, черный джип, там мусора которые охраняют школы. Но в наше время им веры нет от слова совсем",1
Новая Слободка 3 выстрела с интервалом 5-10секунд...,1
А также балківська Таврія ходять ідуть в сторону атб,1
"Полиция на мотоциклах рынок строительный перед Черноморкой, люстра включена проверяют документы у мужика",1
"Мицубиси серый+ чёрный бус Вито,едут: Ваз,переезд, ленпаселок!",1
Патрулька по Авдеева-Черноморского от 9 ст,1
Возле ресторана Море мусорские и зеленые. Пресуют мужчину.,1
"Окружная. Заправка Амик. Не доезжая поворота на яму. Зелёный бус, внутри или тцк или военные. Не подходил не спрашивал. Актуально было на 18.45",1
"Днепропетровская дорога 108 два буса ТЦК принимают парней, назгвардия на дастере также, много пеших",1
"Днепропетровская дорога 108, ТЦК бус избили парня закинули как собаку в бус и уехали 5 минут назад",1
Столовая 21 блок пост,1
Александровка (та что возле Ильичёвска») ТЦК,1
Слободка кладбище синий бус погнались за дворником,1
"Пересыпь,от 191 в сторону крекера БП!!!!!",1
"Бисквитный переулок возле колледжа кидалова. Проверяли документы у мужиков. Серый Вито известный и ещё какой то бус, поехали в сторону ЖК апельсин, 9.55",1
"Бисквитный в сторону жк апельсин, синий н1 крепят мужика",1
"Белый спринтер,старый,темные окна,какие-то люди по гражданке,в сторону 25й",1
"Генерала петрова, через дорогу от амика БП зелёные",1
"Генерала Петрова Копейка, готовят БП",1
Ленпас черный Вито и мицик с зади серебристый...оккуратнее,1
"Генерала Петрова 74,Копейка",1
Окружная арбузы б П готовят,1
Блок пост балковскаская БРСМ напротив,1
"Добрый день! Банковская брсм и вог - свернулись, но под мостом ещё стоят.",1
Брсм латовка стоят менты,1
Белый бус с надписью копейка,1
"На шклярука 4 сразу за домом (за магазином семёрка)военный бусик с камуфляжем,увидел еле спетлял, наличие тцк не видел, но лучше от греха подальше обойти",1
"Только что тикал с эпицентра,стоят менты на парковке Таврии ловят тех кто с эпицентра поворачивает к Таврии на красный свет,так попал и я,сразу вызвали тцк,я закрыл машину и ходу,они даже не бежали.",1
"Іцхака Рабіна 13, тцк і поліція біля гаражів",1
"Не доезжала ""Ствол"" пешеходных переход на Радужный. Сломался советский автомобиль Жигули, мусор стоит ремонтирует по форме.",1
Новая Слободка опасность,1
Таврия маршал. Построение полиции и нацгвардии. Куча машин. Есть бусики с решетками.,1
Генерала петрова 1 ездят Хюндай AH 1 і біла Тайота ездят парамі будьте внимательни,1
Королева-Левитана,1
Затонированый в хлам белый Вито стал на парковке АТБ Королева-Левитана!,1
Камыши окружная бп,1
"Генерала Петрова 54 грузят мужика,мусора и пятнистые,люди вышли в помощь,пытаються отбить",1
"Генерала Петрова 54,упакавали,не палучилось отбить,пагрузили в серый мерс вито",1
Окружная камыши-куяльник возле арбузов стоят п*** Блокпост,1
"Генерала Петрова, напротив парка возле ""Копейки"" серый бусик на черных номерах. Стоят с открытой дверью.",1
Люстра заехала на радужный,1
Нати рынок в сторону посадки одинокий по форме ходит все время на телефоне.,1
Перед Вазом(ЛенПаселок) в сторону города стоит бус на обочине серебристый с номером черным 1171 H5,1
По Жолио-кюри 26 и 36 ездит Мерс зелёный на литовских номерах,1
2я пересыпская 9 пересыпская куча зелени и мусоров тойота хайс серебро и форд транит каблук,1
Юго-западный во дворах серый хюндай катается,1
Пересыпь возле моста. Менты с ТЦК прессуют рено кенго. Там же стоит черный Н1 на бляхах.,1
Базар на Алтестово. Мрази мусорские прячутся за торгашами. Судя по всему ловят на проверку документов,1
Я когда сидел в военкомате в Одессе. Привозили и в город на влк. Лучше найдите концы в Овидиополе среди мусоров. Они точно знаю.да и там они более адекватные.,1
Рынок нефтяников ходит пиксель активно крутит головой и кому-то отзванивается будьте бдительны,1
Мотобат три пид...в сторону маршал Таврия на мигалках,1
"Ильичанка-Красносёлка-корсунцы особое внимание к ‍‍ на Сандеро, патрулируют, если нет для решения вопроса на месте, приезжает тцк, много местных от них уже пострадали, берегите себя!",1
Панорама-Ильфа,1
Радужный поле тцк и менты,1
Ильичёвская Александровка на стороне Империи - бус мерседес- у воды на рукаве шеврон хз. Кто таков. Берегите себя.,1
Академіка Вільямса 62 менти шмонають мужика,1
32 школа Черемушки полицейский дастер,1
Ленпас переезд. Напротив рынка. 3 п1дора. И бус белый,1
"Белый н1 только что медленно проехал во дворах за Сильпо Генерала Петрова. Номера не увидел но скорее всего 3358 тот самый. На всякий случай, малоли!",1
Генерала Петрова 54 тцк синий бус,1
Берёзовка Воскресный базар ТЦК люди берегите себя,1
"На въезде из Ильичёвска в Санжейку стоят полицаи, кошмарят всех",1
"Пересыпь в сторону Посёлка, напротив бывшей бани, район заливного куча в форме, тормозят машины",1
Одария-Щеголева блок пост,1
Сундук тот что по Маршала? уточните,1
ТЦК впереди едет серая дача,1
Патрулька стоит на Генерала петрова заправка АМИК 17:37,1
"32 школа Черёмушки во дворе копы, стоят разговаривают с человеком",1
"Ленпоселок, ул.Горизонтальная/Патриотическая",1
"Слободка, хлебзавод, возле ворот, стоит потушенная люстра в темноте и двое с оеденцами возле неё в жилетах",1
Серебристый оутлендер поехал в сторону Пересыпьского моста,1
"Объездная, выезд с нерубайского, за БРСМ в сторону клевера полицаи без зелёнки.",1
Пастера номер 65 09 еврономера желтый бус,1
Курортный в сторону Кадорр белый спринтер,1
"С Генерала Петрова на Клсмонавтов, в сторону 25-й првернул серый хёндай с зелеными. Едут медленно.",1
"Фильтруйте ""базар""!!!!!",1
Окружная возле арбузов 8.05 разворачивают блокпост,1
Окружная (Камыши/Арбузы) БП очень много маминой черешни,1
Блок пост Окружная АРБУЗЫ,1
Насчёт БП в Куяльнике - в какую сторону?,1
В Радужный заехал серый хюндай 3632,1
"На Куяльнике авто ставят в сторону посёлка,но сам БП с двух сторон всегда стоит",1
Окружная нерубайское заправка мотто экипаж полиции.,1
"Таврия В улиця Гастелло, зелёные на бусе сером хьондай",1
На проспекте Шевченко 15/3 Таврия.,1
Пересыпьский мост в сторону города на остановке один тцк,1
"Окружная, арбузы блок пост в обе стороны",1
Ленпосёлок улица станційна заехал белый бус с тцк,1
"Слободка, Новая слободка, Кривая балка медленно катается рено доккер черный или темно серый.",1
Ленпосёлок улица Станционная заехал белый бус с тцк,1
Теплодар перекрёсток на Беляевку стоят тцк,1
"На генерала Петрова 20 белый бус,забрали парня",1
"генерала Петрова звоездочка забрали парня, если кто будет искать. Не ходите пешком не ходите сами. Берегите себя.",1
"Слободка серый т5 на желтых номерах, поехали в сторону голубого дуная",1
Генерала Петрова Сильпо три козла перешли дорогу к АТБ,1
Рынок Черёмушки в Сильпо зашли двое тцк,1
Рынок Черёмушки двое в форме на входе где Сильпо,1
"Новая Слободка, конечная",1
Генерала Петрова за сильпо повышенная опасность берегите себя,1
"Корсунцы-Красносёлка-Ильичанка, катаются знаменитые ухилянты на Сандеро! ‍ цепляются ко всем, сразу пугают тЦк!!! Разводят на любым способом, берегите себя, в этом районе",1
"На ленпасе по ул. Бородинская, возле парка серый бус тцк",1
Фрумушика Сильпо Депот стоят в темноте их вообще не бидно!,1
Днепропетровская 123-125 ходят трое,1
"Ядова-осторожно менты,без люстры…одна за одной!!!",1
Таврический Маршал 5:28,1
Объездная в сторону куяльника ОККО оливки стоят,1
Оливки(тцекуны) переместились на центр Куяльника ОСТОРОЖНО!!!,1
Эпицентр за поселком нюхачи стоят выборочно,1
"Трасса Беляевка-Теплодар, возле трофейки стоят враги народа мусара и тцк",1
Теплодар выезд в сторону маяк. Тцк с полицией,1
"Пересыпский мост. На поселок. ДТП с фурой, менты на месте.",1
"Новая почта 20 отделение, напротив ее забрали мужика, женщина хотела помочь, не успела.",1
По Киевской трассе в сторону города перед БРСМ стоят менты на аварийке!,1
На Шклярука Авдеева мотоцикл с мигалкой,1
Юго-запад массив во дворах недалеко от Сильпо мото патруль просто стоят,1
Ленпаселок в доль линии через гаражи к переезду поехал белый бус. Будьте осторожны,1
33 школа Черёмушки л200 и серый Хайс по дворам.,1
"Маршал АТБ на остановке стоит белый бус тонированный, не ходите",1
Космонавтов-25-гайдара -мавик,1
Уже первый бан за сегодня за маты (сообщение про БП на Куяльнике).,1
"‼ Радужный облава! Орудует СБУ, летают дроны!",1
Объездная арбузы БП,1
Менты и тцк показали фото(предположительно) дворничке на Привозной та указала рукой на МЯСНОЙ КОРПУС,1
На Окружной дороге между Куяльником и Посёлком Котовского установлен блокпост.,1
"Экспострой, снова сбор, маршрутка, бусы, куча народу как в форме, так и по гражданке",1
"Радужный. Между 9 и 9в, что то происходит. Полиция и в военной форме нелюди",1
Таврия Маршал - наматывает круги 7304 бусик серого цвета,1
"Радужный. Мент и двое военных с автоматами, возле Евы, Варус",1
"Радужный очень опасно ‼,облава с автоматами",1
Радужный облава в доль поля на дороге парковка.( ходят вдоль домов.очень много нациков. И полицаев все с автоматами,1
"Радужный 24 дом Тцк и менты, обходят дом с двух сторон, будте аккуратными",1
Радужный 24 дом пошли с автоматами,1
Генерала Петрова атб повышенная опасность берегите себя,1
"РАДУЖНЫЙ 24 ходят по квартирам, стучат в двери!!! 1 в пикселе, 1 полицай и 1 по гражданке! Аккуратно",1
Радужный запустили Дрон.,1
"Радужный опасно, человек 10 прошло от китайского дома в сторону Варуса",1
Радужный СБУ орудует,1
"Радужный, 9 дом, стоят военные, до этого проверяли доки у мужчин.",1
Радужный. Вооруженные нацисты идут от варуса к еве,1
Радужный/Варус/Ручки и штучки около 10 полицаев+тцкуны стоят хороводом,1
"Слободка, Кривая балка летает дрон",1
В жк Радужный возле шестого номера стоит синий citroën jumper полный трикоташников,1
Новая слободка ездит старый черный Вито тцк,1
"Радужный, Варус стоят на 10.05",1
"Только что, на Радужный, заехали белый Вито и белый дастер. Полные тцк.",1
"Радужный,проверка СБУ документов продолжается. Актуально на 11.40",1
Радужный возле 6 дома так и сидят в ситроене синем высматривают (тцк+1 полицай),1
Радужный между 5-6 домами во дворе ОПАСНОСТЬ!!!,1
"Пятый Элемент на 5 БФ,подъехал голубой Хёнде ВН7901. ОСТОРОЖНО!",1
"1-й заливной мерс номера 7094 жёлтый, прессуют парня на остановке",1
"Михайловская 20,копейка Т5 стоит словили парня разбираются на месте",1
"РАДУЖНЫЙ! оливки и маслины группами, 2,4,6,8 дома во дворах",1
Серый Дастер с петушиными головами поехали по экономическому в сторону 6ст фонтана номера начинаются на КА,1
0926 бусик синий обклеен маркой эпицентра а внутри два зелёных,1
"Юго-Западный, опасность, орудуют в треугольнике Краснова-Адмиральский-Люстдорфская дор. Кто местный - вкурсе. Берегите себя",1
"Слободка краснослободська чорний рено дастер, і за ним бус повний пікселів,",1
"едут в сторону ланжерона, едут по дороге и выходят и тормозят",1
"У кого есть возможность помогите людям перед 7-ой Пересыпьской,менты бесприделят!!!!",1
Окружная ОККО стоят зеленые,1
Объездная на заправке ОККО много людоловов,1
Перед остановкой 7 Пересыпь Менты стопают,1
Минуты 3 назад поехали менты без наклеек но с мигалкой по базовой в сторону эпицентра,1
"7км, Базовая, сразу за Эпицентром в сторону Новой почты тцк",1
От второго выезда с радужного в сторону таврии Маршалл медленно едет 8971 белый бус,1
Объездная дорога блокпост,1
Скорая 9535 на чёрных номерах по Маршала в сторону Таврии,1
Внимание порт,1
Черти на юго-западном на бусе вн8814,1
С Донского на Люстдорфскую поворачивает серый Хайс 98...(или что-то типа) полный зелёными,1
"Вторая тоже стального цвета не увидил название машины, номер КА4918IB",1
Киевский ТЦК с полицейским и решим разведчиком.,1
"Маякская трасса, Переселенец, в сторону Маяк, на остановке, копы остановили машину",1
Філатова 48 кафе обжорка патрульная стоит они пошли жрать в кафе,1
За Пересыпьским мостом на против WOG,1
Черемушки много полиции катается,1
"На усмотрение админов.В Сабанском пер. академія полиции, их действительно много. Но Смотрите на шеврон.К.Курсант.",1
"Мост пересыпь, остановка на поселок напротив обменника стоит Prius поперек остановки на синей люстре…",1
Паустрвского-добровольского докопались до пацана,1
Черемушки!!!! Во всю орудуют агрессивные ребята,1
"На поле между 7 км и Ленпасом толпа людоедов из ТЦК гонялась по всему полю за велосипедистом, пешими будьте осторожны!",1
Жолио-Кюри 26 станция Восточная во дворе ТЦК,1
Окружная камышы только выставили 08:35,1
Окружная камыши тцк блокпост,1
"Днепропетровская дорога 108,белый фольц, каблук, проверяют доки",1
2 пикселя в мусоровозке гоняют по ленпасу. Поехали от общаг к базарчику на Крайней. Номер 2033.,1
Голубой бус хюндай по Авдеева-Черноморского с ментами и оливками в сторону Шклярука,1
По обездной в сторону куяльника золотое рено опасно,1
"Авдеева-Черноморского, стоит бусик тцк проверяют мужика!",1
киевский тцк напротив роддома с буса загоняют пацанов по одному на анализы как на зоне,1
Киевский тцк ездят на китайце по 10му кварталу,1
ОДарияя щёголева раскладывают блокпост.,1
"Объездная на против ОККО ДТП с участием мотоцикла, будьте бдительны могут тормозить!",1
Спринтер дельфін коротыш по к больнице,1
"За 15 минут 3-я машина полиции привозит людей к Киевскому Военкомату,давно такого не было …",1
Таврия Маршалл опасно,1
"Днепропетровская дорога 108 троица тцк бус т5 и каблук, пакуют ребят",1
Таврия Маршал на парковке оливы и маслина. Человек 8-9,1
Таврия Маршалл,1
"Добрый день, рыбный порт, менты дважды тут кружили.",1
"Ул.Окружная угол Достоевского повязали пацана 3 бородатых и мусор баба, на белой легковой марку не рассмотрел!",1
По авдеева в сторону шклярука белый бус едет медленно,1
"Радар, с Киевской трассы, после знака Одесса, за БРСМ.",1
По обездной в сторону куяльника менты две машины,1
Два буса н1 белый 3358 и серый Киевский остановились крепить парней,1
2 буса поехало в сторону Юго-Западного по дворам,1
"ПЕРЕСЫПЬ товарищи спринтеры! Серебристый Вольгсваген вито, у нас курсует!",1
Одесса-малая полиция,1
поехали от 26 к жк Атмосфера,1
"КП-Дачное, бьют по планшету в обе стороны",1
Перед остановкой Эпицентр копы в сторону 7 км,1
Объездная Окко пили кофе и спустились чуть ниже после окко в сторону Ямы,1
Объездная корсунцы-красносёлка работают ‍‍,1
"Окко на Окружной возле Куяльника - блокпост, очень много зелени, будьте аккуратны",1
Фрунзе-Маловского,1
"Эпицентр 7км, возле Сокар",1
Слободка бозарчик белый бус,1
Въезд в город с киевской трассы мусора возле БРСМ ловят на скорость.,1
Филатова-1стЛюстДор-Космонавтов-Варненская курсирует белый бусик с ТЦК номер KR559HG,1
Генерала Петрова 58 тцк впереди один а сзади сидят алабаи,1
Альтаир-2,1
Ff049026 Ришельевска Арнаутская ТЦК,1
"Посёлок котовского, рынок початок, метров 30-40 стоит патруль с включено люстрой, мент стоит у машины рядом и смотрит в сторону светофора. Тормозит или нет тех кто вьезжает не видел",1
"Днепропетровская дорога 108, троица тцка как всегда принималово каблук на чёрных номерах и серый Н1",1
"Китайский рынок 09:09,мусор стоит,будут стопать",1
Малиновского-56 белый спринтер много уродов,1
"Этот вито ездит в районе 1 станции и до 3 люстдорфа по вечерам, будьте аккуратны",1
"Маяцкая трасса базар, Петродолинское,стоит белый бус с тонированными стеклами, тецекуну ходят. Аккуратно.",1
в сторону Маршала!,1
"МОТОБАТЫ, слободка обжора 2 штуки, актуально сейчас",1
"Радужный, проезд между домами 16, 12 - стоит серебристый пикап на черных номерах 8404 Т8.",1
"На мойке возле нового тц Маяк стоят менты с спринтером, будьте бдительны",1
Б Хмельницкого 82 старая синяя тойота 65-30 внутри три зеленых и один по гражданке. Общаются между собой,1
Б Хмельницкого 82 старая синяя тойота 65-30 внутри три зеленых и один по гражданке,1
Б Хмельницкого 82 старая синяя тойота 65-30 внутри три зеленых,1
Б Хмельницкого очень опасно мусора и зеленые,1
Авдеева-Черноморского 94 мусора сидят в машине ждут жертву,1
"Днепропетровская дорога 108 ТЦК, каблук и т5 на Днепропетровских номерах",1
Патрулька радужный 22,1
"Таврия, успел забижать во двор свой, начал громко звать соседей..боятся когда кричат..отстали.. было двое в чернрм, и один зелёный снимал..",1
Око Объездная блок пост,1
Трасса Южный-Одесса на посту бьют по планшету,1
М Арнаутская /Ришельвская перед перекрестком стоянка Гостиницы новой черный бус длинный весь в решетках,1
Генерала Петрова 27/3 черный бус,1
"Шклярука возле жд больницы темный фольц, охотятся, обходите стороной.",1
Шклярука 2 номер поймали мужика.,1
"Генерала Петрова 54,во дворе,стоит патруль,выпасают",1
Крутятся район Глушка таврия маршал,1
"Школа 54 на генерала петрова,патруль заехал на територию школы",1
Третья стация в сторону города 2 экипажа полиций,1
Таврия Недельна проехала патрульная полиции в сторону Лунина/Шклярука 10:54,1
"Черемушки!!! Ездит белый Н1 3358, 10 мин назад ехал медленно возле колледжа по 25й..Бережем себя",1
"От 32 школы Черёмушки поехали дворами к Свижачок. Серый хундай, разные петухи внутри",1
32 школа Черёмушки патрулька с тцк ездят дворами,1
"1 застава, ул прирельсовая и прилегающие, белый бус, опасность",1
По генерала Петрова не доходя до перекрестка АТБ - Сильпо стоит черная скорая военная помощь. Скорее всего это тех кто у шаурмы сейчас стоят.,1
На Радужный поехал мусарской дастер белый,1
"Мотопатруль,Черёмушки к 49му,Сельпо поехали",1
"6км (АЗС БРСМ), стоит патрулька и бус Нац.Гвардии (вроде бы), пока просто стоят на заправке, но может что-то будет...",1
"7-Небо, новая Таврия, ТЦК",1
От Окко к Куяльнику поехал Киа темно зелёный на евробляхах,1
"Трасса Одесса-Южный, на против аквапарка стоят менты в обе стороны., актуально на 8.50",1
Генерала Петрова возле копейки напротив заправки Амик трое догнали парня белая Тойота,1
Молдованка угол Ленинградская-Ризовская серый Вито ВН7806СМ шестеро арестуют парня,1
Обжора Малая-Леонтовичя Зелёный Спринтер,1
Стоит приус как от переправы в рыбный порт,1
Ришельевкая 27 мерс вито белый тцк пакуют мужика,1
Перекресток выездная-столбовая-новикова тцк черный бус,1
в раойне 100й школы скай сити ездят на белой тойоте хайс тонирован в хлам,1
о 100й школы в сторону 25й чапая белый бус 8814,1
На Киевской трассе в сторону Одессы перед заправкой Брсм радар!,1
Филатова-столовая 3 мотобата,1
Радужный между 9 и 12 домом две машины полиции без мигалок,1
"Ленпоселок, ребята призывного возраста, сидите дома. Катаются по две машины, погулять можно и потом. Белый спринтер и хайс, подъезжают внезапно.",1
Ривьера-Транс Беспека на кругу,1
"Киевская трасса. Новая Почта. Терминал. ТЦК. Катаются в посадке, возле ж/д линий...",1
Серебристый Santa Fe и синий Duster возле АТБ напротив Сильпо генерала Петрова. Очень опасно две машины время 7:02,1
"Черемушки!!! Белый н1 3358, медленно дворами 32 школа к 10 кварталу!",1
Генерала Петрова возле мясолюб белый Рено двери открыты сидят смотрят,1
Черный Ниссан бусик радужный в сторону мойки,1
"Спуск к парковке Немо-Дельфинарий, двое медленно идут-высматривают( что то или кого то). Явно не солдаты!",1
С 25-ой к Восходу мусара на Дастере 11:30 время,1
Киевский районный суд,1
"Радужный, между Варусом и Евой стоит бус с какими-то стремными типами, высматривают.",1
Ильчевский порт срочно прямо сейчас стоит белый фольс на польских номерах и два типа пасут рядом сразу за кругом,1
Поехал белый Рено Полиция в сторону Чёрноморки,1
"Пионерская,примерно,24",1
"В. Дальник. Центр. Маякская трасса 16 часов. Автобус Isyzy( вн 224 G) полный вояк по форме и в гражданском, остановились в магазин и по курить. Один был местный, что то одному показывал и объяснял. Довольно приличные с виду, не запаханыне. Направление в сторону Маяк.",1
"Тонированный белый бус поехал в сторону Академ. Городка, будьте бдительны!!",1
Столовая дтп между второй заставок и переездом где ведут ремонтные работы,1
Сразу после пересыпьского моста правый ряд спряталась патрулька,1
Малиновского-Гайдара ДТП,1
"От Сильпо бус поехал во дворы напротив,в сторону Бузины",1
"Жолио-Кюри 36, менты с тцк.",1
Окружная арбузы,1
Окружная арбузы пост,1
Жолио-Кюри 26 тцк во дворе.,1
Черный бус Фольксваген с крестом поехал на 9 ст. Люстдорф 7.50,1
Рынок Малина Белый бус мерс,1
Радужный. Люстра по бетонке в сторону конечной 145.,1
Радужный 20-22 дома заехала люстра. Без немцев вроде,1
"тцк на Ланжероне возле Желтого камня, ездят на белом бусе Тойота",1
Генерала Петрова 46 возле дороги мусора с шакалами,1
Новая почта 77 менты с автоматом дорвались до мужика,1
Комсомольськая-градоначальницкая.полный бус,1
эпицентр таирово слева от главного входа за поворотом спрятался короткий спринтер раньше номера были 3101,1
"ТАИРАВО - ""КАДОРРЫ"" 3 я - 15 я ЖЕМЧУЖИНЫ стоит полицейская машина около часа уже. Будьте осторожны!",1
Нацики эпицентре. Будте осторожны!,1
На каком эпицентре?,1
"Пушкинская-гречкская общались с парнем, отпустили",1
Таврія Марсельська,1
"Добрый вечер, Бочарова-Добровольского опасность! Будьте осторожны",1
Мигалками стоит возле 26 жемчужины в сторону Жк Атмосфера,1
7-Пересыпская в сторону города на заправке WOG два экипажа полиции,1
"Камыши, арбузы Окружная поворот на Нати менты сидят в машине",1
Одесса-поездная. Стоит бус и рядом пьют кофе пятеро тцк,1
"ЧЕРЁМУШКИ 32 школа дворами мусора в сторону маг ""Свежачок""",1
Головатого Пересыпский мост просто небольшая пробка,1
Днепропетрова 35 во дворе пристали к парню,1
Ленпосёлок улица Станционная заехал белый рено дастер,1
Китайский рынок тцк и менты припаркованные,1
"Такой opel заехал в Радужный, внутри зелень",1
Радужный заехал синий бус с тцк в 10:50,1
Ленпоселок. Белый Рено Дастер тонированный. ОПГ. Наматывают круги по всему району.,1
Возле староконного рынка курсирует серый Мицубиси и жёлтый фольцваген,1
В две стороны до переезда и за переездом Лиманка(БРСМ) полицаи тормозят,1
Площа Толбухіна Сірий Хундаї чекає перехожих в салоні повно зелених. Актуально на 14:00 Бережіть себе,1
"Ленпосёлок, р-н Био парка, припаркованные 2 мусорские машины и бусик белого цвета- тцк.",1
Окко объездная на заправке куча ментов и 4 укртрансбезпеки,1
Радужный 19. Ходят по квартирам.,1
"Перекресток Бабеля-Головковская, машина Наци-гвардии стоит возле хлебного. Осторожно! На 18: 46",1
На 9й люстдорфске мусора и зелень,1
К ланжерону полицейская машина спускается,1
Объездная дорога арбузы менты,1
Радужный 2 бусика,1
Теплодар со стороны Беляевки,1
"2 Пересыпьская Рафик, принималово renault sandero",1
МАРШАЛ СИТИ ЛИМАНКА,1
Сокар. Переезд в сторону Куяльника полиция. Тормозит,1
"Эпицентр 6 км. Перед светофором, мусора тормозят в сторону города",1
Авангард новая почта стоят два экипажа полиции,1
‼‼‼Терешковой возле центрального входа в парк Стоит Серый бус Н1 ждут жертву осторожно,1
Блокпост заправка брсм с поселка в сторону города,1
Перед брсм в сторону 6км стоит серый Т5 с оливкой,1
черная таврия конечная троллейбуса мусора стоят ценкуют,1
7-я пересыпская конечная маршруток менты с леденцами останавливают выборочно,1
Стоят два черных т4 возле алеи перед остановкой Эпицентр 7 КМ,1
В. Сторону посёлка сока фара перед брсм,1
Ю-з массив. Оливка возле Сильпо.,1
Радужный возле АТБ заехал Н-1 белый 3358,1
Рынок Нефтяников два пузатых карапуза в зелёном,1
Въезд в Одессу за БРСМ радар!,1
"Комитетская-Степовая. Стоят возле нового ""Stikon"" (Volkswagen). Будьте осторожны",1
Комітетська/Степова.,1
Уточните какая Таврия.. может копейка всё-таки?,1
"Одесса Восточная, Жолио-Кюри. 20 минут назад была люстра.",1
"Через пересыпский мост в сторону центра поехал тонированный спринтер,номера белые,сзади мусорилы без мигалок",1
Жолио-кюри 26 -36 тцк пристали к парню,1
Белая рено мент с тцк Жолио-Кюри 36 возле гаражей,1
"Балковская-Дюковский парк, желтый т4 и серый аутлендер",1
Генерала Петрова куча патрулей. Видимо какая-та шишка в городе,1
"Китайский рынок, милиция стопают",1
Объездная Окко! Толпа людоловов + менты стоят пьют кофе! Возможно скоро будет БП!!!,1
"Окружная дорога сразу за заправкой ОККО"" спуск перед Куяльником БП в обе стороны тцк и менты их много",1
"Китайский рынок,нюхачи в две стороны стоят",1
За окко Обьездная в сторону Куяльника блокпост с двух сторон,1
"Маршал Сити, напротив АТБ стоит патрулька",1
"От 2х в сторону Аванграда новая почта, 2 экипажа полиция радар",1
Только что Жолио-Кюри 64-62 хундай на черных номерах во дворах куда поехали не видел,1
"Актуально на сейчас,жолио-кюри 16,работают в паре",1
Два микроавтобуса катаются по Шклярука,1
Желтый т4 на маршала у сундука-крепят парня штук 8,1
"Седьмая,Тельмана",1
"Днепропетровская 109 на везде водвор возле гаража полицейский бус, в стороне возле участкового пункта полиции бус с зеленью",1
Эпицентр два буса и человек 10+ оливки,1
3) Авангард новая почта с двух сторон радар,1
"Над Беляевкой летают дроны, ХЗ какие и чьи, но громко. Летят со стороны Майор в сторону Маяк.",1
Мельницкая- Михайловская.голубой хюндай,1
"Теплодар, два экипажа полиции напротив стадиона. Актуально 19.35",1
Таирово эпицентр Только что завернул на парковку,1
Этот же пеший патруль: 3 мусора с собакой идут по улице Октябрьской революции возаращаются обратно в сторону Шклярука. Стопорнули типа проверили документы и отпустили.,1
Окружная Окко БЛОК-ПОСТ 06:20,1
Сто Маршал в сторону Ильичёвска патрулька без люстры. Тормозят выборочно,1
"Выезд с Теплодара на Беляевку, стоит полиция",1
Рынок Восход принимают парня серый бус,1
"7км эпицентр в сторону города сидит один в броне высматривает на остановке,я не автобус ждет",1
Эфимова копейка.синий бус Тцк пьют кофе,1
"Шклярука, напротив больницы, мент и внутри оливки остановили мужчину, проверяют",1
"Шклярука бус торчит полицай, чуть дальше люстра и ещё один выписывает штраф за парковку",1
Добрый день по неявной информации в одесский порт заехали тцк.,1
"Мы часто получаем сообщения с примерно следующим содержанием: “Администратор,просьба,уточните пожалуйста какой ПОРТ имел ввиду автор?”",1
Окружная дорога между куяльником и заправкой око БлокПост в обе стороны,1
Окружная камыши готовят блок пост,1
Объездная дорога в ОБЕ стороны опасно,1
"Теплодар выезд на Беляевку ТЦК без ментов, с автоматами",1
"Кого-то пробивают ля Сильпо, берегите себя",1
Ленпаселок Юхима Фесенка гаражи ближе переходу арке на бесарабку стоят два человека. Будьте осторожны,1
Жолио-Кюри 26 белый фольц кади и синяя трусят двор.,1
"Жёлтый бус, 6509 и сразу сзади едет серая машина там тоже один сидит. Слободка возле церкви",1
7-ая пересыпь после переезда полиция остановила машину,1
Центральная арка 11 ГКБ Слободка два экипажа мусоров,1
"Информация по Шишкина-напротив парковки остановился белый Хайс, с него вышел шнырь по гражданке и пошёл в проход во дворы, а пинчеры остались в бусе. Максимальное внимание во дворах утром.",1
"Алея 7 небо-эпицентр очень много, ловят всех, пацана на велосипеде скинули",1
Объездная камыши рядом с железкой нефтебаза блок пост тцк стоят,1
"Темный бус на въезде в радужный со стороны атб, и полиция поехала внутрь",1
"Радужный. Со стороны конечной 145 ловят, осторожно! Походу что-то намечается",1
ОБЪЕЗДНАЯ КАМЫШИ собирается БП,1
"Юго-западный, серый хюндай номера КЕ",1
Юго-Западный во дворах за Сильпо хундай серый,1
Базовая люстра между 7 км и эпицентром. На парковке между машинами перед поворотом на эпик.,1
"Генерала Петрова 54,тцк на рено мастер(муниципальна варта),сидят двое в машине пасут",1
"Радужный, конечная 145 облава",1
"Колонтаевская-Южная стоит люстра,когото остановили!",1
"Это каждый день практически, только разные машины. Там смартлаб, туда привозят пойманных на сдачу анализов. Это последнее время постоянно в это время с 9-10 утра до 12-13 дня.",1
На рынок початок заехали копчики на приусе,1
Затонског Таврия по доброльского мусора остановили парня,1
Днепропетровская дорога 108 принималово их человек 10,1
"Ленпас,биопарк менты+ТЦК",1
Теплодар заехало тцк,1
"Генерала Петрова,напротив Атб куча Зеленых",1
"Шклярука угол Геллера сам не видел но женщина предупредила дай Бог ей здоровья что в этом месте облава, бус, человек десять (с её слов, ехала с той стороны)",1
"7-я пересыпская, Сокар. На парковке бус на черных номерах",1
На ОККО окружная бп,1
Генерал Петрова Копейка Серый бус с тцк! 06:45,1
Черная Таврия ТЦК уже как час сидят в машине.машина вдоль аллеи стоит.,1
Радужный между первым и восьмым домом потрульная машына,1
Во дворах напротив Таврия маршал аккуратно крутится бутик хундай,1
Корнюшина БП на светофоре новая дорога на черемушки,1
Пересыпь... Тянучка,1
Днепропетровская дор 72 стоит водворе чёрная ауди что-то высматривает или кого-то бутьте осторожны,1
"С Генерала, от Сильпо, старый Мерс - это не ТЦК. Там сзади даже наклейка соответствующая есть.",1
"вул. Академіка Вільямса, 55 пристали к деду, жинки одбили. Осторожно тот что з кислим лицом психопат",1
На улице Щёголева возле Пересыпского моста прямо посередине на зелёной зоне стоял одинокий неадекватный пиксель с леденцом,1
От памятника быку на Авдеева-Черноморского поехали мусора с люстрой,1
Вторая машина полиции подъехала ст. Восточная пошли через мост,1
"Угол Бочарова-днепродорога,серый бус тцк,хотели пакануть переходил на светофоре,остановились возле АТБ,я дал заднюю и по педалям.",1
"Прохоровская-Преображенская, на главной стоят два тцк и мент прессуют мужиков, бус серый 06:47, мужики всег благ",1
Окружная арбузы спрятались мусора на Поскот,1
Объездная арбузы раскладывают БП!,1
БП на окружной между куяльником санаторием и окко,1
"Дидрихсона-Градоначальницкая,кружит жёлтый Т 4",1
"Петрашевского-Фонтан,синий бус,еле убежал",1
Выезд с Посёлка напротив Эпицентра менты останавливают видела по планшету пробивали,1
"Генерала Петрова ездит серый миц аутлендер 1поколения, в нем три оливки, остановились против Сильпо мин 20 назад на тротуаре тормознули типа",1
"Скай сити, сидят кофе пьют. 4 амбала.",1
"Ленпоселок перекресток пяти дорог горизонтальная,бус Рено белый полный тук, поехал по северной очень медленно",1
В сторону города за эпицентром 6 км твари на желтом Т4 тормознули велосипедиста,1
Конечная пестеля-куча людоловов пьют кофе возле киоска.,1
"Маршала, от ствола в сторону сундука поехал серый бус сталкер",1
Пересыпь блок пост перед сокаром,1
Радужный катается сталкер,1
Объездная дорога внутри заправки БРСМ куча зелёных аккуратно,1
Ходят по староконному рыку,1
Брсм 6 км два патруля,1
Эпицентр 6 км заехали на стоянку серый т5,1
"Стоит полицай Г.Петрова, между д.61 и 9-ти эт. Которая до Сильпо",1
Белый вито и голубой хайс на шклярука пристали к парню (где 2 шага),1
"Не копейка, АТБ",1
Днепропетровская дорога 108 педовойска на чёрном Н1,1
Генерала Петрова парковка Копейки напротив парка. Нацгвардия штормит двух типов.,1
На пересыпьском мосту по голова того нац гвардия и бус тцк.,1
Черёмушки 32 школа Дастер с проклятыми ездит дворами,1
Ленпоселок улица Фисенко. Менты без люстры в сторону котельной.,1
"Окружная поворот на Корсунцы, напротив мойки Депо СТОИТ ПОЛИЦИЯ",1
Окружная с Поскота АЗС ОККО,1
Переселенец в сторону Маяк полиция,1
По киевской трассе в сторону городу зразу за БРСМ стоят менты с радаром!,1
МАРШАЛ СИТИ АТБ ( ЛЮДОЛОВЫ),1
"Заправка Амик на генерала Петрова лазят пятнистые,будте осторожны",1
"Амік на Генерала Петрова, куча зеленых",1
Канатная-Троицкой 5 минут назад стоял бус с чернокнижниками.,1
Шклярука 4 во дворе зелень с ментами кумарят человека.,1
Заболотнрго 58.,1
"Шклярука, мотопатруль",1
Ленпас поле бус серый,1
Мусара по дороге в черноморкиу возле вина свиту планшет,1
Старая столовая.,1
Днепропетровская дорога 108 педовойска на чёрном бусе,1
Пересыпь поехал белый спринтер в сторону поселка,1
По Староконному рынку катаются людоловы на митсубиси оутлендер и на мерседес вита с заклеенными номерами,1
Базовая поворот с эпицентра ‍‍ планшет,1
на остановке Таврии Маршал,1
"Были замечены часов в 7 утра на остановке Таврии Маршал, толпа ухилянтов режима просроченного.",1
Степная 1 застава черный джип l200 катается 1 черный два зелёных.,1
Генерала Петрова едет белый рено докер и выскакивает кто идёт по тратуару. С переди тёлка полицейский а за рулём зелёный,1
"Объездная, арбузы. Людовозка и военная скорая",1
Староконного рынка вокруг нарезают круги мужеложцы. Кто идёт на базар смотрите в оба.,1
"Кадоры Таирова возле Сильпо людоеды развернули блок пост,стоит бус",1
"Возле отеля Чёрное море странная скорая, ОСТОРОЖНО",1
Базовая Новая почта едет белый рено докер а сзади тоета хайс с зеленью.,1
Окружная арбузы в сторону поселка выставляют блок пост,1
Окружная арбузы блокпост в ОБЕ СТОРОНЫ,1
Окружная(арбузы) в обе стороны 10 минут назад,1
Окружная тцк+ полиция,1
Блок пост объездная камыши ОККО в обе стороны,1
"7-я Пересыпская, возле переезда, белый бус, а на самом деле зелёный.",1
"Залили мужика газом на Генерала Петрова 68, чудом отбили женщины",1
"Радужный 10а машина пикап с черными номерами и 2 человека, 1 вышел смотрел номер машин припаркованных 11.15",1
Заехали от варуса на радужный. Серый т4,1
Стоят два экипажа полиции на Таирова по родные камни по стороне как ехать с эпицентра в город,1
"Два экипажа полиции 4 человека на улице, Жолио-Кюри 62, по телефону говорят. Тцк нет",1
Півні на шклярука угол бригадної білий H1,1
Розселенець в сторону Маяк стоят с радаром,1
Академічна біля табакерки поліція,1
"Степная, дорстрой, крепят ребят белый спринтер",1
"‼Паустовского, АТБ, Зеленые с полицией у входа черный бус на польских номерах 20:35‼",1
"Заправка амик, днепропетровская дорога 22а",1
Біля атріума забрали пацани,1
Катается бусик Тойота хайс серебристый черные номера по Высоцкого-Сахарова будьте аккуратнее.,1
Объездная камыши собираются,1
Окружная где арбузы БП,1
Въезд в Одессу по киевской БРСМ с феном следим за скоростью,1
Генерала Петрова угол Якиро белый бус с ТЦ окружили мужчину (,1
"Генерала Петрова за сильпо опасно, берегите себя",1
Сокар между Кошарами и Сычавкой на островке менты,1
Киевская трасса в сторону города за БРСМ 2 патрульки осторожно 11:17-11:20,1
11;30-Ильичёвская Александровка на берегу озера Запускают дрон. Явно не для видосик про природу. Один по гражданке на красном электромопеде в чёрной кофте и белой панаме.,1
Ильичёвская Александровака. Запускающий дрон сделал облёт побережья и возможно прочитал нашу группу снялся. Поехал а сторону остановки ДОК.,1
По киевской трассе въезд в город за брсм стоит 5 патрулей и 2 буса тцк будьте внимательны,1
ПаустовскогоСерий т 4 АЕ номера тцк,1
"Проспект Шевченко 15/3 Таврия.нацгвардия пошла в Таврию,стоит машина внутри еще есть",1
Объездная ОККО менты уже стоят,1
Б. Хмельницкого бус 6815 Берегите себя,1
"Киевская трасса. Въезд в город. За заправкой брсм. Припарковались зелёные ухылянты. Будет ловля на радар. Не нарушайте, у них законы не писаны",1
"Теплодар, ТЦК серый бус",1
Таврия проспект Шевченко 15/3 Тойота белый стоит с тцк вышли к парню,1
Объездная Стоят 3 экипажа пробивают по планшету,1
"Авангард, Новая Почта стоят 2-3 машины ментов, тормозят всех подряд. Будьте аккуратны.",1
Объездная кладбище полиция две стороны,1
"9105 бус, Сильпо, 86 школа",1
От экспостроя в сторону сити-центра серебристый toyota hiace за ним volkswagen каблучок белый тцк,1
"За остановкой Океан в сторону Таврии Маршал, черный мерс Вито и нива белая стоят с автоматами",1
Вільямса/Ільфа мото патруль,1
"Б.хмельницкого в сторону степной, бус форд транзит на чёрных номерах, осторожно!",1
Тот же серый Хайс и Фольксваген проехали генерала Петрова 42 и повернули во дворы,1
"Авангард(Новая почта),менты с радаром и тцк на бусе возле них,шакальё!Очень аккуратно,едьте 50км/ч",1
Киевская радар за брсм и в сторону Киева напротив брсм на 16:50,1
Таиров.Экспострой.Мотобат в сторону центра,1
"Киевская трасса, въезд вгород менты с феном возле БРСм и напротив тоже менты.",1
Окружная за вогом. Встановили парней. Серый фольц.,1
Выше генерала Петрова 3,1
Академика Корольова 31а два екипажа полиции,1
"Хмельницкого, два серых буса погнались за двумя пацанами, судя по всему пацанов поймали все по гражданке",1
Два буса в парі за парком на Левітана по часому сектору поїхали в сторону люздорфської дороги,1
Черный бус на черных номерах в сторону моста Пересыпь город,1
"Чёрный аутлендер по Усатово, номера не запомнил",1
"Килия, перекресток Тараса-Киевская-Дунайская, мусора на камри всех тормозят ( не местные)",1
Ж м. Радужный заехал бус мерседес на черных номерах,1
"Теплодар - тцк и полиция на кругу, а также опасно по всему городу, ездят 4 машины",1
"ТЕПЛОДАР!!! Не выходите из дому, кого это касается!!! Поворот на дамбу, круг и по всему городу",1
"Теплодар, возле Сильпо стоит машина ментов и машина с черными номерами, трое в военной форме ходят возле автобусной остановки",1
Кадроы Таирово возле Сильпо серый бус сталкер,1
"Выезд из Теплодара, перекресток Беляевка Широкая Балка, менты и тцк",1
Теплодар.СБУ.ТЦК.МЕНТЫ,1
"Теплодар. Пятеро завернули в сторону Ощада. Один оливковый, остальные в черной форме. Будте осторожны.",1
На выезде из Теплодарв на Беляевскую трассу менты и ТЦК,1
Теплодар заезд в город со стороны курганской трассы блок пост. Менты и зелёные,1
"Генерала Петрова, дворы 60-70 номера катаются парой Зелёный Вито и жёлтый Кангу. Удачи всем!",1
"Черемушки! Работают в паре зеленый Вито и желтый Рено Кенго, бежали за парнем не догнали, 15 мин назад 32 школа",1
Полиция патрулирует 10 квартал Черёмушки,1
Эпицентр. Поломка. В сторону города тянучка.,1
В районе Экспострой моргает свет. На всякий случай зарядите телефоны.,1
"Авдеева угол шклярука: лужа такая, что на pradо не хотят ехать",1
"Якирира 1-3 Таврия, белый бус и серый каблук! 16-35",1
Черёмушки 32 школа. Без байдарки не проплыть.,1
"Море напротив тюрьмы, по этому и стоит всё. В сторону Таирова 3 ряда уже.",1
На перекрёстке Левитана—Люстдорфской снова провал асфальта. В яму угодили маршрутка и джип.,1
Сам добирался с Таирова на Черёмушки.,1
Через молдованку и на Черемушки быстрее всего,1
Объездная на поселок тоже все стоит,1
Дюковский-Моловского газель застряла.Вода до кабины.,1
Варус магаз Радужный-утонул.,1
маршала де ствол не проехать!!! Бросил машину на обочине,1
Окружная в сторону посёлка едет в один ряд нормально ( тьфу тьфу ),1
• вул. Філатова,1
• вул. Іцхака Рабіна / Героїв Крут,1
Слободская-дорога пустая,1
"Подскажите пожалуйста, с центра на радужный можно проехать и как обстановка на радужном (1 заезд)?",1
"Кто планирует ехать электричкой в цент с поселка,(или обратно )она не ходит дальше Восточной,Пересыпь подтопило",1
Пересыпь закрыта даже не пытайтесь,1
Арбузы бп окружная,1
Обьездная дорога БП в обе стороны в районе куяльника,1
"Эпицентр 7 км, серый тонированный. Запаковали парня. Поехали на парковку эпицентра",1
Окружная пробка потому что перекрыли пересыпь.,1
Дамба окружная пробка в обе стороны,1
"Блок пост окружная в обе стороны, (врбузы).",1
Генерала Петрова район заправки Амик много номеных знаков на обочине дороги,1
"Тут БП, пробка с поскота до БП. Дальше пробка от Куяльника",1
"Окружная на повороте с Корсунцов не доезжая до кладбища стоят менты, ловят",1
Заболотного-добровольского Пробка в сторону куяльника,1
Эпицентр за посёлком на парковке стоит зелёный toyota hiace с чёрными номерами,1
Генерала Петрова. Не доходя к АТБ. Возле магазина Галя Балованая,1
"Радужный, возле одрекса",1
"Генерала Петрова 26, возле канцтоваров,только что упаковали пацана",1
Китайский строит.рынок Таирово бус мерседес остановили пацанов и забрали,1
Сильпо напротив сити-центра.,1
"Таврия, шевченко 15/3",1
Генерала Петрова АТБ ТЦК,1
Шкоярука в сторону мегадома 2 буса,1
Пошел во двор за атб генерала Петрова ходит смотрит по сторонам и по тел говорит!!,1
Ленпас охотник парк менты,1
"Бочарова-крымская,подтверждаю,бус нацгвардии,выгрузились,походу будут шерстить периметр.Всем внимательность и голова на 360.",1
"Ленпас менты из за сумашедшей бабы которая бегает и кидается на людей с монтировкой. Парк, охотник.",1
"Пробка на горе Куяльника, две полосы стоят",1
Из Ильичёвска 2646 хюндай и 3101 коротыш выехали,1
"Объездная дорога, поворот на Нерубайское, возле лимана и возле санатория менты",1
Окружная арбузы блокпост,1
Окружная камыши б.П,1
"Блокпост камыши, арбузы окружная сейчас",1
По Базовой в сторону гонок менты поехали и вторая шкода в сторону эпицентра поехали,1
Объездная спуск перекрёсток на Нати менты ждут кто нарушит проезд перекрёстка на красный,1
перекрёсток Латовка на БРСМ на парковке стоят два машины ментов,1
Красный спринтер проехал Таврию аэропортовскую в сторону приват банка поехал 7:05,1
"Объездная поворот на Нати справа (направление на Посёлок) спрятались мусара. Дальше по трассе леденцы, направление на Посёлок",1
"Окружная с поскота в сторону года, сразу возле кладбища менты стали, останавливают через раз",1
"Окружная с поскота в сторону города, сразу возле кладбища менты стали, останавливают через раз",1
Н200 номер 8814 и белый хайс поехали мимо радужного в сторону маршала в 7:23,1
"Возле Таврии маршал где поворот в сторону кладбища,два буса,белый Ниссан с побитой дверью 3721 и белый Хайс,поймали парня!",1
"Менты по окружной - нати светофор, санаторий, на обочине где строили дорогу, брсм латовка, кладбище окко",1
С города пересыпь на поскот разворачивают,1
Черёмушки. ТЦК на белой Тойота Хайс 8414. Актуально 750.,1
"Латовка, менты стоят на брсм, собираются уже 2/3 машины",1
"Эпицентр 7км,бус Тцк один ходит высматривает потом подлетает бус и пакуют",1
"Генерала Петрова 57, серый бус ТЦК, поехал к ЖЕКу.",1
За Сильпо на генерала Петрова серый бус,1
Генерала Петрова между 45 и 47 домом,1
Серый хюндай между домами за Сильпо высматривают.,1
Генерала Петрова за Сильпо во дворах будьте осторожны серый бус облава,1
Объездная вся стоит,1
Одария-Щеголева,1
Рынок Анжелика тцк,1
"Окружная ВОГ КА 0746 то ли вояки, то ли ТЦК 10.30",1
"Таврия ""МАРШАЛ"" на перекрестке ДТП уже подъехали менты.",1
"Эфимова копейка, красный бус тцк.проверяют доки в парня",1
Проспект Шевченко 15/3 белый бус. За Таврия В. Всё утро тут пасутся,1
На против тюрьми красновавольцваген и н1 тцк,1
Поездная-Бреуса,1
"Генерала Петрова вход в АТБ (который напротив Сильпо),нац гвардия и мусора,какойта движ их чел 10",1
"Сити-центр Таирова, перед главным входом серебристый Вито. Людоловов не видел, но подозрительно.",1
Эпицентр 7км стоят вдоль дороги перед остановкой!!! И темно синий Дастер поехал по одностороннему на базовую!!!,1
"Эпицентр, 7км, Базовая, душегубы, аккуратно!!!",1
Прячутся за АТБ на Маршал Сити по дороге на кадоры за овощным ларьком,1
Ромсталь оставновка ТЦК (который возле Эпицентра Таирово),1
"С ПосКота подьем с Куяльника наверху черные тормозят, на что не знаю",1
Жолио-Кюри 26 каникулы и серый хайс,1
"Черемушки! Дворы 32 школа, в сторону 10 квартала, медленно Полиция Дастер",1
ВЫЕХАЛИ НА ТАВРИЮ В ВОЗЛЕ ГЕНЕРАЛА ПЕТРОВА 23/3 2 БУСА ОДИН ТЕМНО СИНИЙ А ДРУГОЙ ЖЕЛТЫЙ ЗАБРАЛИ ПАЦАНА НА МОИХ ГЛАЗАХ,1
Генерала Петрова 11 во дворах бус с вояками 12:15,1
"Темный фольц 9105, возле Сильпо на Петрова, на скорости завернул во дворы, гонятся за мужиком",1
"Генерала Петрова Сильпо и двор за ним, по кругу ездит вито зеленый, ушлепки останавливают каждого",1
"По варнеской-генерала Петрова, пошли в сторону Скай сити.",1
"Район Староконного рынка мурыжат человека, на сером бусе.",1
Кадоры Таирова парковка Сильпо белый спринтер все по гражданке,1
"Остановка Экспострой, чуть дальше, где аптека мусора на приусе проверяют мужчину на микроавтобусе белом",1
"Два экипажа напротив Экспострой, так и проверяют бус, больше часа стоят.",1
От моста Пересыпь ПРОБКА,1
Тцк на киа соренто евробляха возле староконного!!!,1
Зелёный Мерс 124 в сторону эпицентра поселок,1
Слободка базарчик машина на военных номер хз хто стоит,1
Слепнёво угол среди фонтанского переулка белый спринтер куча дцэкашников и полицейские,1
Бусик около Сильпо на 1 станции вышли 3 оливки,1
Привокзальная макдрайв 2 буса тцк,1
Перед розеткой во Дворы ЖК Апельсин заехал серый Вито за ним белый спринтер,1
"Окружная, за поворотом на нерубайское полиция останавливают кого успеют",1
Генерала Петрова 76 люлоеды во дворе,1
"Китайский рынок, чупачупсы, останавливают машины! Спрятались за грузовиком!",1
"Китайский рынок стоят мусора,тормозят за ремень,перегар,выключенный свет и тд. Будьте осторожны.",1
"7-е небо ТЦК, много",1
Белый Фольксваген около переезда ( ленпас),1
Генерала Петрова Сильпо стоит люстра на парковке,1
Поско эпицентр полицаил ловят проскакивающих в таврию,1
"Таврия-Маршал остановка из города, ловят выходящих",1
"В начале китайского в сторону эпицентра, мусора которым даже погода не помеха, ищут с перегаром.",1
Поехал в сторону АТБ на генерала петрова,1
Займ белый шухер новая слободка и кривая балка по домам лазчт,1
По дворам аэропортовских домов ездит мусарской дастер.,1
Жолио-кюри 26 опасно ездить нацики Рено,1
"Теплодар, 6-7 дом, 2 мусора заехали к подъезду, стоят на выключенных мигалках, кого то посут",1
"Базовая, эпицентр, полиция.",1
"Эпицентр 7км, на парковке стоит бус оливковый, 3-е по гражданке одеты на остановке",1
Генерала Петрова АТБ дастер,1
Генерала Петрова вход в рынок ТЦК,1
Объездная арбузы блок пост,1
Объездная КАМЫШИ БЛОК ПОСТ В ДВЕ СТОРОНЫ. 8:25,1
"Черемушки белый кенго, и мерс старый легковушка зеленый на бляхах",1
"Ребята Черемушки!!! Дворы к 32 школе в сторону 10 квартала, Черный Вито, Желтый Кенго каблук",1
Фонтанскька дорога,1
"Радужный,22 дом от поля бус с пятнистыми",1
Да радужный тцк гнали за мно черный Мерседес Вито на евробляхах,1
Радужный. 20-24 дом вдоль поля катается черный бус с военными на евронгмерах. Выехали только что,1
"Седьмая пер, копейка осторожно!!!",1
Потом поехали по дворам в сторону генерала петрова номера на НН начинаются очень зелёный,1
"Прилиманском, Таврия, зелёные с бусом.",1
"Днепропетровская дор. 72 дворы, серый wv транспортер с ТЦК",1
Паустовскогоо жолтий вито,1
2 оливки и 1 маслина стоят возле шаурмы на Б.Хмельницкого 98,1
"7 км, эпицентр, остановка очень опасно ездят в паре, есть и пешее",1
Эпицентр черный Дастер прессовал парня,1
Уточните какой Эпицентр,1
Круг 6 км. на островке,1
Алея эпицентр тормознули мужика тот показал доки и его пустили (Дастер ),1
Тцк по базовой возле эпицентра 7 км. Темно синий дастер. Щимят пацана,1
"Теплодар, перекресток пром - сад стоит машина мусоров",1
С Коминтернова на Посёлок перед Эпицентром мусора а обе стороны тормозят. В город и с города,1
КП ДАЧНОЕ- бьют по планшету в две стороны,1
"Ситицентр, сбоку праковки слева. Два пятнистых и машина.",1
"Посёлок. За Эпицентром с двух сторон полицейские, проверяют легковые машины.",1
Объездная арбузы ставят БП,1
Серый бус ка9582ео Черёмушки,1
"Поехали по Ул. Данченко,",1
Ленпаселок Юхима Фесенка мусара в доль гаражей поехали,1
"Ленпосёлок,ул Северная ближе к Профилакторий, курсируют 2 мэрса брабус, наглухо тонированные, зеленного цвета.Через лобовое видно битком забитые зелёными.",1
Рено центр на инглезии 15 тцк,1
"12:32 Въезд в город с Киевской трассы, сразу за БРСМ 2 патрульки и тцк с ними, аккуратно",1
По киевской трассе в сторону города сразу за БРСМ стоят 3 патрульки с радаром и вместе с ними бус с зелеными!,1
"Объездная, Авангард между upg и шиномонтажем в сторону 7го - люстра, радар, 2 леденца",1
"Киевская трасса. Въезд в город, за заправкой брсм. Помогите отбить мужика. Остановили на радар и уже подъехало 2 машины с тцк.",1
Днепропетровская дорога 68 в сторону города на остановке стоит Peugeot копы на аварий Ках,1
"Маршал сити, вдоль дороги белый бус Мерседес, весь тонированный, но водитель и рядом сидят. Кто внутри не видно...",1
"Петровский рынок, мотополицаи щимят парня",1
Магазин Копейка/ каток п. Котовського ТЦК проверяют документы.,1
"Армейская-Шампанский, белый бус, выпрыгивают на прохожих",1
Ленпаселок курсируют мусара,1
На генерала Петрова ездит бус,1
"Генерала Петрова АТБ, на остановке проверяют",1
Привокзальная вокруг мака бегает зеленый и гражданский. У каждого просят позвонить. Стремные типы.... Рассредоточились,1
"На сейчас актуально, Слободка базарчик!!! Возле ватрушки белый бус!!!",1
Шклярука возле больницы 8:50,1
Радужный заехал белый ниссан с мятой дверью,1
"Ленпоселок бородинская и патриотическая черный вито и белая легковушка, едут медленно, связь по рации, будьте внимательны",1
Космонавтов‼‼,1
Тцк подъехали хлебзавод слободка,1
Люся 54 рампа сильпо красный хайс,1
Квартал Варненская-25 чд-Генерала Петрова-Космонавтов светло-серый бус тцк-рыщут,1
"Б.Хмельницкого, напротив 63 номера, 2 оливки и баба в чёрном, цеплялись к парню на остановке, сели в бусик серебристый. Сидят. 11:08",1
Слободка аккуратно! По Пятницкого курсируют две машины зеленых,1
10 квартал Черемушки. Мусора привезли парнишку и пересадили с зеленый мерс 124. ТЦК и мусора пожали друг другу руки и разьехались. Вот так работают эти схемы.,1
"Посёлок, возле сити-центра со стороны морга только что приехал бусик, Мерседес жёлтого цвета.",1
Рено кенго 0851 и мерседес вито 1932 во дворах на Генерала Петрова катаются,1
"Второй заезд/выезд Радужный, как выесжать в сторону Маршала Таврии. Вдоль дороги легавососы фоткают машины,и чтото выписывают на планшетках",1
Радужный По поводу фото машин видел с утра тоже самое приехали и начали фоткать сразу,1
"Черемушки 10 квартал, проехало 2 буса в каждом бусе по 5 ТЦК, поехали в дворы",1
Радужный.Белый бус и жёлтый пирожок,1
"Пожалуйста, радужный какой заезд, 1 или 2",1
"Добрый день, слободка ул.круговая  ездит ТЦК.",1
Слободка со стороны базарчика нарезает круги улочками серый ниссан за рулем зеленый,1
Маршал сити на стоянке АТБ пикап на чёрных номерах,1
"За линией 13го трамвая рынок Регина, ходят двое в черном с планшетом пробивают номера авто.",1
"по слепнева от роддома в сторону точка, на среднефонтаскую поехал еще белый богдан, работают в паре с вито серый или белый",1
ПОСЕЛОК Паустовского-Ильичанка серый хюндай,1
"Шклярука угол Авдеева-Черноморского какой-то непонятный движ, издалека фиг поймёшь, то ли ДТП с мусоровозом то ли он застрял, но подозрительно много типов кругом что-то шумят, советую объехать на всякий.",1
"Шкярука/Авдеева проезжал там водоканал ремонтные работы вел,был огорожен люк и трактор на Авдеева стоял.Полиции не было.Скорее всего дтп,в такую погоду плохо их видно и там движение затруднено с Авдеева как выезжать на Шклярука.",1
бочарова-добровольского-паустовского курсирует черный хайс с белым окном,1
"22:30 Грушевского-Парковая катается люстра по кругу останавливают выборочно уже 4 раза, по возможности объезжайте!!!",1
Черёмушки!!! Сегодня оооочень много патрулей без люстры. Так что головы на 360.,1
"Эпицентр 7 км, курсирует серый бус. Ездит вдоль алеи по Базовой, сзади эпицентра, потом на парковку магазина и так по кругу",1
"7-км: Базовая, Эпицентр: белый бус Рено на евро номерах - ТЦК",1
"Курортный переулок, поехал цвета, Т4 полный, зелёных, в сторону ЖК Атмосфера",1
Черемушки 32 школа серый бус фольц тцк,1
Ленпаселок мусара гоняют туда сюда,1
"Маяцкая трасса базар Петродолинское,на углу серебристый автобус, долго стоит пятнистые внутри высматривают",1
"Генерала Петрова,выход с рынка Черёмушки,полиц, тцк",1
Генерала Петрова магазин Мясолюб 15:05 ТЦК по гражданке остановили мужика и подтянулась полиция,1
Генерала Петрова Сильпо. На парковке.Серый фольцваген тцк,1
"Срочно на генерала Петрова 18 принимают,на пешеходном переходе наряд полюции,и тцк по гражданской,ч-к 6",1
"Днепропетровская дорога 108 Фольксваген Т5 серый,",1
Новая почта 15 тцк белый рено ненго,1
"Окружная, дамба. Дтп машина в кювете. 2 экипажа на месте",1
"ЖК Апельсин, пер. Бисквитный, Слепнёва - очень опасно! Вяжут!!",1
Чёрная Таврия стоит машина нацгвардии никого не трогает. Возможно кого-то высматривает,1
Чёрная Таврия ещё одна машина нацгвардии подъехала уехали во дворы,1
"Генерала Петрова, возле мясоруба конфискат прямо на тротуаре белый бус тцк",1
На шклярука с Авдеева-Черноморского заехало 3 буса в поисках э жертвы,1
Только що на краснована перекрестку хотели споймать ТЦК пацана пацан забежал в шаурму спасся,1
Головатого БРСМ менты стоят в сторону города,1
"Староконка, серый митсубиси вн5580 и за ним жёлтый бус на бляхе",1
"Окружная с Посёлка, не доезжая до Корсунцов",1
"Окружнаяя, Вог менты свет, ремень, перегар...останавливают выборочно...Берегите себя!!!",1
"Объездная, между вог и - меным, останавливают",1
"Объездная, между вог и - укреафта, останавливают",1
Пересыпский мост в сторону посёлка синий Рено мастер полный этих,1
Подйом с Куяльника в сторону Ямы два экипажа синих тормозят всех кого успевают,1
Военний переулок ( Черёмушки ),1
Разделянский р.н Виноградарь. Ст. Карпово. Рынок. ТЦК,1
На подъём возле куяльника полиция 2 экипажа 9.50,1
"1-я Люстдорф,в сторону",1
Ленпоселок опасно,1
"За куяльником в сторону межлиманья мусор, штук 6 пакетов, все с леденцами",1
"Успенска я 30, копейка, на входе стоит зелёный, выпасает.",1
Б. Хмельницкого 54. Серый бус так и менты пробивают пацана,1
"Ваз,ленпоселок аккуратно.",1
Таврия Маршал желтый бус и возле входа стоят два рыла в масках,1
В дворах за сільпо люсдорфська 54 синій бус оливки кашмарять,1
"Самолетная- ленпоселок, синяя машина пирожок по типу. ( тцк и полицаи)",1
Время 15:15 поехали по 25-Чапаевской Дивизии!!!,1
"Киевская трасса. Въезд в город. На заправку брсм заехали пожрать гаишники. На всякий случай аккуратно, все понимают что у них на уме",1
Сильпо юго-западный бусик мусоров у входа 19:58,1
Днепропетровская дорога 108 много тцк и два буса с ними напали на пенсионеров с криками те защищали парня,1
Два буса по генерала Петрова вниз в сторону парка,1
"Ул. Леваневского выезд на Фонтанскую дорогу, два буса, останавливают все машины и прохожих",1
"В 21:36 был на генерала Петрова 32,напротив атб",1
Окружная ОККО куча полиции и тцк,1
"Объездная дорога, заправка окко, в обе стороны стоят тцк с ментами",1
Окружная возле Шевченковского кладбища очень много ТЦК,1
UPG после 7-ой Пересыпьской,1
"Серый Хюндай 2646 Генерала Петрова,только что, остановка хлебзавод",1
Ниссан вннето с чёрной дверью Проехал Жолио-Кюри 26.,1
"Окружная в сторону ямы, перед ямой на подъёме менты в обе стороны много",1
Таврия Недельна проехал патрульный джип в сторону перекрёстка Лунина/Шклярука на 9:36.,1
Ушел на люстдорфскую дорогу 8004,1
На горе возле Куяльника полиция! Останавливают почти всех подряд,1
"Межлиманье, подъем с Куяльника стоит 3 машины останавливают выборочно",1
незнаю что было от 3й станции в сторону 25й чапая но мужику спасибо что фарами активно моргал,1
"Радужный 15 - магазин Варус - на кулинарии подошло два укропа, осторожнее",1
"Здравствуйте! Генерала Петрова, магазин Профитроли. 5 минут назад серый бусик, пытались к парню прицепиться, оказался не совершеннолетним, отпустили. Мужчины будьте внимательнее!!!!",1
Заезд в порт Армянский,1
Жавахова гора Объездная на верху полиция две люстры останавливают кого успеют будте окуратны,1
Проходная порт Таможенная,1
"По Шевченко,от Д.Спорта",1
ул. Окружная 38. В направлении Баштанной стоит бус (номера HXD 895) серый с черными пятнами с заведенным мотором. Кто внутри неизвестно.,1
Привокзальная люстра а за ней зелёный 124 на бляхах,1
"Жолио-кюри 7линия,34 только что проехали",1
"На парковке Таврия Маршал белый бус Мерседес полный зелени, внимательно!!!!",1
Поворот на холодильник за эпицентром возле трамвайной остановки тцк жёлтый вито,1
Генерала петрова 51 светофор сельпо атб белый вито тцк осторожно ребята,1
"ВН6151ТМ Мерседес, серый. Мясоедовская-Комитецкая. Приняли парня. Завернули на Мясоедовскую.",1
Генерала петрова варненська коло штурми тойота хайс 2 мента і остальні по формі мурижат ребят,1
Джип нацгвардии поехал генерала Петрова 27/5 к тридцать второй школе,1
В сторону эпицентр,1
Копы рынок Черёмушки.,1
"Объездная «Окко»тьма просто сколько,пьют кофе",1
Объездная на ОККО пьют кофе,1
КП ДАЧНОЕ-4 полицейских ВСЕХ пробивают по планшету,1
КП Дачное-в сторону Киева всех бьют по планшету,1
Спуск перед куяльником блокпост,1
Бп под куяльникским мостом,1
"На 7 пересипской, копейка на парковке со стороны ветеренарки",1
"Лен Посьолок,Магістральна в сторону Крайньой катаються поліція.",1
"Таирово,кадоры акварель маршал сити,как грязи их",1
"Ленпоселок, ВАЗ заправка укрпетроль, тцк всегда там.",1
Слободка внимание Volkswagen T5 белый на чёрных номерах на наличной магазинчик на подьеме попил чая и поехал курсировать по слободке,1
Уехали в сторону ситицентра с золотым Рено,1
"Объездная,Лиман,менты стоят на обочине",1
ТЦК зашли в Копейку Жолио-кюри 26 Лемоный Вито,1
10 станция выезд из сильпо в сторону 11 поехали,1
марсельская-ростовская аккуратненько район 7 гимназии!,1
Рынок нефтяников заехал Вито белый будут ходить кашмарить,1
Черный фольц туарег я наглухо тонирован только лобовое новая Слободка очень аккуратно очень ездит без включения поворотов,1
Старобазарный 5 стоит бус с нацгвардией.,1
Варненская-100школа-копейка оч опасно выскакивают с 2 бусов,1
"Генерала Петрова АТБ,забрали парни серый Мерседес поехал в сторону Икира",1
Генерала Петрова 41 под домом поймали парня 22:00,1
"Генерала-Варненская угол, бус, выскочил пресуют",1
"Полиция, патрулька приехала на Пересыпь, стали возле магазина и ждут чего то",1
Скай сити серый хюндай с ТЦК,1
"Ленпоселок,Северная Синий т5 не на наших номерах",1
"Окружная, ОККО - много зелени и подъехала патрульная полиция, возможно будет блок-пост",1
Верхняя чёрная таврия 2 буса ТЦК темно зелёный и белый мер!,1
Объездная дорога тцк с двух сторон,1
Менты.Обьездная перед поворотом на Корсунцы!!!Стопают почти всех в сторону Куяльника.Нюхачи,1
"Окружили рынок и начали штормить пацанов, в ближайшие дни аккуратно",1
"Объездная, заправка ВОГ, мусора",1
Окружная Хаджибей дамба полиция.,1
"Генерала петрова напротив магазина свежее мясо, вход в рынок черёмушки!!! Стоит жёлтый т4 проверяют мужика, не ходить туда лучше",1
"С Эпицентра в сторону хуторов поехал бус, у водила была нашивка 3-ей штурмовой",1
"КП Дачное-проверяют в сторону Одессы,огромная пробка",1
5199 тцк катрал возле Сильпо фуршет,1
"Знакомого сегодня забрали, выходил с парадной и прямо в лапы тцкашникам попал, в 12 забрали отвезли суворовский через три часа уже уехали в кодым",1
ТаировскаЯ Напротив 2 шага островок безопасности менты на мигалках пошли пресовать стоящие машины,1
Черный мерс вито с Петровского уехала,1
Сильпо. С двух сторон,1
"Канатная-Сабанский переулок,тцк,на сером бусике,проверяют документы",1
Походу на юго-западном катаются два буса в районе сильпо.,1
"Верхняя Таврия, белый бус!Пакуют парня, 8 нелюдей!!!",1
Эпицентр возле 7 км дастер выжидает! вроде как грузили пацана,1
Базовая 7 км поворот на эпицентр ТЦК,1
"Авдеева-Черноморского, у ресторана Колумба экипаж мусоров.",1
"Трое вышли из машины, проверили мужика и уехали к эпицентру",1
Въезд в город с киевской трассы. На заправке брсм мусора заехали на шарка попить кофе.но все же аккуратно,1
"Въезд в город. Прямо возле заправки брсм, петушки с радаром.",1
Орион. Стоит на остановке полиции. Сидят внутри.,1
На подъём возле куяльника 2экипажа полицаев 10.22,1
10 станция Сильпо Кадор стоит 4 машины полиции - цель не понятна! Аккуратно,1
Генерала Петрова 27/3-27/4 во дворах два буча вылетают с машин проверяют,1
Космогавтов. Остановка по требованию. В сторону 25-й. Запаркован серый фольц 1536. Впереди зеоеные по форме.,1
Рынок Регина аккуратнее,1
Проверяют доставщика на Вильямса-офицерская,1
"Копейка,садик, поляна ТЦК",1
Переселенец. Мусора с радаром в сторону маяк,1
"Радужный гуси ходят по гражданки парно и фоткают углы,палятся тем что либо в шапках до глаз или кепка низко на лбу",1
Радужный заед где атб трутся тцк пару по гражданке и бус не далеко,1
Таврия красный Опель Микроавтобус.,1
"Радужный, новый заезд АТБ 16-17 дом, гуляют Людоловы как по гражданке, так и по форме, с ними два полицейских.",1
"Радужный. Белый старый вито на бляхах, внутри в военной форме.",1
Радужный 20 дом и рядом,1
Въезд в Одессу по киевской БРСМ в обе стороны фен следим за скоростью!,1
С. Переселенец в сторону Маяк,1
Радужный не 21 а 22 в подъезд зашли 2 черные люстры,1
На перекрестке Вильямса-Ильфа Черный Т5 (евро-номера) аккуратно,1
Важно-7 небо-крыса подсаживается в маршрутку и смотрит кого можно ловить.В чёрной куртке пуховик и штаны хаки.Маршрутка когда выезжала-он вышел позвонил и сказал что ловить некого.,1
Пром связь/г. Петрова,1
"Напротив эпицентра, поселок, как выезжать с города. Менты",1
Киевская трасса. Въезд в город. За заправкой брсм. Петушиный батальон с радаром. Возле них курсирует Дастер на литовских номерах. Не нарушайте скоростной режим. Не давайте им поводу вас остановить,1
"Ленпосёлок,Застава 1 перон,стоят тцк,встречают электрички",1
Киевская два экипажа БРСМ,1
7-я пересыпь на остановке начало головатого полиция стоит,1
Повернули на Черёмушки рынок,1
Поворот на Ильичевскую трассу возле заправки vst мусара. Пока стоят никого не трогают.,1
"Генерала Петрова 66 во дворах серый wolfswagen тонировка темная, попили с напарником кофе - утренняя зарядка) аккуратно!",1
"Генерала Петрова 46 выехали со двора, и во дворе ходит один по гражданке в черном",1
Блок пост окружная камыши,1
Эпицентр таирово возле строй рынка бродят оливки непонятно какие будет аккуратны,1
"Окружная, камыши. Блок пост, актуально на сейчас.",1
Сейчас 13:01 ниже Гордиенко по войкова бум с тцк грузят кого-то слободка,1
"Рынок Восход,возле копейки стоит мусорская машина",1
Полицейский минивэн заехал во двор пр. Доброаольского 147/1( мак Копейка ),1
"Таирово, Эпицентр. Движ о котором писали выше. Это доблестьное СБУ взяло с поличным ТЦКшника,решалу.",1
Брсм латовка стоят,1
"Дальницкая-застава2 медленно катаются бусы, ближе к тротуару держаться, смотрите внимательно",1
Труханова сняли с должности. Назначат Военную Администрацию с Днепропетровска - это значит значительное ужесточение тцк и беспредела ментов,1
Днепропетровская дорога 108 два бума тцк серый т5 и белый вито,1
"Черёмушки 32 школа. Ходит дворами чучело западенское, телефон в руках.",1
Копейка ответа на два буса крепят парня с женой мерс вс7496 нисан вн3721,1
Б.арнаутская-осипова полиция оставоиает всех подряд. Рядом тцк стоят,1
Космотеавтов два патруля к 25-ой,1
Четвёртая Суворовская прямо посреди не стоит жёлтый вито тцк,1
"Таврия Маршал людоловы выскакивают, быть на чеку!",1
Маршал Сити полиция,1
"Черемушки, 32 школа-10 й квартал, полиция Дастер",1
"Окружная, заправка вог, походу мужика менты забрали...Окно в машине открыто.",1
Орион в сторону лен пас тормозят менти без тцк,1
По Пионерской к,1
"генерала Петрова мясолюб серый Митсубиси аутлендер и Мерс вито черный полный рыбаков, и курсируют по дворам",1
"Киевская трасса въезд в город заправка БРСМ два экипажа радар,",1
"Слободка базарчик мусорская рено, выспасают",1
"Радужный, первый въезд, выехали от варуса на выезд полиц.машина, двое внутри",1
Объездная дорога стоят менты и тормозят всех кого успеют,1
"Киевская трасса в сторону города за брсм, ловят на скорость",1
"От эпицентра по Нико дороге объезжаем, авария с летальным, пробка",1
Эпицентр в сторону 7км спрятались за основной бус тцк,1
"Генерала Петрова, напротив центра занятости, темно серый вито,",1
"От Шутова в сторону Б. Хмельницкого поехал бус 7708, много пацанов внутри ( будьте внимательны",1
Ленпаселок посадка едет белый пирожок высматривают,1
И серый бус стоял возле эпицентра,1
ЖК атмосфера курортный переулок парковщики штрафуют,1
"Менты -Красноселка ( напротив воинской части,где магазин),пока не тормозили не кого. Но будьте осторожны) На 14.45.",1
15:35 Рынок Нефтяников белый Фольксваген транспортер Мусор покупал кофе на рынке и понес в бус,1
"Киевская трасса, БРСМ в обе стороны стоят на скорость",1
Катрал на днепропетровской,1
На въезде в город перед Маршалом,1
Ленпаселок. Заправка катрал стоят гуманойды,1
Кривая балка и Новая Слободка шею,1
"Сірий Хюндай поїхав по дворам академіка Корольова 51/1 в сторону Вільямса, будьте обережні",1
Два буса белый и серебро полные ТЦК повернул с И. карабина на Генерала Петрова,1
На 25й кого-то забрали,1
Черёмушки. 10 квартал. Два буса во дворах ездят по кругу. Акуратно!,1
Генерала Петрова бывшая Хумана. Два буса ТЦК по направлению к Парку,1
Добрый вечер! Генерала Петрова два буса ловят!!!!,1
"Окружная за Латовкой в начале хаджибея стоит люстра, тормозят в обе стороны.",1
Слободка пл. Молодежи,1
"черемушки!!! 09.11, 32 школа в сторону 10 квартала, темно зеленый Вито и желтый Кенго",1
"Черемушки!!! вито и кенго круги нарезают, 2 й круг по дворам в сторону 10 квартала",1
Срочно мото пересыпь блокпост будет ели проскочил,1
"Шклярука возле авто магазина стоят двое по аренде и с ними 1 мент,",1
Атб/копейка,1
"Генерала Петрова 5,двое в форме бродят,не понятно военные или ищейки.",1
Улица кутузаки возле староконного рынка серый бус чёрные номера людоловы,1
ТЦК возле смарт лаба на Б. Хмельницкого,1
Таврія проспект Шевченка тцк бус фольц,1
"Радужный, 30 мин назад, бус красный старый, на первый въезд по плитам, один оливки",1
"По.Шевченко, 15/3, Таврия во дворах, проехал серый Т4 с ТЦК.",1
Объездная блокпост ставят в обе стороны не доезжая до арбузов,1
Нерубайское два голубка на поиски на матывают круги ул Шахтерская - Тельмана..... Высматривают....,1
"Пересыпский мост, звери в тактическом схватили пешехода и тащат к дороге.",1
Левитана-Ильфа и Петрова ДТП в сторону радужного. 2 патрульки на месте. 15:55 время,1
"Перекрёсток сахарова-высоцкого возле копейки идут четыре пеших тцэкашниках высматривают 360°, 17:40",1
Слободка.пока проехал пару улиц крепли ребят три машины тцк.,1
Слободка два буса с ТЦК и менты с автоматами.,1
"Слободка очень опасно, много ментов и Тцк.",1
Слободка где именно?,1
"Генерала петрова робина, проехали 2 буса, один открытыми дверями",1
Генерала Петрова профитроли напротив парка мусора тормознули джип,1
Окружная ОККО чел 15 зелёных возможно БП. Без ментов.,1
Юго-западный масив на против школы стоят синий бус и менты на 6:44,1
"Юго-западный масив, во дворах за 27 домом, серый бус припарковался и погасил свет, может кого ждёт, а может засада.",1
Объездная ОККО ещё стоят,1
Китайский рынок Таирова менты тормозят,1
Мимо конечной 191 прошли баба и мужик менты.Пересыпь мост,1
"Окружная окко актуально, много их",1
"Объездная, заправка УКРНАФТА. ЗОЛОТИСТОЕ РЕНО заправляется, ТЦК выехали на отлов. МУЖЧИНЫ, берегите себя!!! 7:50",1
"Ленпоселок по Бородинской серая Рено остановили мужика, АККУРАТНО!!!",1
"Шклярука 6 во дворах Белый спринтер коротыш+ + серебристый Hyundai, мужеловцы. По состоянию а 10:10",1
Патрулька стоит на парковке Таврии маршал,1
"2 буса заїхали з Корольова/Левітана за Сільпо у двори, сірий Н1 і білий тойота",1
"Рынок початок - шухер! Один убежал, другого догнали. Избили и забросили в бус.",1
"Въезд в радужный, где аптека копейка, ПОЛИЦИЯ с мигалками у обочины",1
"Новая Слободка, возле кладбища, серый н1 на чёрных номерах",1
"АТБ генерала Петрова, 2 в форме давятся шаурмой! Третий по граждане трётся рядом",1
Аэропортовски-Приватбанк-Селекционный,1
"Заболтного 20,таврия, прямо напротив входа жёлтый вито с открытой дверью с тцк",1
Остановка эпицентр перед алеей стоит черный вито внутри мужик в форме может просто военный. Лучше будьте осторожны,1
Въезд в Радужный заблокирован,1
"17:43 мал Арнаутская, ехал быстро толком не рассмотрел, увидел полицейского с леденцом и патрульную машину",1
"Сразу за выездом Великий Дальник в сторону Маяк, полиция, кого-то тормознули 17:45",1
Сил по генерала Петрова бус белый хёндай очень похож на тцк 18:16,1
Ленпас на крайне белый бус гнались за парнем поехали в поле,1
потухшая люстра катает круги Солнечная-Тенистая-Черняховского,1
"14 ст Люстд дороги, сразу на повороте на старую Ильичевскую трассу,стоят мусора,останавливают всех в обе стороны",1
Генерала Петрова АТБ патрулька с маячками,1
"Объездная тянучка от кладбища в сторону города, возможно, БП 7:00",1
СитиЦентр Таирово напротив ТЦК,1
Окружная ОККО как ехать с поселка толпа тцк полиция скорей всего будет бп,1
"Районе Терешковой-Гайдара второе утро 8-9 прайд шакалов,сидит в белом Splintere наглухо тонированной...количество 6 и 2е с чернушкой...ушли нюхать..о остальные пукают греют!!!я такони знают что там один заезд и выезд..+толпа 4х.искателей их даже не тронули и не сделали замечание,что они копают по клумбам(так что )",1
Окружная ОКО очень много ТЦК,1
Пересыпьский мост в сторону Посёлка.,1
"Окко на 25-й стоят пьют кофе,готовятся нюндай и спринтер белый",1
"Подъем на Куяльнике в самом верху где сужение три патруля, тормозят проверка документов",1
За пересыпь возле полиций Ровдэ готовят БП,1
"Генерала петрова 27/2,второй день лазят тцк толпой,соседей допрашивают,ищут сведетеля,покалечили вчера тцкашника тут",1
"Какой-то гусь зелёный стоит курит, смотрит по сторонам и что-то в телефоне строчит.ХЗ. уже минут 20 Эпицентр 7км главный вход",1
"улица Фисенко (ленпоселок) катается серый джип вроде хендай, внутри военные и мент.",1
Между Аэропортомближе к сфетафоруна Овидиополь менты кошмарят учебную,1
Ленпоселок серый дастар с мусаром. Будьте осторожны,1
Рынок Початок жёлтый mercedes vito поехал на парковку,1
Жолио-Кюри 26 опять полный двор военных.,1
"Слободка, по кварталам ездит черная тойота королла (универсал) на гражданских номерах. За рулем камуфляжный.",1
"Генерала Петрова, заправка Амик, у магазина заправки стоит белый бус, за рулём зелень",1
2 Мото полиции на Г. Петрова возле сильпо было актуально на 15:15,1
"Генерала петрова сильпо, полиция стоит останавливают выборочно",1
Маршал-Панорама,1
Ситицентр спринтер короткий 3101 внимание. Главный вход,1
Академіка Корольова 21/1 у дворі 2 патрульки трусять машину,1
Толбкхина Сильпо два буса фолтц сине Зеленый и белый урван проверяют,1
Слободка/ на улице Краснослободсквя/ возле магазина ТОЧКА / зелёные кузнечики бежали за парнем этот парень выбежал на дорогу на встречу проезжающим автомобилям в итоге один автомобиль остановился взял этого парня и уехал вместе с ним.,1
"32 школа Черёмушки жертвы аборта ездят по дворам, поехали в район 10-го квартала",1
"пер. Романа Кармена, где Новая почта #33, второй день подряд, при виде пешехода начинают движение, сегодня во двор впереди себя пустили ТЦКшника на велике, берегите себя!!!",1
"Тцк заболотного-папашон, синий вито, еле убежал",1
Заболотного-Таврия. Опасно,1
"Белый бус хендай юз массив, дворы за сильпо.",1
Объездная на поселок,1
А на парковке Эпицентра бусик,1
"Генерала петрова 27,3-27,2,два буса,серый и белый,один с открытой катаются с 7 утра,гонялись за велосипедистами,в 7_30,и в 8_45 утра",1
Выезд с эпицентра таирово стоит полиция.,1
Мото заправка Пересыпь в сторону города пост,1
Сильпо перед главным входом,1
Генерала Петрова 29 бус хендай преотрыта дверь высматривают жертву,1
"Авангард, Новая Почта стоят 2 машины ментов. Будьте аккуратны.",1
Слободка будьте очень осторожны ездит целый автобус мерседес красного цвета и бус мерседес белого цвета ловят каждого…,1
Этот бус только что с Мега дома повернул на шклярука.,1
Філатова 53 столовая мотобат двое пошли жрать,1
"Радужный 16. Стоят менты и карета скорой помощи. Что к чему непонятно, менты просто ходят кругами возле машины",1
Два человека в зелёной форме проехали между домами генерала Петрова 21 и 23/1 на электровелосипедах всем в этом районе будьте аккуратны,1
"Генерала Петрова,Сильпо/АТБ, мусора",1
Черёмушки очень много бусов!!!,1
Окружная око полно тцк пьют кофе,1
7 км Эпицентр пакуют парней по дороге как идти на рынок,1
Эпицентре бус серый принимают,1
"В обе стороны менты за Эпицентр, Поселок",1
"Ипподромный переулок, стоит патруль, будьте осторожны",1
Дальницкая-2застава катается черный бус с тцк полу тонированый аккуратно,1
Возле Таврии Маршал полиция.Будьте аккуратнее,1
"Остановка 1я застава поезда,тцк с ментами на фиат и бус тойота хайс металик. человек 10.фиат стоит ждет поезда, хайс поехал бороздить ленпас",1
с Червоного в сторону Черноморки‼‼‼,1
"Осторожно Тцк белый Таета хайс с черними номерами ездят по улицах - Ленпоселок и вроде как Течик 4,кароче будьте осторожны.",1
Metro на светофоре посёлок Котовского как ехать в город правый ряд поломался автомобиль выкрутило колесо вывернуло перестраивайтесь в левый ряд,1
"Маршал сити АТБ Лиманка на светофоре типо блок пост, менты и ТЦК",1
Будте Окуратны 14 Станция Люфздорской Дороги Ул Тельмана Катаются На Мерседес Спринтер очень медленно ищут Жертву Нелюди 18.25,1
"Радужный, на въезде 23 дома, между 23 и 24 домом, синий бус на черных номерах, пустой. Стремный.",1
Серый Н1 по глушго от маршала к площади,1
Генерала Петрова ЖЕК,1
ТЦК бус мерс + жёлтый Логан. Поехали к Сильпо,1
"Киевская трасса,въезд в город, за заправкой БРСМ, менты",1
Окружная Окко выезде с Посёлка менты в две руки останавливают.,1
Китайский рынок тцк,1
Объездная ОККО менты 9.09,1
Киевская трасса. Въезд в город. За заправкой брсм. Спецназ в черной форме ловит на радар,1
Окружная окко леденцы тормозят выборочно,1
Окружная заправка Wok патруль полиции с планшетом,1
"Ипподромный переулок, стоит патруль, тормозят чутли не всех,будьте осторожны.",1
"Объездная, заправка Окко в сторону Куяльника синие тормозят в обе руки",1
"Жолио-Кюри/7 суворовская бусик стоит на перекрестке, два пикселя, актуально на 09.51",1
Щорса-Гастэло-Радостная постоянно курсируют 2 экипажа полицаев и останавливают как машины так и всех мужчин,1
"Маршал, на парковке трое, мужика держат",1
Объездная камыши пост,1
"Объездная,блокпост с тцк",1
Шклярука ТаврияВ,1
Из местных каналов ленпаселка-,1
На против эпицентра поселок стоят мусора пока не трогают не кого!!!!,1
Тцк раен староконного поехали на верх,1
Переселенец радар в сторону Маяк,1
Киевская трасса на въезде в город за БРСМ радар,1
Воеруг староконного рынка серый аутлендер и чорный дастер,1
Слободка. В районе 3 хлеб завода был замечен серебристые микроавтобус в нем ТЦК. Время 18:15,1
Радужный 2 выезд/маршала 2 буса спринтер и т5:20.40,1
"Академіка Корольова, 48",1
"Генерала Петрова 51, мусора повернули и поехали во дворы за Сильпо",1
Вільямса 59 в сторону 9 станції білий віто,1
"Генерала Петрова, райадминистрация. Полиция остановила автомобиль.",1
Окружная ОККО только что заехал зелёный kia sorento,1
Окружная ОККО куча ТЦ кашников пока что пьют кофе,1
на ЖД станции Пересыпь стоит Фиат в нём ТЦК,1
На Головатого заправка Мотто стоят гиены из-за них пробка от 7-й Пересыпьской.,1
"Переулок Курортный, белый Богдан не доезжая жк Атмосфера",1
Кишеневская копейка полиция и белый пирожок,1
"Генерала Петрова 57, ТЦК. Жёлтый логан",1
Выезд с города Киевская трасса менты радар район заправки БРСМ,1
"Довженко-Фр.бульвар, белый бус на остановке трамвая подошли к человеку.",1
По маршала и дальше поехал за мэтро серый фольц полный нелюдей,1
"Слободка,скверик стоять штук 7,останавливают",1
Заправка вст Вільямса бус с тцк h1 2646,1
Объездной в сторону куяльника sorento без бампера,1
Короткий спринтер 3101 повернул на генерала петрова,1
Генерала Петрова напротив Атб каждый вечер тцк ловят людей,1
Днепропетровская дорога под Крыжановский пролетела Peugeot известная полиция с мигалками,1
"Парковка Сити-центр Таирова 2 буса, ТЦК в балаклавах",1
ОККО окружная начинают собератся зелёные без ментов.,1
ОККО окружная уже стоят,1
"Окружная ОККО готовят БП, их много",1
Объездная ОККО 7:30 подготовка,1
"Курортный переулок,ЖК Атмосфера опасность,людоловы Берегите себя!",1
Рено белый каблук Жолио-кюри 26.36.34. с 8:00 наворачивают круги,1
"Окружная. Нерубайское. Сразу за заправкой мотто экипаж ментов. Стоят на дороге с леденцом, выборочно стопают.",1
"Ленпоселок, возле остановки Перезд, стоит бусик их человек 5 там",1
Посёлок Ростовская-Марсельская ездит скорая без номеров ТЦКшная.,1
Базовая поворот за Эпицентром,1
"Шклярука, зеленые на бусе тормознули мужика",1
"Шклярука/пограничников белый бус, прессовали парня",1
Маяцкая трасса базар Петродолинское стоят люстры с ряжеными.,1
Заправка напротив Эпицентр Таирово 5 недобитков одного человека окружили,1
Парковка мегадома ближе к зелено у рынку стоит бус тцк,1
"Тцк на заправке ОККО перед эпицентром. Два буса, много тцк пристали уже к мужику",1
"Конечная трамвая 1, Пересыпь, сидит тцк азовец",1
Напротив военной академии,1
"Сильпо, ост. Авиаремсервис, стоит белый бус с ТЦК",1
В сторону Маршал Таврии проехала белая буханка с правой стороны дверь военной раскраски,1
Киевская радары из и в город район брсм на 16 35,1
Генерала Петрова уже по полям ездят заезд возле заправки Амик,1
Два буса в сторону десятого квартала от генерала Петрова один белый hiace один чёрный вито,1
Два буса в сторону десятого квартала от генерала Петрова один белый hiace один чёрный вид,1
Два босса в сторону десятого квартала от генерала Петрова один белый hiace один чёрный вид,1
"Генерала Петрова 46 заехали два буса, катаются по дворам",1
"Ленпаселок, Юхима Фесенка Общаги, нацыки ходят во дворе в доль гаража.",1
"Окружная око, патрулька и куча пикселей",1
Объездная око раскладывает блокпост,1
Окружная заправка окко люстра и много пикселей (06:15),1
Черёмушки район маг. Бакалея белый бус по дворам,1
Окружная. Возле заправки на мосту. Стоят. Останавливают,1
Окружная. По обе стороны. Выезд с Шевченко и напротив. Останавливают,1
Рынок початок бус хюндай по дороге на акварель,1
Центральный въезд в авто рынок «Яма»менты,1
"Не доезжая ситицентра в сторону города стоит черный бус,похож на Фольксваген,на иностранном номере. Внутри пискеля",1
Черный т4 на евробляхе по шклярука,1
На пятнадцатой черноморке-белый бус Вито тцк и мусора пьют кофе возле магазинчика,1
"Тиришковой, вход в рынок ходят вурдалаки. Будьте бдительны.",1
Базарная-Заславского два буса чертей кошмарят пацана,1
В сторону эпицентра 3101,1
Ленпас ваз тцк рено белая,1
Объездная при въезде на поселок - Блокпост!!!,1
"Внимание, Крыжановка-Днепр. Дорога, опасность!",1
Надлиманское выезд в сторону Маяк БП,1
"Рынок початок, мусора забрали Байкера,мот остался на обочине",1
ДТП Юр Академия полиция,1
Вʼїзд в Надлиманське з сторони Маяк блокпост тцк,1
Повернул на Шклярука,1
"Латовка, напротив входа на кладбище менты. В сторону брсм",1
По Жолио-кюри копейка наворачивают Опель на польских номерах будьте осторожны,1
Восход копейка у входа бусик на габаритах и три типа курят один с рацией,1
Генерала Петрова 23/2 менты крепят парня,1
"Окружная «ОККО»пьют кофе,ментов пока нет.",1
"Теплодар перекрестие на Беляевку полиция, 2 машины",1
БП Окружная на спуске после заправки ОККО,1
В сторону ситицентра,1
"Обьездная,ниже Окко в сторону Куяльника БП",1
"Поворот за Эпицентром на Базовой стоят две гиены, тормозят авто",1
"Березовка,автостанция стоит бусик крутяться 2 чела.",1
"Район Базарчика, Слободка. Реношка и бус W. Ездят медленно, высматривпют жерт. Осторожно!",1
"Пересыпь,Щёголева-Одария, на углу серый бус с тцкашниками. Время 10:58.",1
"На остановке напротив магазина Копейка, возле радио ринка, стоят вместе с полицией",1
Экспострой черный бус тцк,1
Юго-западный масив два мусора на мотоциклах медленно катаются на мотоциклах,1
"Приус люстра стоят на парковке Таврия ТЦ Волшебный мир, пока никого не трогают",1
"Добрый день! Между Майорами и поворотом на Теплодар, как ехать на Кучурганскую трассу БП из 3-х тцк с автоматами",1
"Слободка! Район церкви, Курсирует жёлтый бус полный зелени.",1
"Слободка! Церковь возле, базарчика, Курсирует жёлтый бус полный зелени.",1
"Слободка, конечная 165 маршрутки чёрный бус хюндай Х1 полный тцк",1
"Теплодар выезд на Белявку - блок пост тцкунов, но без ментов.",1
"Пересыпь ездят патрули,оставляют просто так",1
"Черёмушки, мои родные. Идёмте домой. Ещё немного потерпеть и гнать упырей с мусорами Тису переплывать...",1
"Возле 3 хлебзавода (Слободка) стоит автобус нацгвардии, рядом 4 упыря по форме, на всякий случай будьте внимательны.",1
"Ситицентр,под куполом, стояли военные,спрятались там возле сто",1
32 школа Черемушки мусора по дворам. Тима не за горами,1
"Ленпаселок героев труда, хундай серый и дастар синий. Шухер",1
Админ. Братик. Приятного аппетита. Извини за беспокойство. Тут на ₽2 школе (Черёмушки) бегают вшивые вонючие мусора за пацаном. Хотят байдарки наверное заказать. Тима глубокая ))),1
Седьмая люстдорф круг белый вито и серый транспортер трясут мыжика,1
"Перекресток Таврия маршал, возле заправки ВСТ стоят полиция, тормозит",1
В Ильичёвске было всё спокойно до вчера. Ментам дали приказ задерживать кто в розыске. Все кто может пишите. Моргает фарами. Спасибо.,1
Объездная ОККО стоит полиция возможно ждут зелёных может быть блокпост,1
"Генерала Петрова район Сильпо, белое рено пирожок",1
"Окружная, ОККО ГЕЙ ПАРАД, будет блок пост, пока пьют кофе,",1
Генерала Петрова 57- ЖЕК катается жёлтый Логан ВН0851НО и бус мерс ВН1932ВВ,1
Облава на Черёмушках темный Вито и жёлтый кенго район Сильпо во дворах,1
На 9.10. Опять вернулись. Китайский рынок. Оп. Перехват.,1
"Окружная, перед съездом на Киевскую трассу менты!",1
Китайский рынок чисто,1
‼Клеверный мост киевская трасса блок пост БП в две стороны мусара ТЦК,1
"Великий дальник новая почта, возле кофейни, бус пиксельный тцк окна затемнение, не понятно чит внутри. Аккуратно кто идет за кофеем",1
Заболтного ушли на круг окружная полная машина пиксель,1
"Корсунцы-Красносёлка катаются хюндай, разводят на деньги даже если есть отсрочка или бронь, свет перегар ремень по умолчанию, нет денег сразу вызывают воинов тцк Аккуратно в этом районе",1
Тцк войково Слободка,1
"Генерала Петрова сзади Сильпо, катается дворами полиция",1
М Арнаутская / К Маркса мусора остановили джип вышла женщина но мусора осматривают тачку похоже в ней ещё кто то сидит.,1
С 6 Чер.дор.тцк повернули на фонтанбелый бус,1
"Патрулька возле ВОГа,Пересыпьский мост.",1
Окружная ОККО стоят.,1
Эпицентр 7км запаковали пацана на поле!! Ещё две машины стоят на мосту в сторону седьмого на евро номерах.Осторожно!!!,1
Серый vitо и серебристая блендер поехали от Серова поехали к базару Староконному,1
Уехала по 25-й,1
Слободка Бабичев ставок красный Рено трафик стоят курят,1
Привокзальная возле парковки полицаи. Будьте осторожны.,1
В радужный в поле поехали два буса тцк,1
Радужный черный фольц,1
"Мерседес Вито,чёрный Таврия Маршала,кошмарят парня",1
Объездная в сторону поселка где арбузы были ставят блок пост,1
Генерала петрова двадцать пять а серый буз ездит снимает на телефон,1
Камыши объездная все и менты и тцк,1
12.15 частный сектор район щорса-туристкая два серых Хендай H1 курсируют-патрулируют в поиске кого забрать.,1
Шевченко окко окружная блок пост в обе стороны,1
"Хюндай Н1 2646 заехал на ОККО, 25 чапаев/космонтав.На Кругу. Пьют кофе.",1
ОККО Шевченко блокпост поднялись с камышей объездная БП,1
"Таирова, Черёмушки ВНИМАНИЕ!",1
Эпицентр в сторону паскота за светофором менты.,1
Генерала Петрова 27/5 полицаи на Дастере в сторону 10 квартала,1
17:35 темный бусик стоит на полосе перед поворотом на люстдорфскую,1
Маршал сити авария забили самокатчика,1
От Эпицентр до Маршала пробка ппц. Походу из-за аварии,1
"Черняховского-Говорова на остановке бус, стоит на аварийках пока, кто внутри непонятно, осторожно",1
"Люстра остановила машину, угол Краснова-Адмиральский",1
Копейка на против сундука. ‼,1
"Что там ""копейка напротив сундука""?",1
"Виїзд з Високого п-ка на Мечнікова в сторону Сьальканата, біля мийки",1
"Во дворе Генерала Петрова 27 стоит светлый бус, наглухо тонирован, на евробляхах. Вероятно пасут кого-то",1
Новая Почта Нерубайское. Терминал 2. ТЦК у входа... Район Нерубайского моста...,1
Окружная ОККО белый бус Ниссан ванет. Без мусоров.6:00,1
"Окружная ОККО, собирается твари.",1
Эпицентр парковка на против 7го неба,1
Эпицентр в сторону поселка мусора,1
В Радужный заехал белый Н1,1
Центролит-Эпицентр Менты с радаром только подъехали,1
"Пересыпьский военкомат, всех везут туда",1
Рихтера 7 степная тцк по Рихтера и переулкам,1
"85 Новая почта, дворы",1
"Радужный, чуть ниже АТБ стоит белый авто с синими номерами. В салоне нелюди. Пока только смотрят!!!",1
Старопортофранківська угол мечнікова,1
Возле Помодоро какая-то движуха,1
Степовая-Запорожская-Болгарская катается серый Вито часть номера щаклеена серым скотчем.,1
Под Куяльником БП,1
Генерала Петрова 46 уже остановили мужчину,1
генерала петрова серый т5 катаются проехали атб,1
Новая почта 85 дворы,1
"За Авророй стоят оливки,перед этим было 2 машины стояли курили чел 8 одна уехала вторая осталась",1
"На перекрёстке дальницкая-степовая катается тёмный фольксваген, внутри люди в военной форме. Будьте осторожны",1
Бус военной раскраски проехал Сундук в сторону Маршала Таврии,1
Зараз на Ленпоселок патріотична ТЦК шманають циганів,1
Ленпас поле со стороны бойни поехал серый рено,1
фольц серый на махачкалинской-днепро катается,1
"Гастелло перед Таврия Аеропорт, Пежо черных проверка пешехода",1
"Генерала Петрова, после заправки Амик,поворот на стоянку, мусора остановили парня, проверка. Будьте осторожны",1
Ребята что то происходит на 3 заезде в радужный стоит уклон такси машина и возле нее мусора стоят что то пасутся?!,1
И по Эпицентру напротив с этим отделением катается медленно пиксельный джипик,1
Эпицентр таирово 15 минут назад два бусика черный и белый,1
Посёлок Котовского доехали до Днепропетровской дороги серый бус хотели вдоль дороги к ребенку выскочить притормозили,1
Генерала Петрова вдоль парка синий бус полный,1
Окружная ОККО белый бус Ниссан ванет и мусора пока на заправке стоят.,1
За Эпицентром,1
"Окружная дорога, ОККО БП",1
"Два фургона,один светлый, второй темный повернули на Б. Хмельницкого с Мясоед. Актуально на 6:40",1
7 км. Парковка на Эпицентре осторожно катаются на сером бусе,1
Эпицентр 7км очень осторожно серый бус на ненаших номерах прячется на парковке возле почты,1
"Шклярука, жд больница,белый мерседес вито, проверяли мужика",1
Теплодар со стороны Беляевки патруль,1
Ленпоселок. Надежда возле переезда. 3 с леденцами тормозят,1
Мойка возле Таврии Маршал людоловы в засаде,1
Волц серый тонированный Генерала Петрова возле Евы,1
Ипподромный переулок мусора,1
Золотое рено в паре с белым фольвагеном заехали во двор Жолио-Кюри 26 36.,1
"Ленпосёлок, Полимер за остановкой стоят менты, ловят",1
Ребята. Голубой Дунай( Слободка) очень серьезный блок пост,1
Генерала Петрова 57/Сильпо/ЖЕК,1
"Красный бус полный ТЦК Гастелло 92,напротив школа,0427 ВН поехали по Генерала Петрова",1
Окружная с поселка выставляют Б/П возле ОККО,1
БП с поселка окружная Окко на 12:15,1
Будьте осторожны окружная дорога возле заправки ОККО блокпост с двух сторон актуально на 12.23 Берегите себя,1
Хмельницкого угол Ватутина мусора и тцк,1
"Застава 1 прирельсовая, красный рено трафик с уродами.",1
"Также возле надежды (ленпоселок) был замечен микроавтобус Mercedes с военными (мало ли, вдруг таки тоже тцк)",1
Красный Опель вивара по леманой в сторону куяльника полный чертей берегити себя!!,1
"Окружная, поворот на Корсунцы ДТП, стоят 2 патрульки и одна сразу за поворот, там где продают доски и дрова",1
Ресторан Море дальний пляж где был бассейн внедорожник на Немецких номерах у воды человек 6 фоткались....явно не военные.,1
"Возле Эпицентра 7 км за остановкой полиции, как ехать в город,остановила парня не понятно что там",1
"Таврия маршал, возле мойки в темноте трутся мусора!",1
Так же стоят прямо рядом с ЖК Апельсин,1
"Окружная ОККО мусора кофе пьют, без зелёных.",1
Окружная око люстра,1
Черёмушки черный Транспортер на бляхах кружит внимательно смотрим.,1
Генерала Петрова Мясолюб ТЦК,1
Генерала Петрова 27/4 трое тцк гонятся за парнем.,1
Радужный три буса тцк поехали на конечную 145,1
машина полиции Жолио-Кюри/7 Суворовская стоят двое. Возле моста на Шевченко,1
"Генерала Петрова 57 облава, тцк принимают мужчину",1
Церковная- Чепиги.СТО.движ.,1
"Жолио-Кюри 24а, прессуют парня у дороги менты, синяя Нексия",1
Подъехала одна патрулька потом вторая скорее всего будут готовить блокпост будьте бдительны,1
"Таврия Навторов на 8:03, на против хода стоял белый бусс опель чёрные тонирование окна, от ехал где-то в этом районе треться.",1
"Радужный,по полю два буса",1
Возле тайского бокса клуб Капитан трусят полиция на Жолио-Кюри.,1
Пересыпь. Чепиги 11. Стоит полиция а рядом прошли военные с оружием,1
Район жд-привоз 2 буса белых вито и спринтер,1
Обездная в сторону куяльника Мерс 124 всем известный,1
"Китайский рынок, главный вход, полиция!",1
"Новая слободка, конечная на кладбище, 2 буса серый и чёрный, пиксели",1
По Хмельницкого на джипе высматривают на болгарских номерами,1
"Тцк парковка эпицентр возле 34 отделения, человек 6 примерно",1
"Сити-центр Таирова центральный вход серый фольц тцк, один вышел пошел во внутырь ТЦ, сейчас.",1
"Слободка, белый Фольц Кадди на Одесской 58 во дворах, внутри зелёные гоблины. Стоит закрытый при виде потенциальной жертвы открывают двери и выпрыгивают!",1
"Копейка напротив станции Восточная,бус на аварийке стоит,рядом военный",1
"бородинская улица, ленпосёлок.",1
Свет выключили новая Слободка когда включат,1
"Генерала Петрова, 7/3. 2 буса.",1
"Стоит бус тцк возле ситицентра Таирово, в районе парковки/служебных выходов. Ловят честных работников. Будьте осторожны они тут вечером зачастили",1
"Мельницкая-Аккордгая БП за светофором в сторону ивановского, и соответственно с ивановского до светофора в обе стороны",1
Блок пост Пересыпьский мост выезд 20 трамвая.,1
Шклярука ТЦК,1
Объездная перед кладбищем после поворота на корсунцы полиция останавливает всех в обе стороны,1
"Окружная выезд с посКота, возле кладбища не доезжая ОККО полиция. Сама. Тормозит кого успеет, всех подряд",1
"Объездная дорога, кладбище - полиция в обе стороны",1
"Окружная, Корсунцы. Сразу после мойки, возле металлоприемки. Стоят менты, тормознули две машины.",1
"Вильямса-Ильфа,китайский рынок!Сразу за поворотом стоят мусора с леденцом",1
Киевская трасса. Въезд в город. За заправкой брсм. Колядныки с радаром,1
Кадорры сороковая жемчужина на выезде из паркинга полицейская машина время 8:35,1
"Окружная -Корсунцы,в начале кладбища, стоит экипаж полиции,на две стороны бегают, и НИ ОДНА МАШИНА не мигнула фарами!!! Чё с вами? Трудно нажать клавишу????",1
"Сильпо, стоянка 40,41 жемчужина кадора,полиция",1
Жолио-Кюри 26 во дворе зеленый джип тцк,1
"Объездная. На подъёме за Хаджибеем перед поворотом на ""Яму"" патруль контролирует оба направления.",1
"Менты стоят на Скания центр (Объездная дорога, после Генри Форд)",1
По шклярука ездят два буса.медленно. с ТЦК. Белый и серый,1
"Пересыпьский мост, в сторону города, старый бусик цвета хаки на чёрных номерах, в сторону центра города, 9:20.",1
Объездная дорога от поселка перед Куяльником на повороте менты останавливают,1
"Юго-Западный в сторону Таирова стоит на остановке белый хюндай 3358, внутри все на месте. Аккуратно в том районе. Актуально на 9.20",1
"Киевская трасса въезд в город, за заправкой БРСМ два экипажа полиции с феном",1
9:38 коричневы Басик 1631 поехал в сторону генерала Петрова,1
Катается по кругу сегедская-армейская-лунный переулок,1
Объездная Генри Форд много полиции,1
Якира-25-я Чепаевская БП,1
Радужный 20 дом в поле,1
"Ленпоселок, Базарчик рядом с преездом, ТЦК выскакивают к людям.",1
Рынок Початок Т4 серый,1
Новая почта 26 из-за дома выехала красный бус Опель,1
"Ленпаселок, перон застава один, литает дрон. Будьте осторожны",1
Окружная дорога напротив Шевченко перекрыта тцк,1
ОКРУЖНАЯ между ОККО и УКРНАФТОЙ. БП!!!!!!!!,1
"Пересыпский мост в сторону поселка два непонятных спринтера, белый и желтый",1
По самой Туристической одностороннее движение к Г. Петрова,1
"Объездная,камаши,возможно готовится блок пост",1
"Объездная,за Укр Нафтой мусора!",1
"ленпосёлок, авангард.",1
Киевская радары за и напротив брсм на 16 30,1
Вход на рынок. Бус с тцк-шниками(п@д@ры),1
Сильпо массив копы приехали обедать,1
Черная Таврия 2 буса тцк,1
"Район эпицентра таирово, бел спринтер 3101,нарезает круги",1
Юз за Сильпо кататься по дворам зелёные пристают к парням два буса,1
"вулиця Академіка Корольова, 96 вибігли з буса фольц побігли у водвори за ним напротів таїровської таврії",1
От таїровської таврії уїхали по Вільямса в сторону люздорській,1
В сторону маршала Таврия Н1 2646 на 05:43,1
В кодорах со стороны Маршал Сити менты заехали стали стоят просто,1
"Степная (Застава-1), тцк забрали парня. Актуально на 7:10.",1
"ОККО с Посёлка Окружная готовят БП, очень много их",1
"Заправка Wog за мостом( объездная дорога),полиция.",1
ВОГ Окружная поселок МЕНТЫ паркуют машины 8.47,1
Люстра заехала на экспострой,1
"9.04 Радужный, заезд по плитам ближе к полю, на остановке темный бум и военный",1
Окружная.выез. ОККО. БП,1
"Жк Апельсин, со стороны бисквитного, 2 буса тцк проверяют мужика.",1
Второй обратную сторону возле эпицентра,1
Новая почта на зеленной,1
Возле Скай Сити.Проехали два буса черный фольц и серый Вито. Внутри минимум по 3 жандарма,1
Два буса ТЦК заехали на РАДУЖНЫЙ,1
Пересыпский мост. В сторону города,1
"Радужный окуратно, только что заехали тцк и полиция!",1
"Во дворах,где Новая Почта и бывшее кафе ""Маска"",катается Renault Duster полиции,кого видят подходящего под призывной возраст,останавливаются с целью проверки документов.",1
Возле эпицентра напротив Амика стали менты и выборочно останавливают,1
Привозят улов на медосмотр,1
Над Черноморкой летает ТЦКшный дрон,1
12:28 7-я Пересыпская в город,1
На радужный заехал бус и мусора к варус едут,1
Перед Маршал-сити метров за 500 в сторону города ловят мусора,1
Конечная 145 радужный менты на дастере внимание,1
На парковке ТЦ Маяк полиция.,1
Конечная 145 радужный полиция на дастере 3 человека,1
Черный внедорожник на Днепропетровских номер,1
3101 клюшка-королёва / бурса N54,1
"Радужный 6 дом, всех штормят",1
"Объездная дорога после поворота на Корсунцы,менты тормозят без планшета",1
"Ситицентр Таирово, полный ТЦК",1
Окружная выезд с поселка менты в две стороны. Тормозят выборочно,1
Тцк на сером т5 завернули напротив ля Сильпо Генуезкая 3 поехали между 36 и 26 жемчужиной,1
"Мельнинская 20,возле церкви в сторону Б.Хмельницкого стоят два экипажа останавливают машины!",1
Слободка Хлебозавод Чьи гоняют тцк и полиция,1
Хлеб завод слободка 2 буса на парковке тцк с ментами ищут жертву,1
Объездная мусора,1
"Стоянка пляжа дельфин-Калетон белый бус тцк, и легковая машина с облезлым капотом.",1
3101 спринтер от маршала в сторону кладбища на светофоре,1
"Філатова 23 серий бусик, воєнний біля бокового входу стоїть актуально 13:35",1
Серый бус в сторону 25-й чапанская дивизия.,1
"Наблюдаю картину, бус номера 9105, стоял возле роддома #7, потом тцк пересели на чёрную теслу и уехали кататься в сторону генерала Петрова",1
"На таирово, да и в целом в городе появилось за последнюю неделю много новых Днепропетровских машин, начинаются на АЕ, половина так точно это не бусы, а внедорожники, вылетают в балаклавах, это 100% подкрепление нового главы",1
Полиция Радужный опасно,1
"5я люстдорфки, в сторону 3ей, полиция поставила машину",1
Объездная око полиция и тцк пока что пьют кофе,1
В сторону Николаева напротив Эпицентра стоят мусора,1
Выезд из Посёлка в сторону Николаева напротив эпицентра менты тормозит в три руки,1
"Генерала Петрова, пешеходный -профитроли авария в левом ряду,собирается пробка",1
Заправка ВОГ белый Вито на против эпицентра поселок 4оливки,1
Посёлок кот. Эпицентр выезд с города менты,1
"в сторону Маршала,менты стоят тормозят ввборочно",1
Сокар по направлению в Коблево на островке стоит люстра ставят за свет,1
Ленпас колесят по всем улицам белая машина на ин номерах как Канди два стекла только на двери,1
"Ленпоселок, синий т 5 возле Надежды на переезде, осторожно!",1
Черёмушки. Ивана и Юрия Лип. По дворам серый аутлендер и синий дастер с бомжами,1
От Пересыпьского моста в сторону поселка поехали. За ними полицейские третье,1
Китайский рынок менты стопают машины,1
В районе генерала Петрова только что запаковали парня ублюдки.,1
Буз Мерседес євробляха через Аркадію на Каманіна,1
Патруль перед брсм в сторону города Киевская трасса ловят на скорость,1
Б/П Тотус около заправки БРСМ,1
Слободка хлеб завод на повороте хлеб завода стоят тцк и чуть дальше менты,1
Слободка!!! Очень окуратно! Очень много их ездит! Друг за другом много машин,1
"Слободка - три буса по разным улицам, не считая патрулек полиции.",1
Таврия возле мужского монастыря,1
Эпицентр 7 км прессуют пацана,1
Грушевского-Почтовая под мостом две машины,1
Ответ человеку про ленпас. Ленпоселок от авика до первого переезда.,1
2 буса тцк возле скай сити на черемушках проверяют ребят,1
В сторону Куяльника едет renault на чёрных номерах.,1
По объездной в сторону куяльника поносный вито,1
От Юго-западного в сторону 1й станции люстдорф.дороги поехали мусора,1
Фольцваген повний тцк підʼїхав до зупинки жк апельсин прижився зо на зупинці зовсім старенький дідусь і повільно попри тротуар поїхав в сторону жд,1
"2 буса тцк ідуть по Філатова в сторону дома меблі. Тільки що когось пакували. 1 бус на євро бляхах, інший номер Вн 91 ділі забув. Людей 8 їздить. 20:42",1
Окружная ОККО белый бус Ниссан ванет без ментов.,1
"Окружная окко, кофе допили, будет пост. Сегодня людоловов прям много",1
Чорный микроавтобус медленно катается во дворах Юго-западный масив фолц. С тцк,1
Серый оутлендер и темно синий Дастер поехали вниз по Ольгиевскому спуску и повернули на Балковскую в сторону моста Пересыпь,1
Степная конечная 8 троллейбуса. Черный Бус Опель. Бегали за пацанами но не удачно слава богу.,1
"Переезд Старолюстдорфской и Ильичёвской дороги, два экипажа полиции тормозят в сторону Одессы. Высматривают мужиков за рулём.",1
"Генерала Петрова 45, заехали во двор и сразу мусор с планшетом выскочил из белого дастера к мужику, 7.56",1
Трасса Ильичевск-Одесса за переездом в сторону Одессы стоят 2 патруля с леденцами,1
Золотое рено и белый бус поехали в сторону Куяльника,1
"Генерала Петрова, сзади Сильпо, по дворам тцк белый пирожок и зеленый мерс на евробляхе",1
"Генерала петрова, белый тонированные витто с чёрным дастером в сопровождении",1
Рено белый каблук припарковался в камышах окружная с поскота. Могут собираться на блокпост,1
Объездная! Будьте осторожны! их тут облава! Точный адрес сказать не могу! Как только уходить на камыши,1
Слободка катается белый течик,1
"За поворотом на рынок «Яма» менты,много.",1
В дополнение по шовкуненко номера 9341,1
Генерала Петрова на против новый почты 125 полиция крепит двух мужиков. Походу машину припорковали на тротуаре,1
"""Привоз-вокзал""",1
Эталон вокзал-привоз,1
"ТЦК-мобиль с тремя по гражданке,автостанция,10-40",1
"Радужный возле 6 дома между копейкой на парковке, бус сталкер, внутри никого. осторожно",1
"Слободка по переулкам подозрительный опель виваро на евробляхе, будьте внимательны",1
"По поводу слободка опель виваро черный на евро номерах, часто курсирует в квадрате со стороны базарчика увидели данное авто бежите,в нем экипаж отбитых эсэсовцев зеленых.",1
Объездная как к Куяльнику ехать. С поселка. Полицаи стоят,1
Черёмушки и Таирова очень много полицейских машин ездят во дворах,1
"Рынок Початок тцк, будьте осторожны!!!!",1
"Радужный 8, возле 2 парадной стоит серый бусик Мэрс, полностью тонированный, даже лобовое. Стоит больше часа, никто не выходит и не заходит. Периодически открывается пассажирская дверь, на маленькую щёлку.",1
"Генерала Петрова заправка амик два дастера рено непрнятный движ, стоят курят наблюдает",1
Белый бус с тцк катается во Юго-западный масив,1
"7-я пересыпь мусоросвалка, напротив стоит белый спринтер в камышах (?)",1
Киевская при въезде в город перед брсм полиция с радаром,1
По генерала петрова медленно катается патрулька туда сюда,1
Копейка кадоровская галерея,1
"Ленпосёлок, много бусов.",1
И во время нас предпуредила о тцк во дворах нашего дома около 10 вечера (Филатова-Космонавтов ),1
10 линия поселок полиция на аварийке с маячками,1
Днепропетровская дорога 84 около Мармелада участковый приехал и с ним двое зелёных около гаражей и служебной машины,1
"Курортный переулок, жк АТМОСФЕРА, белый Богдан, на жёлтых номерах))",1
"Генерала Петрова 23,во дворе пасётся серый бус, внутри ухилянты пасуться в поисках кандидатов!",1
Ленпоселок остановка профилакторий. Серый фольц обступили мужчину. Много,1
На Радужный заехал Черный вито,1
Ленпоселок. Тёмный дастер на иностранных номерах. Пресовали парня на велосипеде. Угол горизонтальной/патриотической,1
"Генерала Петрова 1,на торце дома возле новой почты полиция стоит",1
Проехали по дворам мерседес серый и пежо пирожок жёлтый в сторону Генерала Петрова,1
"По Жолио-кюри 60,62,64, ездить две машины в них ТЦК.",1
"Въезд в Беляевку, со стороны теплодара менты нюхачи",1
"Генерала Петрова 54,напротив школы оливки на белом каблуке вн 1222",1
"Зелёный вито красные евро номера, куча зелёных, степная в сторону заставы. Будьте бдительны.",1
Ленпосёлок много!!!,1
7 степная залетел,1
"Генерала петрова 49/2, 2 буса, серый хюндай и белый мерс, друг за другом.",1
Зильоний віто стали под Івановскій мостом,1
"По Пионерской к площади Дастер,люстра выключена",1
Вито серый и синий Ситроен повернули с 25 на маршала в сторону Сити 16:16,1
"Слободка район базарчика черный бус Н1 на бляхах, медленно.",1
Новая Слободка черный h1,1
"Атб Г. Петрова, стоит Дастер Нац. Гвардии, внутри цинкуют.",1
Только что два буса с тцк Інглези коюшка. Заехали во двор,1
Два буса с тцк катается по дворам Юго-западный масив,1
9фонтвна. 2 буса. Возлі сільпо. Відкриті. Дверки луче. Там не ходити Бережіть себе,1
По Пионерской,1
Степная тцк,1
Окружная ОККО. Готовят БП.,1
Блок пост ОККО окружная,1
Окружная ОККО БП поселок сейчас в обе стороны,1
БП Окко окружная в 2 стороны,1
"Ленпоселок,Северная улица черный вито на не наших номерах",1
Дворы Краснова-Героев пограничников каждое утро жёлтое кенго и серый Вито заднеприводные ловят.,1
Обьездная перед ОККО возле кладбища в сторону Куяльника менты тормозят,1
Объездная после подъёма с Куяльника в стороны рынка Яма два патруля.,1
Окружная ОККО полиция в обе стороны всех подоят тормозят,1
Окружная перед ямой полиция тоже всех тормозят,1
Китайский рынок. Полиция стопает,1
"Ленпаселок шухер, ездит чёрный мерседес вито с чертями. Будьте осторожны",1
И на самом Куяльнике стоят менты.,1
Радужный заехали РЯЖЕНЫЕ,1
На подьеме в сторону ямы за Куяльникои 3 экипажа полиции тормозят всех подряд,1
Нифтяники базар тц в обычной одежде и мусор,1
Заехали тцк на радужный,1
ВСЯ Слободка перекрыта с нескольких сторон,1
ТЦКашников море - помогают менты,1
Ленпоселок приус северная горизонтальная,1
ОККО объездная стоят пьют кофе,1
"На 25-й скорая вояк постоянно там стоит, бус первый раз там",1
"Севастопольская, на спуск к Староконке. Бус Дельфинарий. Возможно ТЦК",1
Одесса армянский переулок заезд в порт два автобуса один тойота белого цвета другой Sorento заезжают на территорию порта всем внимание,1
Рынок Регина/13 трамвай,1
Новая почта 61 генерала Петрова,1
Среднефонтанская-Семинарская(под мостом жд) стоят много и собака.16:05.Осторожно!!!,1
"Вниз по Жолио-Кюри желтого цвета бус,полностью затанированный",1
Объездная ОККО менты,1
"Ленпаселок переезд крайния, скорая на красных номерах и сзади серебристый хундай. Будьте осторожны",1
Днепропетровская дорога 108 выходим соседи парней спасти нужно.,1
Генерала Петрова возле АТБ 3тцк стоят,1
Жолио-Кюри 27 во дворе белый каблук и белый бус.,1
"За эпицентром 7 км, Базовая - экипаж полиции",1
Мылка эпицентр нюхачи с 2 сторон,1
Генерала Петрова 57/ЖЕК,1
генерала петрова 61 осторожно во двор заехал серый вито,1
"Генерала петрова 51, опасно",1
Объездная перед ОККО кладбище/Шевченко,1
Окружная кладбище перед ОККО менты стопают всех,1
"Смартлаб,новая почта,копейка -Пишоновский спуск!!!!!!!!!Осторожно",1
"ТЦК съехались в Киевский район, ехал на работу срисовал 4-5 машин, будьте осторожны.",1
"Ещё екипаж ментов на Объездной возле кладбища в сторону Куяльника,тормозят в две руки",1
Окружная 09:04 БП!!!!‼,1
"Здрастуйте, Колонтаівська возле таврия В -белый бус с тцк",1
Радужный второй въезд как ехать в атб,1
Окружная дорога сразу за мойкой вок стоят менты,1
"Бизнес-центр Черёмушки, Серый Hyundai бус пасёт",1
Окружная дорога перед кладбищем менты за мойкой green вosch,1
Окружная 52 линия МЕНТЫ паркуют машины 10.00,1
Таврия Недельна на против входа ТЦК на 10:45.,1
"Тот же вито и желтый кенгу поехали обратно вдоль домов 27,25 в сторону генерала петрова",1
БРСМ на Латовке два буса синий и серебристый Мерседес Опасно,1
Ленпосёлок улица станционная заехал белый бус на чёрных номерах,1
"За черноморкой заправка мотто в сторону центра, синие!!",1
"За Черноморкой, заправка МОТТО - полицаи",1
Степная ходят,1
"Ленинградское шоссе, въезд с Киевской трассы, за БРСМ спрятались, так что не разгоняйтесь, радар",1
Эпицентр посёлок минуты стоят с выключиной люстрой на светофоре,1
"Эпицентр, таирово,на парковке серий мерседес вито,щимят мужиков",1
По Эпицентру уточняйте пожалуйста на какой парковке. Их две.,1
По объездной сторону куяльника поехали полиция на sandero это Коминтерновский походу станут возле кладбища или на око где-то,1
Аллея эпицентр стоит бус,1
7 я пересыпь стоят возле заправки око в сторону города,1
"Научитесь уже писать конкретно или позже но правильно, какой эпицентр момент,Таирово,7км?...или уймитесь и просто не пишите..",1
По бабеля как єхать на ідеал тоже бус стоит і мусора без мігалок єто добавляю ребят пока на балковскую не суньтесь,1
Соренто зелёное тонированое Жолио-Кюри ездят медленно,1
"Добрый вечер,только что по улице Октябрьской революции в сторону улицы Шклярука поехали 2 Вито черный серебристый цвет.",1
Черная Таврия мусара,1
"Генерала Петрова 55, во дворах ""упаковали"" типа с собакой.",1
2 Мерседес Вито серый и черный поехали в Радужный,1
Китайский рынок Таирова синий минивэн пресуют двух парней,1
От 33 школы в сторону ситицентра 0420 едет смотрят жертву,1
"Генерала Петрова ""Сильпо"" уже обкатывают по дворам темно зелёный бус мерс",1
"Окко окружная с поселка - приехали оливки, подогнали бус. Скорей всего будет БП. 8:05",1
"Окружная окко пригнали бус и менты уже стоят, скорее всего будет БП",1
Менты возле Амика Окружная (яма),1
"Окружная, АЗС Амик, поворот на Яму БП",1
"Окружная, за Wogом мусора позорные в два чупика. Не забываем свет и ремни.",1
Окружная WOG мусора,1
Окружная Яма 2 стороны много ТЦК,1
В ЖК радужный заехали два мерса (черный и серый ) парой,1
Киевская трасса въезд в город за БРСМ полиция с радаром,1
"Радужный,конечная 145 серый мерс стоит ждет",1
Юго-Западный за Сильпо хундай 9582,1
"За эпицентром в сторону Николаева, полиция тормозит проверяет документы. Ремень, перегар и т.д.",1
Радужный возле атб тцк по гражданке пока стоят по телефону говорят,1
2 буса тцк заехали на радужный в сторону атб,1
"Слободка/Х.завод! 2 буса белых,толпа полицаев!",1
Мусора тормозят выезд из поскота объездная кладбище,1
За посёлком в сторону Николаева после эпицентра полицаи тормозят машины,1
7 пересыпь возле копейки. Синияя Вито на пешехода. Проверяют пацана на сейчас,1
"Окружная,выезд с Поселка,за Т - образным перекрестком -МЕНТЫ-АККУРАТНО!!! Пос.Котовского- Аккуратно, они везде!!!",1
"Окко Объездная, тцкуны с мусорами пока пьют кофе, возможно будет бп",1
"Товарища приняли на посёлке Котовского, отвезла в суворовский военкомат (ТЦК)на посёлке Шевченко, И буквально через 2 часа загрузили группу из 10 человек и увезли в Винницу.",1
1 тцк в сторону центра города Пересыпьский мост,1
аллее эпицентра стоит серый бус,1
Ленпас поле катаються упыри,1
Два джипа по Обнорского ленпоселок,1
"Тцк ленпоселок Рено чёрное кроссовер и хюндай кроссовер серебристый на улице Обнорского, осторожно!",1
"За таврией Маршал, в сторону Ильичёвска стоят мусора",1
"Генерала Петрова 58, какой-то хрен в серой куртке ходит фоткает машины,походу номера.",1
Китайский рынок мусора всех хлопают никого не пропускают.,1
"Окружная ОККО, куча зелёных, возможно будет блок пост",1
Окружная ОККО на заправке много зеленых пьют кофе,1
Межлиманское за БРСМ с сторону поселка БП ‼‼‼,1
Малодолинское на кругу перед поворотом в направлении Александровка-Ильичевск полиция с леденцом,1
Блок пост (ЗОР-пицерия ),1
Белый Хайс старый въезд в радужный ТЦК проверка документов,1
4 суворовская линия/Жолио-Кюри стоит Мерседес не наши номера. 1 пиксель и сзади ещё. Сидят просто ждут видно,1
"Конечная трамвая,пересыпский мост,тцк,",1
ОККО БП окружная в две стороны‼,1
Руко окружная блок пост.,1
Окко окружная блок пост гуси вышли на охоту в две стороны. Будьте осторожны,1
Объездная дорога заправка okko в обе стороны осторожно,1
3 люстра погналась на генерала Петрова,1
Окружная ОККО ТЦК и полиция выборочно тормозят,1
"Генерала Петрова 54,возле входа в школу,припаркован приус белый на мусарских номерах",1
"Рынок Початок,ходит петушок низкого роста в черной форме,наперекосок военная сумочка,высматривае передает данные,будьте аккуратнее.",1
Ленпаселок белый дастер на чёрных номерах. Будьте осторожны,1
"Юго-западный за Сильпо, в том районе, пару бутиков катаются",1
Ситицентр заехал бус с люстрой на парковку,1
Таирово ситицентр принимают у центрального входа,1
"Генерала Петрова 23/1 и 21 пролетел на бешеной скорости синий бусик, непонятно кто это, будьте осторожны",1
"Сейчас либо стоят возле сильпо, либо ездят по району - но, если вы читаете (дебилы из тцк) - то знайте что МЫ предупредили ВСЕХ прохожих возле сильпо и мака что вы там пасётесь))",1
Генерала Петрова люстра,1
Ленпоселок катаются на л200 тцк,1
"Сити-центр Таирова, на парковке ТЦК.",1
Радужный синий Вито бус заехал два мусора в нем,1
Ленпосёлок улица станционная заехал зелёный вито,1
"3 ст Люстдорфсой, белый спринтер",1
"Ленпоселок, переезд, в сторону городу, стоят менты, тормозят",1
"Окружная!!!За кладбищем,с посёлка,стоят менты, тормозят выборочно!!!",1
"Объездная дорога с посёлока заправка Окко, стоят менты",1
Менты возле моста Пересыпьского ловят за автобусную полосу (поэтому и тянучка),1
Генерала Петрова 74 Копейка серый Вито кошмарят пацана,1
На Генерала Петрова два буса тцк. Серый мерс и синий бус пассажир,1
ОККО объездная с поселка люстра тормозит,1
Китайский рынок напротив Эпицентр мусора,1
"7я Пересыпь,как в город ехать,ДТП - будет пробка,две полосы перекрыто",1
Ленпас кательня Фесенко за рельсами,1
"Ленпаселок Юхима Фесенка 11, тцкашники трутся на похоронах. Их сегодня тут очень много. Будьте осторожны",1
ТЦК Люстдорфскька дор дор 31 во дворах,1
"Днепропетровская дорога Копейка напротив ""Пивасова"" осторожно.",1
Одесские традиции. Таврия. Патрулька на мигалках заехала.. внимательно,1
Серый универсал и серый бус Вито медленно дворами в сторону генерала Петрова,1
Генерала Петрова 26 заехал серый Вито во двор,1
АТБ 7 Большого Фонтана‼,1
Жолио-Кюри 21 камуфляжный джип,1
"10 линия,детская поликлиника,поехали к школе белая Рено",1
Гостиница Чёрное море.,1
Гомики патрулька заехала на Радужный,1
Стоят возле путей вдоль забора за заводом черноморполиграфметал белый бус номеров не видно до этого был пикап серый паковали,1
"Китайский рынок от Эпицентра менты, или остановили бус или этот бус с ними",1
Ленпас Ваз перекресток дтп.,1
Бусик белый поехал в сторону 5 фонтана-останавливаются выбегают,1
"Генерала петрова,на копейка. Зелёный бус.",1
"Черемушки, ездит вот этот бус. Похищает людей.",1
В стороне Слободка -Усатова мигающие НЕБО,1
Два экипажа мусоров медленно поехали в сторону маршала Таврия.,1
Радужный конечная145 серый бус,1
ЖД! С Итальянского на Шклярука 2 буса! Серый поменьше и белый большой. Один за другим ездят.,1
"На Жолио-Кюри 64, был зелёный мерседес мл, на еврономерах, тормознули мужчину, поехали по 32 линии и этому району",1
"Тревога, в порт никого не пускают. Будут собираться и собираться",1
"Скай сити Инглегзи,н1 серый и фиат добло возле, копейки",1
Старопортофранковская-Градоначальницкая. Красный и серый бус,1
Сити-центр на Таирова ТЦК сидят в машине на парковке и цинкуют людей! Центральный вход!,1
Генерала Петрова 48а как с дороги во дворы заезжать велосипедист уже не едет - остановили и домахались.,1
"Воробёва-(слободка), возле больницы тцк, проверяют у парня доки, только что!!!",1
Арзитекторская черная Таврия,1
Черёмушки 32 школа 46 школа. дворами ездят глисты по форме. Два буса.,1
"Улица привозная какие-то два чушьпана бьют по планшету мужиков, одеты по гражданке",1
"Возле Сильпо,который был раньше Фуршетом,посёлок!стоит белый бус,возле него один стоял по форме смотрел по сторонам,высматривал",1
По обездной в сторону куяльника менты на sandero,1
Б Хмельницкого белый бус 1153,1
Полиция стала сразу за бизнес-центром с ильичёвска в сторону города,1
"Слободка, ментами кишит",1
"Преображенська / Старорізнична, напроти Книжного п-ку",1
Пересыпь и поля орошения стрельба,1
Жолио-Кюри 26 во дворе проверяют документы,1
"Жолио-Кюри 26 толкают бусик, еле завелись))",1
"Эти два буса, Н1 и Спринт, которые кошмарят Королева-Глушко-ИльфаПетрова сегодня чуть не затащили пацана. Спасибо добрым людям отбили. Шакалы!",1
Черная Таврия ТЦК бус номера грязью затерты.,1
"Средняя- бус катается выше от Таврии, останавливаются и выбегают",1
Ленпас кательня Фесенко за железкой,1
"Во дворы генерала Петрова 74,заехал бус большой и легковая серого цвета",1
черемушки опасность 2 бусика плюс обычная машина мусора с оливками катаются внутри квартала,1
"Проходная порт, 2 автобуса полных з, забрали докера прямо с машины, едут по порту наверное будет кипишь.",1
КП Дачное-ПРОВЕРЯЮТ В СТОРОНУ КИЕВА ДВЕ ПОЛОСЫ,1
"Слободка, 3 хлеб завод. На парковке стоит серебристый бус, Тойота хайса возле него стоят тцк - пьют кофе",1
Александровка ( Ильичёвская) на стороне Империи 3 экипажа ментов и охранная контора ГБР нарезают круги.,1
Объездная с посёлка за запровкой ОККО на спуске стоят,1
Объездная за окко бп ТЦК две стороны,1
"Слободка, красный хайс по улочкам в районе кладбище",1
Каролина Бугаз!Чёрное море!,1
Советской армии островидова парковочные инспекторы,1
Камыши в сторону посёлка от куяльника два буса с тцк,1
Кольцо сундук авария как ехать в сторону маршала,1
"Срочно, Мост -Пересеп!!! Копейка прицепились к мужику!!!!",1
"На Філатова, не доїжджаючи до будинку меблів, двоє тцкшників пресують хлопця",1
"Радужный, китайский дом",1
Генерала Петрова 47 мусора,1
7 км эпицентр сбили человека (((,1
Хлеб завод слободка люстра,1
"Окружная, ОККО, выезд с Посёлка БП",1
Блок пост от ст.Од.Пересыпь в сторону моста,1
"Посёлок Котовского, перекрёсток Заболотного-Днепропетровская дорога, на заправке Окко белый бус 3 штук в пикселе",1
Серый хендай 2646 по Авдеева в сторону шклярука,1
По Александровке которая возле Ильичёвска ездит красный Хайс с шакалами,1
Объездная на поселок.межлиманское брсм авария.тянучка,1
"Объездная дорога с посёлка, заправка ОККО, оливки стоят, тормозят с двух сторон. На сейчас",1
Объездная на поселок.окко блокпост,1
"Ипподромный переулок газовая заправка. Два экипажа полиции,стоят без маячков",1
Бандеромобиль с воен части ленпаса,1
"Конечная 145 маршрутки, радужный, мусора с леденцом",1
Радужный на конечной тормозят машины полиция!!!,1
БРСМ на перекрестке Латовка межлиманское Синий спринтер с непонятным номером,1
Радужный тцк Мерседес вито,1
"Теплодар ожидается облава вечером, после отключения света в 17:30",1
15.25 генерала Петрова 50 на углу возле фитнес клуба смайл. 3 человека,1
Нова почта 10,1
Молодёжное-Волна-Ника-гайцы,1
"Китайский рынок, тцк поймали 2 ребят. Серый т5",1
Варнецкая угол генерала петрова стоит два буса (синий ситроен и белая тойота ),1
А на пешеходе атб Сильпо авария,1
Генерала Петрова напротив Сильпо - полицаи кого-то оформляют.,1
Рядом с Таврией маршал,1
По генерала Петрова петляет синий бус со стариком за рулём!,1
Написавшему по поводу зверского смертельного избиения парня нелюдями позавчера возле Эпицентра 7 км.,1
"Окружная на спуске за окко, могилизаторы.",1
Генерала Петрова напротив администрации белый Доккер ТЦК,1
Тупик угол моторная-тираспольское шоссе серый пикап нисан ТЦК,1
Рабина-повернули на Генерала Петрова серый хюндай и черная реношка в паре работают.07.18,1
Окружная выезд с посёлка возле кладбища менты,1
"Терешковой-Гайдара,стоит патрульная на перекрестке",1
Окружная. Корсунцы. Кладбище. Стоят менты.,1
Окружная. Кладбище. Менты с леденцом,1
4-й хлеб завод (через дорогу от кошика)ул.генерала Петрова стоят трое оливок с папочкой,1
"Объездная 52 линия МУСОРА, тормозят машины 9.52",1
СТОЛБОВАЯ-ХИМИЧЕСКАЯ ОПАСНО‼,1
Окружная. Начало кладбища со стороны моста. 3 е Шевченко.,1
Окружная. Начало кладбища со стороны моста. 3 е Шевченко. Полиция,1
Окружная. Начало кладбища со стороны поселка. Одна машина полиции,1
"Внимание, внимание ИльичевскВнештранс люстра поперек дороги, останавливают всех!",1
Под пересыпьским мостом стоит трамвай 7 или строители что-то сверху уронили на него или он наехал на лапу рядом стоящей вышке. Заняты две полосы возможна пробка и трамвай на поскот пока не ждите.,1
Китайский рынок. Люстра в сторону Эпицентра. Остановили парня. Актуально 11.35,1
По кот эпицентр нагород мусора,1
Отрада,1
Ленпаселок профилакторий- белый фольцваген бус с передней один водитель по гражданке в салоне мент и три тцк тонирован наглухо. Второй бус жёлтый на евро номерах поехал за заправку вог в дрль путей где склады.,1
"Ленпаселок, умова перед рельсами белый бус",1
"7_я Пересыпская, переезд. ТЦК",1
Ленпаселок коайняя мусора и бус с тцк,1
Остановка эпицентр стоят менты,1
"Генерала Петрова 2 буса, белый и чёрный в паре работают, быстро убежали, хорошо что заметили..",1
"Ленпас, Умова гнались за парнем тот успел через линию убежать",1
Таврия маршал мерс Вито белый и синий бус ловят,1
"Теплодар, менты на Сандеро катают",1
"Ленпоселок, между ВАЗом и переездом остановили машину.",1
"Если Сахарный посёлок, Слободка уже на низком старте, по выходным сильно работают по частному сектору, будьте внимательны, смотрите нашу группу.",1
Днепропетровские номера принимают типа,1
Одесса-Малая белый бус тцк возле перрона,1
Поселок Эпицентр мусора в город. на трассе туман,1
"Окружная, ОККО, толпа зелени пьют кофе, золотое Рено и пару бусов",1
"За Эпицентром на Николаев мусора,стопают.",1
Райдминистрация Черёмушки,1
"Обьездная где-то в районе Окко-Куяльника БП,точно не знаю где,люди морали,спасибо им.",1
"Ольгиевская-Пастера,ТЦК и полиция проверяют документы",1
Слободка те улицы аккуратно они здесь крушляют по частному сектору чёрный sorento и белый volkswagen transporter все на польских номерах,1
Полицаи стоят за эпицентром как ехать в Николаев в обе стороны,1
Ленпаселок ездит зелёный вито с чертями. Будьте осторожны,1
Серий віто 4450 заехал во двор Шишкіна 58/1,1
"Новая Слободка, бус фольц катается 1153, высматривают жертв.",1
Ленпоселок Осторожно катается зелёный вито на литовских номерах битком зеленых,1
Теплодар тцк ходят по квартирам и ещё пара стоят у точки,1
Генерала петрова возле детской поликлиники,1
"Напротив Ривьеры-фонтанка, экипаж ментов. 5 человек всех тормозят с двух сторон",1
не доезжая до Мегадома.,1
Недалеко от калитки к кадоррам,1
Объездная на подъёме перед заправкой ОККО в сторону поселка на обочине стоят полицаи и несколько машин напротив автобус нацгвардии. На самой заправке машина полиции.,1
Объездная на посёлок на обочине кар вош зелёный Соренто и белый Н200,1
"Объездная, кладбище блокпост",1
Окружная на хаджибее возле трубы б/п в обе стороны с ментами,1
Ленпоселок горизонтальная ездит бус и каблук,1
Приехали на голубой рено или дача не разглядел,1
Юго-западный масив во дворах возле сильпо два буса пристают к прохожим,1
Черемушки. 32 школа в сторону маг Свижачок дворами. Джип сафари,1
"Філатова, кут варненської, навпроти магазину сусіди",1
СитиЦентр Таирово Белый Мерс Вито справа от центрального входа на парковке. Аккуратно.,1
Окружная! После поворота на гидрапорт в сторону посёлка 2 экипажа ментов тормозят,1
Латовка БРСМ в сторону поселка стоит 2 экипажа мусоров!,1
Перед Эпицентр На поселке Менты в сторону города!,1
Межлиманское БРСМ люстра,1
7-я пересыпь до переезда,1
Выезд ИЗ посёлка напротив Эпицентра...полиция останавливает выборочно,1
"Ленпосёлок,ул.Северный переулок, медленно курсируют тцк, Рено кенгоо белого цвета и Мерседес Вито чёрного цвета, наглухо тонированные,всем в этом районе быть на чеку.",1
Не доезжая 7-ой Пересыпьской в сторону посёлка стоит блок пост. 11.05,1
Був( течик ) з тцк на бляхах ( білий ) поїхав в сторону ланжерона,1
"Обороны Одессы, таврия,зоомаркет, только что жёлтый бус.",1
"ЖК Одесские традиции, центральный вход, напротив стоит народна Варта, ждут",1
"7-пересыпская прямо рядом с заправкой БРСМ, жесткое ДТП на две полосы в сторону моста, аккуратно обьезжайте в правой полосе",1
7-я Пересыпская в сторону города ДТП,1
"Объездная дорога, полиц, актуально на сейчас 22.27",1
Люстра без мигалок спрятались в кармане Холодильника в сторону города перед Эпицентр,1
Объездная с посёлка не доезжая ОККО стоят маслины и оливки выборочно тормозят. СРОЧНО,1
"Окружная, возле заправки ОККО перед кладбищем, БП тцк + менты. Актуально на 07.10.",1
Черёмушки опасно!!!!,1
"Эпицентр на против заправки в сторону Николаева,стоят плебеи мусора,тормозят машины.",1
"Окружная перед ОККО, недоезжая кладбища с поскота, стоят в обе стороны.",1
"за Эпицентром (Посёлок) на выезд с города, менты вышли на охоту",1
какой из Эпицентров в городе Одессе?,1
"Привокзальная, вначале парковки, где маршрутки на 7й км..... 2 патрульки и один зеленый стоял. Будьте осторожны",1
"Пересыпский мост,депо трамвая,черная машина спрятались возле хлебного батискафа.",1
Таврия Недельна стремный бусс синий стоит боком к паркове магазина 9:20.,1
Объездная после укрнавты дальше справа в сторону города стоят полиции останавливают всех,1
Последние пару дней в этом районе очень активизировалась ловля да и в целом Киевский район,1
52 линия окружная поскот МУСОРА ПАРКУЮТ 9.55,1
Окружная перед кладбище менты! В сторону куяльгика,1
Кататься по Левитана-Шишкина,1
Дополнение по Шишкіна ззаді дастер чорний,1
Улица Слободкая заблокирован проезд ДТП. Полиция на месте,1
Поехали на Фонтанскую дорогу в сторону 6-й станции,1
Теплодар бус тцк,1
"Теплодар, катаются на Бусах не местные гости",1
Теплодар катаются тцкашники только что забрали типа у 9 дома...,1
7я пересыпь. Оливки поехали на головатого,1
Хлебодарское таврия. На еврономерах,1
"2 буса тцк припорковались.1 возле Траша на входе, второй Копейка вход.",1
Бело-зеленный богдан по Ришельевской-тцк,1
"Ю-З массив, сторона Сильпо два буса, упаковали мужчину",1
Філатова 16а в дворі тцк на булому Віто,1
Сильпо на люсторфской опасно,1
Во дворах за Сильпо,1
По Філатова в сторону дома меблі 2 буса,1
"Стоят на Куяльнике, останавливают две стороны",1
"Радужный, заехал бус сталкер",1
"Трасса Одесса-Южный, аквапарк менты тормозят",1
Б Хмельницкого пасет синий тонированный,1
Третья станция люстдорской дороги серые Т5 ВН 9103 принимают на остановке 9:30,1
Шустрят Черёмушки тцк! Будьте внимательны!!!,1
10 линия паканули и уехали,1
Таврия на бабаджаняна - менты и и автобус с военными. Осторожно!!,1
"Поскот, Днепропетровская 111",1
ТЦК стоят на заправке амик генерала петрова напротив смайла,1
Прирельсовая возле 19 школы белый бус,1
"7 км, эпицентр алея, стоит фольц петушары рядом!!!",1
Черёмушки 32 школа в сторону магазина Свижачок мерс Вито дворами,1
Латов ка Котовка заправка БРСМ стоят гиены скоро подъедут овчарки будьте аккуратны всего скорее что будет блокпост,1
"Добрый день. Всем быть внимательными в районе скайсити копейка, утром и в течении дня.",1
Черемушки тецыки ездят на черном фольце и тесте белый сзади по гражданке,1
"Генерала Петрова 48а, очень подозрительные бусики за ларьком, и по дворам. Максимально аккуратно, не ходите тут сейчас.",1
По направлению в город за остановкой эпицентра авария менты на месте оформляют,1
"Уточните, пожалуйста, о каком эпицентре речь. Остановок таких две",1
Генерала Петрова 37/43 только что в двор заехал хайс и джампер синий. Шухер,1
Юго-Западный во дворах 27-30 номеров два буса,1
"Все время отправляю сообщения,как только вижу оборотней,никогда не прохожу мимо.Но сейчас споймала себя на мысли,что особенно после 20:00 как только открываю сообщения,через одно два район Черёмушки.Такое ощущение,что он один в городе.Кто живёт здесь,мужчины,не игнорируйте,сидите дома как только стемнеет.Здесь просто рассадник гиен!",1
"Теплодар у мерии тцк забрали мужика или парня но крик был ""ублюдки я вас всех зарежу "" будьте окуратны (((",1
"БРСМ 7-я пересыпская стоит Дастер мусорской,сидят внутри свет выключен!",1
Объездная дорога в сторону куяльника движется белый каблук и на расстоянии метров 500 фольц бус едут в паре работают жёстко по пешеходам вдоль дороги,1
"Радужный 16/1 и прилегающая территория, будьте осторожны. Красный бус, внутри только водитель. Содержимое скорее всего разбрелись по округе.",1
По объездной сторону куяльника ментовский sandero по ходу станут за кладбищем,1
М. Арнаутская между Ришелье и Европа - полиция остановила легковую,1
"Маяцкая трасса, базар, Петродолинское стоят мигалки.",1
Викап пиксель с 6 фонтана-сегедская,1
Кар вош объездная посёлок белая ванета на мойке,1
Объездная за заправкой волг менты кого-то остановили,1
METRO в сторону посёлка стоит патруль с выключенными мигалками,1
Автобус Еду в Дельфинарий спрятали в проулок,1
"По поводу автобуса еду в дельфинарий, он там стоит и днем, ТЦК там не наблюдала ни разу",1
Пересыпский мост сейчас вна остановке в сторону города зелёные,1
"Мост пересыпь, направление город, опасность",1
Бус Т5 остановка радужный проверяли документы дальше не знаю куда пошёл будь внимательней,1
Радужный при выезде возле АТБ пасут на бусе людей,1
"Агромаркет на против Эпицентра, два буса белый р темный щимят мужиков",1
Таврия генуэзкая 5 где фитнес клуб скорая тцк,1
по генерала Петрова,1
Окружная окно на заправке полиция и серый бус.,1
"Пересыпский мост,""Аптека от склада"",полиция+ТЦК",1
"Генерала Петрова 53, уже ездит жёлтый пирожок.",1
Радужный облава,1
Менты без люстры заехали на территорию metro который на седьмом километре.,1
Черемушки окуратно в дворах генерала петрова 23/3 и 23/4 Нисан белый и синий бус,1
Ж.Кюри--Марсельска-Таврия,1
Мусора поехали в сторону генерала Петрова сельпо,1
"Во дворах Шклярука 6 серый тонированный Т5, захысныкы гонятся за велосипедистом",1
"Пересыпский мост, в сторону посёлка, напротив ОККО стоят менты",1
ПР-КТ Шевченко-Гагарина!белый спринтер в сторону марининской!желтые номера!,1
Ленпас белая машина номер вн9293 курсируют везде отъехали от Фесенко 13 магазин,1
"Акварель 2,4 зелёных у магазина копейка.Будьте осторожны,в руках похоже на шокеры",1
"Конечная 145 Радужный, выпрыгивают с легковушки ловят велосипедистов.",1
Генерала Петрова 55 патруль во дворах,1
"Нацыки Вильямса-ракетная.магазин сундук,пока стоят но будьте бдительны",1
Черемушки 32 школа. Поцы на двух бусах вылетели на девушку. Чисто псы позорные,1
"Окружная, Хаджибееаский лиман, за Латовкой БП в обе стороны",1
"Станция Слободка, стоит бус рядом военный",1
Киевский райотдел Белый бус 0420 стоит возле въезда девочки пьют кофе будьте внимательны,1
Косвсая Таврия/цнап бус тук на евро номерах,1
Объездная за латовкой ставят блок пост,1
Окружная за Латовкой это со стороны Куяльника или со стороны дамбы?,1
‼Окружная за латовкой хаджибейский Лиман позвонил‼‼ БП ‼‼,1
"Выезд из Ильичёвска, со стороны пожарки -полиция и много не по форме тормозят машины",1
"Ипподромный переулок, осторожно возле газовой заправки стоит машина копов.",1
"Монастырский п-к, таврияВ, людоловы трутся...",1
"Ленпосёлок,ул.Горизонтальная в сторону Профилакторий, курсирует серый бус Opel,в нутри сидят тцк,одеты по гражданке.Всем на чеку,не раслабляемся ребята.",1
На выезде из Ильичевскаленедцы работают по фурам,1
Юго-западный. За Сильпо серый бус и легковая за ним.,1
"Генерала Петрова 68, бус тонированный (скорее всего тцк) резко стал на дороге, развернулся на трлтуар и поехал по нему в сторону тренажерки «смайл». Время 10:50",1
Заправка Амик на Генерала Петрова две машины пидаров!!!!,1
"Новая слободка, клабэдбище серый грязный вито, пытались паковать, по гражданке и пиксель. Тревога, шахеды, а они упаковывают",1
Александровка. Возле Ильичёвска.в сторону срз перед заправкой стоят менты jeep белый duster и два бусика каких-то Мерседесов синие белые,1
Генерала Петрова 53 дом во дворе дома двое лазят,1
Серый вито на переезде 7 пересыпь,1
Серий віто катается по дворам Шишкіна 48,1
По поселку ездит т5 вн3004.. по Высоцкого-заболотного,1
"Посёлок рынок початок как заезжать справа зелёный пикап ситроен с пикселем внутри,будьте аккуратны...",1
полиция стоит перед поворотом на эпицентр на 7 км на выезде с мылки останавливают машины,1
Черёмушки 32 школа гнилые на двух бусах в сторону маг Свижачок,1
Жк атмосфера. Только что два буса приходу загрузили парня,1
Черёмушки 32 школа белый хундай.,1
со стороны Сильпо,1
7-я Пересыпьская мусора и тцк,1
"Одет в тёмное, с зади рюкзак на рюкзаке маяк моргающий. Может кто то будет искать",1
Керченская- Ростовская-Суворовская - загзагами ездит бус. 08:02,1
Окружная камыши готовят Б.П.,1
Подъём от Куяльника в сторону Ямы два экипажа синих тормозят,1
Объездная камыши/арбузы. 8.30 поставили БП,1
"Объездная - Куяльнык, камыщи - блокпост - Людоловы (много) Актуально на 9.20",1
Генерала петрова 27/2 вояки возле наливайки,1
Авария На р-ке Успех-Сити центр,1
7 степная 2 машины. Впереди белый бус,1
Ленпаселок в доль линии от 45 до ваза дастер с чертями. Будьте осторожны,1
Генерала Петрова 50 хюндай серый возле заправки!,1
Теплодар гости на нескольких машинах,1
Объездная дорога спуск к лиману менты проверяют документы,1
Менты островок Аеропорт круг,1
У Н1 с 25й не горит одна фара. Легче идентифицировать.,1
"За таврией Маршал, в сторону Ильичёвска мусора стопают",1
Экспострой в сторону радужного на остановке одинокий полицай,1
Выезд с посёлка эпицентр люстра тормозят всех подряд,1
Аст на Глушко-покажете права,1
Эпицентр по-скотски с города мусора,1
Полицаи стоят объездная перед окко кладбище,1
На китайском рынке стоят леденцы в сторону эпицентра,1
Окружная на против укрнафты в сторону Посёлка менты,1
Выезд с поселка на Коминтерново. Дальше Эпицентра стоят Полиция ловят у кого фары не включенные.,1
Окружная заправка ОККО поліція з зеленими пьет кофе возможно будет блокпост,1
"На Шклярука зелёные на чёрном ""Вито"" ганяються за людьми!",1
Окружная с поселка ОККО менты тормозят,1
Объездная окко готовят бп,1
Ситицентр опасно.,1
Таврия маршал на ВСТ стоит люстра,1
"Объездная, 52 линия, мойка спрятались МУСОРА на люстре. 11.27",1
Объездная око на 11.55 стоят в стороне очень много,1
"Ленпаселок ул станцеоная чёрный мерседес вито, поймали парня на велосипеде. Парень был в зелёном. Вдруг кто-то будет искать. Номер вито 1459",1
Чёрное Море Бугаз ездят черные с мигалками тормозят машины на ходу! Аккуратно!,1
"Ленпосёлок, Бухенвальд, поехали к железке где блоки стоят.",1
Копейка на 9-й два буса уехали по Вавилова.,1
"Трасса Одесса-Рени. Полиция проверка документов(в сторону Маяк) Сразу, как проехать поворот на Петродолинское",1
Слободка аккуратно легковая машина чёрная Тёмная. Катаются кварталами все по гражданке,1
Возле ЖК Апельсин приняли парней,1
Серый Т5 за остановкой напротив Эпицентра на 6км,1
Эпицентр -это Эпицентр,1
На ланжероне стоит тцкашный бус 2 военных и 2 мента ищут жертву,1
"Только что заламали мужика закинули в бус и уехали в сторону поселка, скорее всего в суворовский тцк",1
Полиция притаилась возле главного въезда на море.,1
Черёмушки воен переулок два буса мужика крепят!!,1
Серый hyundai выехал со дворов генерала Петрова 31 выехали в сторону администрации в какую сторону потом не видел,1
Юго-западный масив дворами катается два буса тцкунов,1
"Копейка на Жюлио-Коюри темный дастер, крепят мужика с полицией",1
Победара отсюда в сторону генерала Петрова поехал нацгвардию,1
Синий бус фольц длинный тонированный медленно едет в сторону маршал сити,1
"Окружная, Хаджибеевская дамба, перед Нати БП",1
Киевский райотдел вдоль дороги ТЦК,1
Тцк на перекрестке Армейская-Сегедская,1
Тецекуни на за правке Амик генерала Петрова,1
При выезде с посёлка между эпицентром и холодильником менты,1
"Объездная дорога, лиман перед НАТИ, БЛОКПОСТ!!!",1
Маршал Сити АТБ большой бус Полиции.,1
Окружная дорога / ДАМБА/ зЕлЕнь,1
Окружная дамба Хаджибей белые трубы блок пост,1
Объездная дорога район хаджибея стоят,1
Выезд из дальника в сторону Маяк менты с леденцом,1
"Вапнярка-Дофиновка, перед дамбой, патруль с радаром",1
"Менты с радаром встречают с киевской трассы, сразу за БРСМ",1
"Таврия маршал, по направлению в город патрулька, остановила тачку, осторожнее",1
"Патрубка на въезде в радужный, пресуют мужика",1
"Если у кого-это вчера пропал родственник/знакомый в Ильичёвске, примерно в 11:10 дня, на ул. Александрийской, Бугово, в районе памятника, был одет в жёлтую куртку, рядом были тцк в количестве 3 чел., на хюндай микроавтобусе белом.",1
"Черный бусик в сторону базарчика, слободка",1
По Теплодару катаются ТЦК,1
Массив возле Сильпо во дворах два буса остарожно,1
Район сильпо юз массив 2 буса прицепились к парню.,1
Юго-западный масив дворы весь район 2 буса катаются,1
Vw6 Т5 черный и Hyundai H1 заехали во дворы генерала Петрова 37,1
Пересыпь слышно как поехали сирены,1
"Объездная подьезд к посёлку моргаем, опасно",1
Жолио-Кюри 26 напротив стоянки менты и зелень остановили парня,1
"Кадоры, Жемчужины 5, 49, 57, 29, Маршал Сити.",1
"Пересыпьский мост 191 маршрутки стоят, светофоры не работают осторожно там",1
Ленпаселок ваз зоомагазин стоит машина оперов. Будьте осторожны,1
КП Дачное-проверка в сторону Одессы,1
По Черёмушки катаются белый вито и синий дастер с оливами,1
Шклярука серый h1 и синий дастер. Выскочили к мужику,1
"Новая слободка, два буса коллесит с пидарами.",1
"Вильемса, Китайский рынок, заправка ОКО, 2 машины полиции, ( кофе пьют )",1
Генерала петрова 42-46 Тойота рав 4 полная оборотней серая,1
По маршала возле эпицентра дтп с участием мопеда,1
За Сильпо на жилмасиве(1 станция )два автобуса с ТЦК,1
Возле 7 роддома киевский тцк. По этой причине там всегда много пожирателей смерти. Там же и стоянка бусиков.,1
"Поселок за ЭПИЦЕНТРОМ поворот на холодильник, пацана сбили на велосипеде Т5 белый и перожек, по трамвайным путям ловят",1
Генерала Петрова АТБ люстра,1
Черёмушки внимание-серый Аутлендер в паре с белым грузовым бусом,1
Генерала Петрова Звёздочка 2 буса принималово,1
"Дальник на выезде,в сторону Маяк полиция",1
"Генерала Петрова, осторожно!!!",1
"Окружная, хаджибеевский лиман перед латовкой ТРУБЫ БЛОКПОСТ",1
Окружная Хаджибей белые трубы БП,1
"Ленпоселок, ул.Горизоньальная -канарейка+автобус!",1
Радужный возле поля Пасуться слуги зе,1
Синий дастер черти внутри от сундука в сторону епик маршала,1
Філатова 20/2 будьте обережні,1
"Объездная, возле кладбища МУСОРА 9.50",1
"Слободка!!! Целое утро катаются и цепляются к людям. +- 10 человек. Один бус впереди, другой сзади. Сейчас напротив сквера",1
"Ленпосёлок,ул.Горизонтальная угол Северный переулок,магазин Вкусняшка,тцк+мусора,по гражданке,лакают кофе и жизнерадостно беседуют.Твари.",1
Вторая машина зелена иномарка грязная,1
"Латовка, топчатся, обссыкают заборы и фоткаются на фоне Куяльника",1
Генерала Петрова АТБ,1
Желтый и серые бусы на парковке ситицентра (поселок).,1
"Эфимова,копейка. Припаркованы пиксельная нива",1
"Генерала Петрова 40, возле универсама наглухо тонированный белый бус, мерс",1
Одесса-малая стоят ждут електричку,1
"Лунина, Шклярука мусора нарезают круги с включенной люстрой, едут медленно возле машин, ищут жертву!",1
"Объездная окко, много пикселей возможно готовят БП",1
"Объездная окко, стоит БП, пиксели кидаются под машины!",1
"С Поскота на Латовку, Окружная возле ОККО, БП тормозят почти все пиксели.",1
Тормозят выборочно со стороны Маяк.,1
От хлебозавода к одесским традициям черный вито 6040 номера внутри задень время 08;55(слободка),1
Радужный три оливки с планшетом,1
"Срочно, Жолио-Кюри 64",1
КП Дачное-жестко бьют по планшету в сторону Одессы,1
Окружная спуск после Окко как ехать с посёлка ставят блокпост,1
Окко окружная готовится БП 9.54,1
"Под мостом – как ехать на metro на шестой километр стоит экипаж ментов. В руках леденца не видно, но очень внимательно всматриваются в каждую машину. Будьте аккуратны",1
Объездная с поскота заправка окко блокпост,1
На Шклярука проверяют пешехода,1
Станция Студенческая ( Чёрное море) пост,1
"Рынок ""початок"" - ДТП и мусора.",1
"Слободка курсируют два буса, уехали в сторону левадной",1
‼‼‼Осторожно Черемушки кататаются зеленые гоблины и один черный на гражданском сером Raw 4 номера 6448,1
"По шклярука в сторону Адмиралького проехали 2 буса белый и серый хендай, номера заляпаны грязью",1
3я Люстдорф ауди центр серый хюндай пресуют парня.,1
"Мост Пересыпь,""Аптека от склада"",опасно.",1
Мост Пересыпь аптека от сказала полиция ловит мужчин.,1
"Мост Пересыпь,""Аптека от склада"" мусора Peugeot",1
Днепропетровская дорога 108 6я парадная два буса только что затолкали типа и укатили,1
"На седьмой у заправки брсм стоят военные и мусор, не известно тцк или нет, будьте аккуратны",1
"Пересыпский мост, у аптеки всё ещё актуально на 15:50",1
"КП Дачное-огромная пробка, бьют по планшету в сторону Одессы",1
"Пересыпский мост,возле копейки. Тцк + полиция,все по гражданке!!! Около 15 штук, высматривают со всех сторон!!!",1
Днепропетровская дорога 83. В этом районе пешком человека 4 в военной форме в бронежилетах. И один мент. Было темно может быть их больше.,1
"""Копейка""возле Пересипского моста ТЦКи полецыя,оформляют ребят!",1
На Радужный по бетонке заехали полицаи на машине с люстрой. Берегите себя.,1
"Слободка,Училишная и т.д.курсирует бус белый хюндай медленно выглядывают на 17:55",1
Слободка ниже базара мусора стоя без мигалок,1
Тцк два буса крутят парня на велосипеде эпицентр остановка в сторону радужного,1
"копейка, генерала петрова, боковий вход в парк, бегают за парнем",1
Конечная 146 на поскоте по Жолио-Кюри затаились мусора без света/габаритов,1
"Приехал джип обычный, в нём тцк, потом выехали и повернули в сторону космонавтова",1
1-й заливной возле ментовки куча тцк,1
"Ребята Черемушки, Мерс 124 зеленый и Каблук белый на расстоянии ездят, будьте внимательны, 20 мин назад были у 32 школы..",1
"Нерубайское, Зелёная 9 новая почта тормозят всех",1
"Звездочка Генерала Петрова, зелений мерс стоит евробляха",1
При въезде в город с Киевской трассы перед БРСМ стоит люстра с феном.,1
"Генерала Петрова 5,7 дворы. Минут 10 назад заезжал белый грузовой бус. Тцк ли это непонятно. Но аккуратнее.",1
"Дальник напротив церкви в сторону маяк, полиция на скорость",1
Объездная дорога поворот за поворотом на с.Нерубайское люстра 3 мусора тормозят выборочно.,1
Пересыпь было слышно ехавшую сирену и крякалку.,1
"Слободка, 3 хлебзавод.",1
"Трасса Одесса маяки, с.Петродолинское,базар, стоят мигалки.",1
"Окко пересыпский мост,лучше не заправляться сейчас,оливок 10 штук",1
Філатова 53 2 бусиа 6368 с зеленью,1
С курортного уехали на пионерскую!дастер и серый вито!,1
Эпицентр аллея пробивают парня,1
Островок у АЗС Амик.,1
На выезде с города возле кладбища от Таврии маршал стоят менты с палкой,1
"Маяцкая трасса, базар, в сторону Одессы, полиция",1
"Слободка,когда выключают свет они ездят медленно по району и высматривают жертв",1
Юго-западный м а сив за сильпо два буса,1
Два буса Юго-западный масив катается по дворам,1
Этот именно тот что видели в Кадоррах рядом.,1
Вчера скоты споймали человека завезли в киевский тцк сломали руку в двух местах после прибытия скорой в первый раз не дали отпраить его в больницу.. Вымагали 10.000$. До перелома. Теперь предлагают решать вопрос. После снимка рентгена выдали повестку. Врачу СПАСИБО. Две операции впереди.,1
Шклярука чёрный фольц выскочил к мужику,1
Вильямса-Ильфа и Петрова(Китайский)-полиция,1
Поселок дальше эпицентра мусора,1
Выезд на Ильичевскую трассу заправка vst тормозят,1
По Шклярука наматывает круги черный транспортер на бляхе тук,1
"Объездная, ОККО, толпа зелени и копы",1
Окружная камыши много зелени тормозят всех кого успеют,1
Конечная 146 поскот по Жолио-Кюри стоят много ТЦК,1
Слободка Декабристов белый Вито и джип нисан в паре тормозят людей,1
Генерала Петрова возле мясолюба и конфиската менты пристроилась пить кофе,1
"Выезд с поселка в сторону Николаева,напротив Эпицентра Дастер с включенной люстрой,два леденца выборочно.",1
Александровка возле Ильичёвске на Карла Маркса стоят менты.,1
"Спорткомплекс Академия(около переезда). Серебристій мерседес и дастер синий номера не растаможены, выскочили за мужчиной, окружили",1
"На против Восхода, за Вогом в сторону 25й на мойке зеленый вито щимит людей",1
Радужный шакалы,1
"7-небо, аллея в сторону эпицентра, стоит графитовый бус volkswagen t5",1
И особенно Школа 49 и 40 напротив +конечная маршрутки 146,1
Объездная Окко собираются. Возможно будет бп.,1
"Окружная окко на шевченко полно зелёных гиен,и приус мусорской уже стоит,возможно будет Б/П",1
"Окружная окко, только что собрались, вроде уезжают",1
БП на окко окружная.В обе стороны.Будьте осторожны!!!,1
Павнеево-черноморского в сторону красный хайс поехал,1
Шклярука возле семеречки стоят два буса гнилых людей. Будьте аккуратнее..,1
"Сильпо генерала Петрова, два по форме тцк",1
"СЕРЫЙ ДАСТЕР И 4 ГОБЛИНА ЖДУТ НА Станции Одесса-поездная,видимо будут снимать мужиков с поездов",1
Днепропетровская дорога 108 чёрный бус бегают за кем то вокруг магазина троица уже 3 круг,1
На генерала Петрова возле Сильпо/АТБ шарятся два серых буса с оливками,1
Пересыпь было слышно ехавшую сирену,1
Китайский рынок напротив ворот милиция,1
Китайский рынок полиция останавливают в обе стороны,1
Объездная Нерубайск мотто,1
Генерала Петрова район сильпо жёлтый рено кенго и серый вито,1
"Генерала Петрова 41, только что паканули парня молодого в жёлтой куртке, может кто его ищет, серый Вито.",1
Окружная заправка ОККО очень много зелени,1
Ленпосёлок улица станционная заехали две машины тцк зелёный мерседес и белый рено,1
Юго-Западный за Сильпо ТЦК,1
"Генерала Петрова 61, серый бус Мерседес Вито. Около 6 тцкашн ков",1
По генерала Петрова не далеко от Сильпо бус серий и легковая человек 6-7,1
Генерала Петрова возле дома 27/3 катаются полицаи становятся в кармашки ждут потом уезжают,1
Из под поста Пересыпь в сторону поскота черный вито и полицаи с ним в паре,1
"Окружная в сторону города, кладбище копи тормозят",1
Объездная на подьеме хаджибееаской дамбы подъехали копы бус и три легковые ТЦК ставят блокпост,1
Объездная бп,1
радужный круг. возле заправки стоят,1
Окружная дорога БП на дамбе,1
Ільфа і Петрова 43\1,1
"25-чапаевская автосалон Чери,на парковке мусора белый Пежо. 11:38 время",1
"Эпицентр Таирово, мусора стоят сразу за окко по направлению от китайского рынка",1
"Отрада,едут к компоту,осторожно",1
Юго-западный масив два буса катается дворами,1
"Ришельевскся, сразу за М.Арнаутской, по левой стороне стоит люстра, осторожно!",1
"Ленпас на остановке переезд бусик, будьте окуратны.",1
Серый бус на Генерала Петрова возле АТБ,1
"На Сахарном (Пересыпь) собираются военные,рядом Бус со знаком стоп ( возможно бп)",1
Полицейский Дастер ушел в частный сектор после светофора на старую люстдорфскую дорогу,1
10 линия детская поликлиника,1
Авдеева в сторону шклярука две машины белый хаяс таета и жёлтый рено кенго,1
125 новая почта проверяли только что белый пирожок какой то,1
"По Поскоту замечены новые машины,серый хюндай Санта фе и Дача дастер темная, с утра ездили парой.",1
"Маршал парковка 8:45 пристали к парню, но отпустили, береги себя!",1
Пересыпский мост 5 минут назад жёстко приняли парня 4 черта по гражданке затащили в черный Вито и увезли в город,1
Пересыпский мост Мужики будьте окуратны только что затащили парня в бус вроде ещё били по голове,1
"Поехали на фонтанскую дорогу, забрали мужика по гражданке и рожы скрывают свои",1
Таврия возле инфекционки был замечен один зелёный. Где-то рядом могут быть соплеменники.,1
Подьём после куяльника в старому ямы,1
Объездная перед ямой патруль,1
"Через двор ильфа-петрова 31/29 проехал белый бус ( грязный) Хюндай, в сторону 55-й школы,за ним жёлтый пирожок.",1
"Генерала Петрова 48а на дороге зеленый бус с тцк остановились, вышли, обсмотрели и заехали во дворы сразу искать жертву. Актуально на 12:20",1
"Оливки трутся возле Копейки на Паустовского-Добровольского, ходят кругами. Вроде не трогают никого, но мало ли.",1
МахачкалинскаДобровольского маг Копейка возле Умки стоит Опель универсал на евро бля хах ТЦК сидят внутри дети сатаны.,1
Насчёт Таврии маршал - там ДТП,1
Ул 6-Степова лучше не ехать. Там менты на мигалках и конусы поперек. Незнаю что там я не поехал,1
Генерала Петрова будинок праци тцк 20:43 бус,1
Котовка мусора поехали в сторону БРСМ,1
БазарнаяРишельевская,1
"Окружная, ОККО, куча зелени и патрулька, будет БП",1
"Объездная АЗС Окко пос. Шевченко, падонки давятся кофе, в туже сторону двигалась люстра. Берегите себя",1
"За ОККО окружная на повороте на пляж Куяльника стоят бусы, будет б/п.",1
Окружная блок пост уже стоит!!!!,1
"Маякская трасса от Маяк в сторону Одессы 3 патруля подряд стоят, останавливают всех. На вопрос причины остановки стоят мычат.",1
Юго-западный катается белый ниссан с разбитым окном,1
Возле въезда в порт,1
"Купріна 26, желтый опель бляха, тцк + мент",1
Черный Вито-мерседес поехал по шклярука,1
"Люстдорфскся дорога 144/5, в дворах паканули пацана без каких либо разговоров. Мерседес Вито, серый металлик гос номер",1
"На выезде с Одессы (маршала ),стоят ментовские машины,останавливают,будьте осторожны",1
"Бывшая заправка МОТО,,пересыпь, в сторону города Б.П",1
"Экспострой остановка, возле катка машина и ТЦК рядом с ней.",1
"Юго-западный масив за сильпо, синий фольц",1
Нефтяников базар со стороны мясного на парковке 6-7 зелёных 2 в самом базаре,1
Нефтяников базар тцк,1
Окружная окко выезд с посёлка бус и человек 10 зеленых. Пьют кофе,1
4-я Люстдорфа в сторону города люстра щимит мопед,1
Серый мэрс очкарик по дворам Адмирал копейка бус на углу на,1
Два буса катается дворами Юго-западный масив,1
"Подъем с Куяльника на яму, наверху стоят менты пока просто чилят, но возможно готовятся ловить",1
"Слободка, второй наличный/латвийский белый бус ездит",1
"Кадорры,Архииекторская,странный белый бус,внутри 1 в балаклаве",1
Окружная ОККО толпа нечести,1
На подьёме после Куяльника полицаи,1
"Доброе утро, Окко объездная будет блок пост. Куча зеленых бьют кофе",1
Окружная перед АЗС/ поворот на авторынок стоят лягавые,1
"Окружная Окко на заправке их человек 30, пока пьют кофе, возможно будет БП",1
"Посёлок, эпицентр леденцы",1
"Эпицентр, за посёлком на выезд стоят манты.",1
"Подъём куяльника в сторону авторынка, полиция",1
Объездная на подъёме перед ямой полиция стопает,1
"7-я пересыпская сейчас,возле остановки за переездом",1
"Менты, Объездная дорога, на подьеме с куяльника",1
25 Чапаевка опасно,1
"Степная Рено комбо белый проверяли доки у парня, поехали в сторону 1 заставы.",1
"Шклярука угол Авдеева Черном, чувак в мужеловской форме. Свернул во дворы (10:15)",1
Шишкіна конечная 208 маршрутки коричневый усик шманают хлопца поймали,1
"Б. Хмельницкого 45, 12:08, проверяют",1
Ленпас ходят парамы по гражданке по дворам Бесарабка,1
Юго-западный белый хайс и синий ситроен в паре,1
Маршал сити АТБ опасно,1
7 км рынок Тцк на стоянке на против продовольственного рынка (центральная стоянка),1
Генерала Петрова дворы 20-30 номера куча бусов и мусоров смотрите аккуратнее!!!,1
Серый бус поехал по жаботинскогов сторону Авдеева 18:05,1
Жолио-Кюри 26 возле копейки военные у входа.,1
"Пересыпьский мост, подземный переход, два урода по гражданке, а рядом возле светофора бусик с недоделанным",1
Степная перед переездом. Полиция остановила жигули. Пробивают по планшету.,1
"Инфо. Слободка, ЖД, точка тцк под мостом и у магазина и проезд вдоль перрона.",1
"Пересыпьский мост, мусора вылезли с машины и расходятся в разные стороны, внимательно",1
Мусора на парковке автосалона перед Пересыпьским мостом,1
Стоят менты возле куяльника на подъёме,1
"С поселка Котовского перем мостом пересыпь стоят менты с радаром выборочно останавливают на 09,05",1
Окружная! С поскота в сторону ямы! На подъёме возле Куяльника! Мусора в 4 руки останавливают!!!,1
"1вая застава улица прирельсовая дом 1, тцк валились во двор многоквартирного дома.",1
Ленпас в сторону бесарабки поехал черный вито с людоловами,1
По авдеево-черноморского серый Вито похожа на тцк,1
Шклярука 6. Белый Хендэ + жёлтый Рено (каблук) Пять мужеловов скрутили парня,1
Район Сильпо на Генерала Гетрова мерседес каратыш и с ним бели хайс,1
"Іцхака Рабіна 35, забрали парня,возле магазина,, Смак,,....поехали дальше во двори",1
Эпицентр 7 ой км Стоянка стоит на парковке. Один за рулём. Остальные непонятно где. Всем Внимание!!! Хорошего дня.,1
"Слободка за суконкой возле жд путей,где вход в скверик(кто знает тот знает)черти на опеле",1
"ГЕНЕРАЛА ПЕТРОВА, 2 белых тонированых буса, патрулировать по улице",1
Стообовая-Химическая красный бус.Пресуют пацана.,1
Скай сити ДТП,1
На против мечети как ехать в черноморноморку менты без люстры,1
"Копейка Кишеневская, много военных, возможно тцк",1
"Там на люстдорфсуой за аптекой их много. Стоят в темном углу, выскакивает из буса",1
По генерала Петрова мясолюб. Спринтер белый и черный Дастер. В сторону парка,1
"Только что,Таврия В,задний вход 20.22,подошли к парням,белый бус",1
Сегодня Черёмушки и Таирова под пристальным заездом бусов...они ездят парочками и не менее 10 ухилянтов внутри,1
"Окружная, между Куяльником и Посёлком в камышах уже стоят менты",1
"Объездная окко, на заправке всех очень много, поста нет",1
"Окружная, Шевченко. ОККО падонки с ухылянтами давятся кофем",1
"Ооеееейййй на ОККО, окружная,с минуты на минуту поставят ПП.",1
"Ленпас 1 застава, станция, белый вито тцк!",1
Жолио-Кюри 26 во дворе белый бус на еврономерах уже кого-то проверяет.,1
Еще на подъеме куяльника стоит 2 экипажа полиции!!!,1
"Объездная, выезд с поселка. Стоят менты с планшетом. Пробивают.",1
"Объездная дамба весь поскот, человек говорит бушуют по взрослому, проверка всего что только можно.",1
"Черемушки, Генерала Петрова 27/5 и дворы, дастер полиция медленно",1
Объездная за заправкой укрнафта перед поворотом на корсунцы стоят полицаи пока никого не трогают просто стоят,1
"с.Петродолинское где базар,радар стоит.",1
Фонтанская- Экономический двое в чёрном без опознавательных знаков схватили мужчину. Девушка пытается помочь. Кто может - помогите!,1
За остановкой Эпицентр стоит бус,1
7 Пересыпь в сторону поскота 2 вояки и военный газ 66 ( на автобусной остановке),1
"ТЦК много на Вавилова, два академиками.",1
Внимание пересыпьской мост. Тцк пристают к мужикам на остановке как на Котовского ехать,1
Серый Вито и черный Дастер едут от моста на пересыпь в сторону поселка Котовского,1
Киевский райотдел вдоль дороги стоит бус на тротуаре зелень будьте аккуратны,1
Вокруг Сильпо Генерала Петрова белый Хайс и жёлтый кенго с людоловами круги наворачивает,1
7я пересыпь,1
Серова староконка белый рено вн1592 за ним красный хайс повернул к типасплльской,1
"Теплодар, в магазине лукошко было куча тцк, возможно поедут по городу, осторожно",1
Парковка СитиЦентр Таирово ТЦК,1
"Генерала Петрова 53 "" Сильпо"" наматывает круги жёлтый пирожок.",1
Заболотноно 49 уехали в соседние дворы.Толпа чертей в балаклавах.Серый бус.,1
Слободка внимание белый Т5 но не наших номерах и белый каблук поехали по Виниченко выпрыгивают к людям шакалы 11:36,1
"Не доезжая до 7-й пересыпьской в сторону поселка ТЦК выгрузились с буса,скорее всего будет бп 11:40",1
"Слободка, площадь молежи",1
Курортный переулок возле кадоров и ЖК атмосфера два бума белы Н1 и синий спринтер только что,1
"ОККО Шевченко объездная тьма нечести и менты с ними, возможно готовят БП,13,50",1
Новікова возе общагі тецекашніки в 13:50 курсіруют по району будьте обережні,1
Очень осторожно Объездная дорога заправка okko в обе стороны,1
Філатова 53 столовая!осторожно трое зелених бугаев и двое мусоров все жрут внутри!,1
Окружная возле поскота Окко БП,1
"Генерала Петрова, 7/3 ходят по дворам ТЦК",1
"Генерала Петрова 58,во дворе патрулька,сидят в засаде.",1
Генерала Петрова 58 никого нет мужчина приехал домой на служебной машине,1
Юго-западный масив по дворам катается чорний вито и тёмный кенго,1
Филатова-Малиновского дастер на немецких номерах и с ними мерседес вито серебро забирают внаглую без осмотра документов,1
Черемушки опасно тцк Ка9582,1
Педагогічна 46 цербери упаковали парня били,1
Філатова 26. Біля сінево. Білий бус. Перевірили мужика і поїхали далі по Філатова,1
"Т5 белый, грязная срака. Генерала Петрова АТБ. Высадили одного возле магазина «Блиск»",1
Тцк на транзите ( прорабчик) на 25-й,1
8814 едут по шклярука в сторону Мега дома ‼,1
Мусора между Холодильником и Эпицентром в сторону Николаева,1
"Окружная ОККО, человек 30 пикселей уже стоит пьют кофе",1
"Екатерининская-Ланжероновская, этот же Мерседес наворачивает круги! Аккуратно!",1
"Китайский рынок, менты, выборочно тормозят",1
ОКО ОБЪЕЗДНАЯ ШЕВЧЕНКО Допивают кофе и менты к ним поехали.,1
"Вільямса китайский рынок, люстра останавливает выборочно",1
Амик заправка генерала Петрова,1
"Менты стоят на въезде из Одессы, напротив Эпицентра.",1
"Автовокзал-Балковская, на кольце стоят полицмены",1
"Таврія маршал выезд из города менты, тормозят всех",1
Снова нарисовались менты на Эпицентре,1
"Выезд из посёлка,напротив Эпицентра. Полиция проверяет документы",1
Ленпаселок в доль линии до 45 школы черти на сером джипе хундай поехали. Будьте осторожны,1
"Ленпоселок патриотическая серый хюндай Санта фе,тцк",1
"Брсм Балаковская забита,тцк,скупаются",1
"Черемушки, дворы с 10 квартала полиция дастер медленно",1
"Ленинградское шоссе въезд с Киевской трассы, за БРСМ радар",1
Киевская трасса в сторону Одессы за мостом Заправка БРСМ мусора с трукамом,1
"с. Кремидовка, полиция возле школы-вокзала",1
Генерала Петрова звездочка,1
Генерала петрова звёздочка чёрный фольц и ублюдки Рядом присутствует парня толпой,1
Черемушки - по всему району курсирует просто дохрена машин полиции. Лучше не лазить и не ездить лишний раз,1
Киевская трасса въезд в город заправка брсм-2 экипажа мусоров будьте аккуратны свет не превышаем скорость,1
Киевская трасса въезд в город заправка брсм-2 экипажа мусору будьте аккуратны цвет не превышаем,1
"На 9 ст Люстдорф возле Рябы напротив Таврии на стоянке стоит патрулька, внутри сидят 2-3",1
"Куда дальше не видно, Черемушки опасно",1
"пер. Бисквитный, ЖК Апельсин - 2 буса медленно едут",1
"Окружная чисто,только что проехал на посёлок.",1
Напротив Жк Одесские Традиции стоят два жмыха проверяют документы у прохожих,1
10 минут назад заехали во двор Генерала Петрова 78. Hyundai H1 и синий пирожок,1
Напротив хлебного завода на генерала Петрова вышли с бусика и остановили парня,1
Генерала Петрова 45 две машины заехали во двор,1
"Генерала Петрова 48а (актуально на 21:20) заехали прямо на тротуар нарушив абсолютно все правила ПДД чуть не сбив женщину с дороги, начали гнаться за парнем. Катаются тут во дворах.",1
"Окружная, заправка ОККО,тцк собираются",1
Генерала Петрова Звёздочка ТЦК,1
Старое Генерала Петрова мерс коротыш белый курсирует,1
"Окружная ОККО много, пока просто пьют кофе на заправке",1
БП окружная перед кладбищем как ехать с поскота,1
"Окружная, кладбище, выезд с пос. Шевченко, перед ОККО  БП",1
"Маршал сити, со стороны мусорных баков, бус полицейский спрятался, будьте осторожны",1
Объездная ОККО. Вокруг во дворах стоят. Не обьежайте дворами,1
БП окружная с поселка в обе стороны раньше Окко на кладбище,1
Жёлтый Каблук рено стоит боком на парковке Таврия Недельна 9:00,1
Объездная дорога(после поворота на Хаджибеевскую) - менты,1
Шклярука-Толбухина ДТП,1
Стоят до сих пор-Архитекторская 22 мясной магазин Белый toyota hiace и белый спринтер остановились,1
Въезд в город по Киевской трассе заправка БРСМ экипаж полиции фен,1
"Пересыпь мост, конечная 1 трамвая, стоит мент и зелёный",1
"Ленинградское шоссе, въезд Киевской трассы, БРСМ, радар, хотя и плохая погода, но все же стоят",1
ТЦКАМИ ездят по Ильичёвску,1
Магазин Копейка+Китайская стена,1
Киевская трасса въезд в город возле БРСМ фен,1
"Экспострой за остановкой в сторону города, менты и зелёные читают документы у мужика. Бусик+ люстра",1
Генерала Петрова заправка амик синий бус с,1
Генерала Петрова заправка амик добавка,1
Банковская за пересыпьским мостом в сторону города блок пост,1
"генерала Петрова, заправка Амик, на месте где стоял синий джампи, теперь стоит мусорка",1
"Объездная перед кладбищем (не Окко) патрулька и бус, готовят БП",1
Киевский райотдел через дорогу стоит серый h1 и белый спринтер. Запрятались за лучиком толпа,1
"Объездная перед кладбищем, готовят БП. Уточните, возле какого кладбища? Там их несколько",1
Малиновского-55,1
Генерала Петрова на против Сильпо копы прессуют эвакуатор,1
Переезд Молодежное-Черноморск пробка. Серьезно. Везут груз,1
Генерала Петрова за Сильпо заехал бус и за ним Ситроен джампер тцкашный. Только что,1
"Окружная ОККО, собирается толпа оливок и маслин возможно будет БП",1
Объездная дорога / заправка Окко - на парковке толпа зелёных и чёрных.,1
"Объездная ОККО, собираются. Внимание.",1
"К информации ОККО, объездная, много бусов на стоянке.",1
"на мойке самообслуживания как ехать прямо на радужный, очень много полиции(более 15 штук) и тцк (более 25 штук)",1
"Генерала Петрова 54,бел бус тоета с тцк",1
Рачковая Слабодка Б.П,1
Непонятные движения на Маршала,1
Поехал в сторону Генерала Петрова,1
"Объездная. Перед поворотом на Нерубайское. В сторону ПосКота мусора с ""леденцом"".",1
"Мост пересыпь, пробка в город, ДТП",1
Десять минут назад. Малиновского-Гайдара. Белый грязный бус во дворах за женской консультацией. Минимум три хороших добрых человека в зеленой одежде.,1
"Слободка сегодня не выходите лучше совсем кто без документов нужных, очень много навезли сюда, просто кишит все",1
Жолио-Кюри34 кенго белый пасут,1
Движок на 6б.ф полис и дснс море пешком,1
"Махачкалинская-Добровольского. Катается серый бус, выскакивают, пакуют. Уехали к маку",1
Привозная ходят гниды,1
"Угол Степова-Хмельницкого, бус белый тойота, ТЦК пресуют парня",1
Маякская трасса поворот на Теплодар стоят полицаи,1
От ланжерона к парку поднимаются 2 тцк и 2 по гражданскому,1
Таврія проспект Шевченка Т5 матовий повний тцк пакують,1
"Генерала Петрова, сзади Сильпо по дворам ездит белый пирожок, тцк",1
10 линия в сторону кишеневской поехал белый хюндай h1 за ним Сорренто камуфляжный примерно 3 минуты назад,1
"Сегодня наблюдал картину,хлопчик вышел с маршрутки,заскочил в батискаф сёрбнуть копейка,на 1 заставе возле переезда.За считанные секунды был запакован 3 неандертальцами,выскочили из ниоткуда.",1
"Генерала Петрова,а значит и соседние улицы в опасности.",1
Сусиды утренний рынок (к посту выше),1
"Окружная с посёлка, ОККО 4-5 зелёных стоят пьют кофе. Берегите себя.",1
"Окружная ОККО, собирается толпа оливок, уже не 4 - 5 уже туловищ 15-20",1
Тенистая-Генуэзская белый вито мотает круги,1
"Объездная ОККО все так же, куча тцк стоят/кофе пьют",1
Пересыпьский мост.номер машины 0717 кошмарят парня тцк,1
Глушко-Королева катаются не спеша темно-зеленый Вито 7970 и желтый Рено.,1
тревога черемушки белый бус засранный номер только что паканули чела с подьезда,1
"Старая столовая прям возле пивоварня, стоит рекстон (сан ёнг) цвета хаки, тонированный в хлам, не понятно кто то",1
"Ленинградское шоссе, въезд с Киевской трассы, БРСМ, радар",1
"Слободка, второй день кишит все, отработка района идет, сидите дома",1
"Генерала петрова 49/2 тцк, проверяют дворника, серый вито, синий рено уневерсал",1
"Мусора и ТЦК Новая Почта, Авангард.",1
Объездная перед нефтебаза блок пост чел 15 тцк и полиция 11:10,1
Окружная между ямой и заправкой БРСМ стоит БЛОКПОСТ,1
Рынок Черёмушки с Генерала Петрова бусик с чертями.,1
"Жк Апельсин, ходят двое тцкшников по улице, докапываются до мужиков",1
Напротив Мегадома чёрный бус 11.32,1
"Рынок на Савельева, трое в форме шерстят, женщина с ними в зелёном",1
"Общежития возле рынка Черёмушки пристали к мужчине, пробивают доки",1
"Пересыпский мост, как ехать в город две аварии из за этого пробка",1
Окружная кладбище в сторону поселка блок пост,1
"Слободка, Рынок.",1
"Окружная, на поселок БП на ОККО.",1
Metro БлокПост в сторону города уже стоит на посёлке,1
Ленпосёлок улица станционная заехал серый рено сандеро,1
"Химическая-Пестеля,по переулкам ездит два буса тцк,приняли парня возле 5 дере-переулка!!!берегите себя",1
Черемушки. 32/46 школа мусорята по дворам очень быстро ездят. Кого то ищут,1
"Пестеля-Парковая,у вас на районе два буса ТЦК,сбивают велосипедистов!!!будьте внимательно",1
Киевская трасса в город за Брсм полиция,1
"Там стоят постоянно, вечно!!! Караулят мужичков и парней!!! Будьте бдительны, ну не первый раз на эту тему базар идёт!!! Кому эти посылки ""без вас"" будут нужны, внатуре?!!!",1
"Странная Амбулансе,а перед ней спринтер Дельфинарий едут",1
"Промышленная-Химическая-Пестеля,очень много бусов ездят с ТЦК!!будьте осторожны",1
По объездной на Посёлок тянучка от Куяльника,1
"Танкерная-Палубная, полицаи стоят в засаде в темноте.",1
шума новая почта стоят принимают,1
"5й кадорр, 2 парадная, мусорили ходят, вроде на вызов, но мало ли",1
Генерала Петрова дворы со стороны парка мусора на люстре катаются по дворам,1
Генерала Петрова хлкбзавод стоит нацгвардия,1
"Окружная, на ОККО стоят тцк машин 5-6 пьют кофе, возможно позже будет БП",1
Объездная. В сторону ПосКота. Перед поворотом на Нерубайское. Экипаж мусор+в с леденцами. Выборочно.,1
"Пересыпь, полиция стоит под знаком «конец полоты для автобусов» и тормозит машины, которые заехали на нее до знака",1
Пересыпский мост с поселка,1
"В Ильичёвске сегодня что-то намечается!! Явно видно, очень много мусоров + плюс перед заводом СРЗ целая куча разных мастей!",1
Степная Дорстроя красный хайс пакуют пацана.,1
"Рынок початок осторожно, прямо на ходу на перекрестке выбежали и побежали за мужиком",1
"Усатово-Баня, магазин изумруд/Укрпочта куча ментов, следаков!!! Вроде вчера вечером там был обнаружен труп, возможно по этому сходняк, но лучше обойти, мало ли!",1
Гончарова 42. Серый бус и белый citroen. Поехали в сторону Сильпо. На 11.23,1
"Утренний рынок, зелень кодлой ходят по рынку, докапываются даже к продавцам!",1
"Добрый день.Будьте аккуратны!Катаются по дворам по Жолио-Кюри,до школы 67",1
"Скворуова Таврия В, мусора на дастере припаркована машина",1
"Базовая, стоит тянучка в сторону шостика почти от эпицентра",1
Возле 51 школы на выезде на Люстдорфскую дорогу замечен белый бус с тцк. Осторожно. В 12.40.,1
"в Ильчёвске на кругу где въезд в порт, стоит бусик с тцк",1
Бус хюндай серый по балтимора-посмитного,1
"Латовка убой полным ходом. Бусик на гражданских номерах темно синий. Легковой хэтчбек серебристый и бежевый, все по гражданке. Даже не разговаривают, один держит сразу другие проверяют документы. Если их нет, сразу на блок пост везут, оттуда уже в суворовский тцк",1
"Окружная, возле санатория - поворот на НАТИ - авария. Менты на месте. Занята правая полоса с посёлка.",1
Мусара и бусик за ними по генерала Петрова едут возле парка!!!,1
Объездная Окко. 2 люстры пресуют дальнобойщика,1
"Мигалка на ОККО по объездной дороге, кошмарят фуру, вторая люстра по объездной поехала в сторону Куяльника",1
ОККО окружная стоят две люстры,1
Полный бус троллей Картамишевская-средняя катаются,1
17:50-18:20 пересыпь-поселок погода хорошая,1
Бус серый в сторону 25й,1
"Окружная OKKO, Корсунцы много зелени и черных пьют кофе, возможно будет БП",1
"Окружная, Шевченко АЗС ОККО много подонков давятся кофе",1
Мост пересыпь в сторону города 2 оливки на машине пьют кофе осторожно,1
ОККО окружная выносят знаки,1
Ваньета с чёрной дверью поехала в сторону Пересыпьского моста,1
"▪ул. Жолио-Кюри, 26",1
Рынок тцк,1
Королева-Вильямса пресуют все и бегают за пацанами. Ездят на сером Бусе с разбитым окном. Будьте осторожны,1
"Ездит жёлтый Рено, серый бус хюндай, белый Пежо бус, Черёмушки осторожно!",1
"Мэтро (Киевский район) черный бус, наматывает круги вокруг парковки, медленно",1
"Юго-западный масив за сильпо, патрулька",1
"Выехали на Космонавтов- внутри 4 зеленых тела, номера грязные- не разобрать..",1
Сахарный поселок. ТЦК на бусе Новая почта ( новая линия ). 4 - 5 деревообделочный. Детская площадка.,1
Окружная арбузы два буса тцк пока стоят готовятся,1
"Тцк тормозят,если объезжать через суворовский военкомат",1
Окко объездная БП СРОчно,1
ОККО блок пост окружная,1
16:45 ТЦК ОККО объездная!!!,1
Проспект Шевченка угол Гагаріна пакуют,1
"Объездная окко блокпост и в объезд дворами мимо военкомата, ещё два блокпоста.",1
По стоянке эпицентра ездят джип и микроавтобус. Будьте аккуратны.,1
"Генерала петрова магазин кошик,слева от входа стоит одинокий весь в пикселе с планшетом",1
Пробка на посёлок мост и далее до 2го заливного. Причина порт. Грузовики,1
"Опубликуйте пожалуйста, кто едет, как дорога окружная на посёлок, стоим ждём не едем,пожалуйста дайте обратную связь!!!",1
"Генерала Петрова, за сильпо(магазин домашни напивфабрикаы) серый бус на евро намерах",1
Черёмушки...будьте аккуратны!!!,1
На Шклярука стоит полиция прямо напротив вход ЖД больницы,1
"Слободка, ребята сидите дома!!! Срочно, облавы петухов, нет света нигде, не выходите, если хотите жить!",1
"Инто-сана, напротив маг. Сусіди, белый бус тойота и 3 маслины",1
"Черный фольц,проверяют парня возле Таврии маршал на остановке в сторону Площади конституции.Только что.",1
"Сити на маршала,ходят два мннта и подруга ментовка.Возле БМВ центра.",1
Окружная око возле поселка! Они на заправке око!!! Перекрыли выезд,1
"Не ходите дворами с АТБ, Сильпо и Таврии.",1
Чёрная таврия 112/2 вита серая 111 тцк,1
На парковке магазина маршал стоят по светофором патруль полиции,1
Китайский рынок менты тормозят выборочно в сторону эпицентра,1
Копейка возле водного подъехали три вояки окуратно на Опель,1
"Генерала Петрова 31, во дворе крепят глово",1
"Поліція, с Таірова на сухий лиман. Між заправками БРСМ",1
"Станция Одесса-Малая. Бусик с военными, скорее всего ТЦК, ждут возле перрона",1
"Генерала Петрова, вдоль парка поехали эти на белом бусе и Рено диастер чёрный",1
Генерала Петрова Мясолюб и Звёздочки. 2 упыри пьют кофе,1
"Молодця гвардия, на самом перекрестке, на островке, патруль",1
Бус 1861 повернул с маршала на 25 в сторону малины,1
Окружная Камыши в сторону поскота стопают петушки,1
"Черноморка- строительный рынок, ДТП! Полиция уже на месте",1
Привокзальная макдрай внедор и бус выпрыгнули к мужику,1
Привокзальная еще несколько бусов тцк макдрайв,1
Тецекашніки на Новікова напротів лідії,1
Лимнос Таврия много оккупантов и машина,1
"АТБ напротив Сельпо на Генерала Петрова, стоял бусик полиции 20 мин. назад.",1
Выезд за Эпицентр Поселок Холодильники менты ловят,1
"Объездная ОККО, много тварей, пьют кофе, возможно опять перекроют Посёлок Шевченко.",1
"Мусора на парковке ТЦ ""DEKOR"" напротив ""Эпицентра""",1
Сити Маршалл АТБ стоит пиксель высматривает,1
"Б.хмельницкого 11, толпа ментов",1
12:10 между 7 переспкой брсм тел 15,1
"7 км.поворот на право от Эпицентра между Сокаром ДТП,правый ряд стоит",1
Заправка Окко мост пересыпь,1
Подкова 45-50 минут море половина по гражданскому,1
Менты напротив эпицентра рег движение..светофор не работает,1
Ленпас переїзд Т4 обстановка зеление,1
Объездная окко загон смерти в зелени стоят пьют кофе 3 буса и джип,1
Окко на окружной возле Куяльника,1
Генерала Петрова 50 полиция дастер тормознули парня на мопеде белом,1
"Киевская трасса въезд в город заправка БРСМ,животные пасутся на асфальте",1
Добрый день. Магазин Ствол на Таирово рядом бус и человек 5,1
"Столярского-екатерининская площадь, куча ментов и эвакуатор, забирают машины",1
По Шишкіна в сторону Яр синий Сітроен джампер і за ним серий бус,1
РАДУЖНЫЙ 3101 МЕРС,1
Слободка акуратно красный Хайс выше базарчика,1
"Бывший брсм, стоят с радаром",1
"Новая Слободка, район кладбища. Белый фольц, высматривает жертв",1
"Странную дич заметил с утра, Черемушки по дворам одеял патрули по трое полицейских один из них в ярко зеленой жилетке похожи на службу оповіщення чего патрулируют не узнавал )",1
Реал парк Таврия менты припорковались с права от таврии,1
"Мост пересыпь, конечная 1 трамвая, полиция",1
"Мост Пересыпьский: одинокий мусор круги наяривает, рыщет по сторонам, направление на Посёлок. Кого-то ищет",1
"ОККО окружная пьют кофе, возможно бп.",1
Окружная за поселком б/п,1
Объездная. ПЕРЕД КЛАДБИЩЕМ. блокпост,1
Окружная ближе к повороту блокпост две стороны,1
Окружная ОККО перед кладбищем БП в обе стороны,1
"Окружная. Нерубайское. За заправкой ""Параллель"" (бывшая мотто) 2 экипажа полиции выборочно останавливают машины.",1
"Мото, Суворовский р-н менты",1
На въезде с Киевской трассы за БРСМ стоит люстра с феном,1
Окружная дорога за заправкой ОККО/ зЕлЕнь,1
"Пешие полицейские патрули вдоль линии 13 трамвая в районе экспострой, аккуратно",1
Экспострой на линии 13 трамвая стоят копы,1
А мусора пошли на парковку ситицентра,1
Только что забрали парня экспострой серый вито и чёрный дастер,1
"Менты стоят с люстрой за БРСМ по киевской в сторону города, спрятались за фурой",1
"Зй хлебзавод слободка, три буса очень много зелени, пока что не трогают никого но с ними и чёрные без патрульной машины",1
Хлеб завод СЛОБОДКА ОЧЕНЬ МНОГО ЗЕЛЕНИ,1
Во дворах генерала Петрова загрузили пацана,1
Черемушки дворами поехали в сторону завода Промсвязь,1
Где именно на генерала Петрова загрузили пацана. Адрес.,1
"Долинская, номер 88 VN VP стит бус,был один)",1
"Таврия маршал, черный джип, первые две цифры заклеены, тонированный",1
Киевская въезд в город перед БРСМ полиция,1
"Объездная Окко зашли трое на заправку,приехали на белом «Ситроен «",1
"Таврия маршал в конце стоянки напротив входа припаркована полиция, один гуляет вдоль парковки",1
"Слободка, белый бус за ним темный внедорожник, медленно едут, пять минут назад взяли парня с фонариком, в белых кроссовках и белых наушниках(!) возле 3го хлебзавода",1
"Ленпоселок, ул. Северная/ Горизонтальная, ТЦК принимают человека.",1
"Таврия Маршал куча нацгвардейцев и менты, рядом бус",1
Таврия Маршал очень опасно! Все кто только можно. Берегите себя.,1
"Парковка Таврии Маршал, человек 20 нацгвардейцев в шеренге, 2 буса нацгвардии и куча их Дастеров.",1
Пионерская ездят 2 буса,1
"Маршала говора был белый бусик, кого-то пытались словить, мусора ходят дальше ловят в сторону Артура Савельева. Темно. Будьте осторожны.",1
Улица станционная ленпосёлок заехал белый бус віто тцк,1
Все кто едет на работу в Одесский порт если у вас нету брони советую не ехать так как уже много Гадов на территории на каждом причале гражданская машина находится и в ней или возле твари. Одеты в гражданку.,1
"Объездная с посёлка тянучка из-за сломанной машины, не блок пост",1
Сильпо юз массив выгрузились с белого буса тцкна стоянке.,1
На стоянке Сильпо ю.з массив.Тонированы белый бус фольцсваген сидят в машине караулят. Предельная пасность.,1
ТЦК Радужный напротив ЕВы стоит белый пикап Toyota 1008 Г4,1
"Полицейский Дастер, через кадоры, в сторону Маршал Сити",1
Ленпаселок горизонтальная северная магазин вкусняшка в сторону переезда черный вито грязный,1
По инглезий По дворам ездит бус.Такого цвета Избитый Зелёными. Номера не успел запомнить Еле унёс ноги 3 раза проехал.,1
"Генерала Петрова, 64, 58, 54, 52, 50. Опасно! Два буса ТЦК дворами. Синий jumper и белый Вито полный пикселей и полиция.",1
"Софиевская-ольгиевская, белый бус, тцк",1
14 станция люсдорфской дороги (строй рынок) маг микс маркет 3 оливки с чёрный щимят кого-то,1
"Радужный, Варус толпа полиции, ходят вдоль, туда сюда",1
‍опер группа петрашевского-аркадия,1
Генерала Петрова возле Сильпо 16:03 лазиют мусора штук 6 в жилетках пешком,1
таврия маршал на парковке 2 машины мусоров вроде безобидные но фиг его знает,1
Три мусора в желетках прошли за Сильпо походу там принималово,1
"Белый Рено бус заехали, встали на парковке и заглушили двигатель. Простояли 5 минут, завелись и поехали дальше в сторону Шклярука.",1
Днепропетровская дорога разворот на стоянку золотую эро авария копы на месте,1
"Доброго дня, окупанти зеленського Педагогічна 46а",1
Степова,1
"11 больница, слободка. Два в форме - один мусор с автоматом! 22:00",1
Со стороны Одесской 45 (Слободка)только что мужчину загрузили в бус,1
Тцк Жолио-Кюри 36 возле гаражей,1
"На шклярука, ходят по дворам трое патрульных, без фонарей, двое мужчин и позади одна женщина",1
За кругом возле радужного как ехать к Таврии маршал люстра тормозит,1
Александровка-Фонтанка в поле бп. Машины дергают все.,1
"Эпицентр, выезд за посёлок.",1
"За переездом как ехать на паромку перед БРСМ ПОЛИЦИЯ,останавливают в обе стороны",1
Генерала Петрова 27/4 стояли возле дома поехали в сторону школы кружат в этом рене серый бусик,1
Черемушки-Таирово особое внимание-синий Рено Сандеро незатемненный на гражданских номерах ТЦК,1
Выехали сорок первого двора светло-голубой фольц т-4 или Т5 и поехали через двадцать пятый двор в сторону генерала Петрова,1
Слободка. Поселок Дзержинского. Детская площадка между двух домов. Серый бус и оливка возле него,1
Присуют мужика на Александра Кутузакия!,1
"Млаиновского 17, Таврия. Чёрный бус на евробляхах. Объезжают вокруг дворы.",1
"Староконка кататься белый фольц Т5 с чертями, выскакивают активно",1
"Корольова,111,112,113 чёрная таврия очень окуратно тцк",1
Напротив Таврия Лимнос,1
"Это Киевский тцк,у них есть табельное оружие",1
Эпицентр 7км опасно на парковке два буса и легковая,1
"Ленинградское шоссе, въезд в город с Киевской трассы, за БРСМ",1
"Ленинградское шоссе, въезд в город, за БРСМ, радар",1
"Сейчас крепят на генерала Петрова, напротив заправки амик",1
"Патрулька перед 1 заставой, со стороны Ленпаса",1
"Объездная, перед кладбищем со стороны поселка оливки и черные, блок пост",1
Политехнический серый вито. Тцк,1
"Окружная, выезд с посёлка, перед кладбищем БП",1
"Махачкалинская-Днепродорога, полиция",1
"Таврия, совиньён,пивзавод. Белый бус полный зелени.",1
"Староконка/ сторона фронта,стоит эталон белый с синими полосами-хз.",1
люстдорфская. номера не успела сфоткать чётко,1
"Слободка, за цементным в сторону голубого дуная, экипаж полиции осторожно.",1
В отражающих жилетках трое ментов Таврия варнеская/ Петрова,1
Эпицентр 7км на стоянке опасно,1
Идут в сторону Сильпо,1
по варненській в сторону Філатова білий 8814 і синій Сітроен з розбитим заднім склом 18:44,1
"В 18:45 два буса замечены возле академии связи в Лютеранском переулке, кого-то тормознули",1
Рынок восход у дороги мусора,1
Таврия в Ижевске два буса поймали пацана на велике будут грузить наверное плохо вижу,1
Повернули на Генерала Петрова,1
"Слободка, что за гул жесткий???",1
"Генерала Петрова, ресторан Гурман, стоит серый бус. Кто внутри неизвестно, будьте осторожны",1
"Генерала Петрова, бус у Германа:",1
Генерала Петрова какая клумба адрес,1
"КП Дачное- проверка в сторону Одессы, а в сторону Киева выборочно",1
Днепропетровская дорога 84 2 около Мармелада стоят гиены на т-5 белом,1
"Пересыпский мост, прям на остановке два буса полной зелени",1
Генерала Петрова 17 -19 2 буса в паре поехали в сторону таможни ездили по кругу,1
46 школа Черемушки хюндай таксон на гражданских номерах. Дворами круги мотали пол часа назад,1
"Черемушки, 32 школа, к 10 кварталу дворы, 2 буса, Фольц серый и Хюндай Н1 серый грязные",1
Генерала Петрова 27/3 два буса серый и белый бегают за мужиком опасно окружают,1
Черёмушки 46 школа к 32 школе мерс коротыш спринтер белый,1
"Обьездная, подйом возле Куяльника в сторону Ямы стал экипаж синих,тормозят выборочно",1
Генерала Петрова 27/3 2 буса с чертями на хендае и фольце,1
7ой КМ Эпицентр возле главного входа. Кто такие не понятно!!! Пустой. Но на всякий случай. Будьте внимательны,1
"черемушки, Генерала Петрова 27/5 дворы, 2 грязных буса",1
Слободка стоит БЛОКПОСТ сразу за поворотом,1
Рынок Черёмушки ТЦК,1
Ленпас переезд где атб копы копы остановили мужчину пешего,1
"Голова работает на все 360 градусов и внимательность в первую очередь. Этим псам давно на вас, ну вы поняли. Они видят вас только деньги. А потом мясо ненужное. Сегодня прям очень сильно штормят черемушки ищут везде где только можно. План походу не выполняют. Злые они как собаки.",1
10 квартал Черемушки заехало 3 буса,1
Тот пошел в сторону Сильпо ( заведение А5 ),1
Окружная ОККО 6-8 пикселей на заправке стоят возможно будет бп,1
"Пересыпский мост на остановке 1 стоит, и рядом на светофоре стоял jumper синий с приоткрытой дверью",1
Стоит генерала Петрова 27/4,1
Атб. Таврия. До 12ночи мужыки сегодня дома не выходите.,1
"Бус, темный фольцвагед, Генерала Петрова, дворы за сильпо",1
Генерала Петрова два буса ездят кашмарят Сильпо,1
"По поводу Маяк-машины проезжают через понтонный мост,машины стоят в очереди там по пару часов,но проехать можно",1
"Генерала Петрова, всё те же два серых буса, что и вчера утром, проехали только что мимо 27/4.",1
"Генерала Петрова 42 синий бус 1185 не люди,котого забрали, будьте внимательны",1
"Доброе утро, заправка ОККО с посёлка в сторону Куяльника ТЦК на заправке",1
Ленпас. Переезд. Бус. Парня на велосипеде штормят,1
"линия 13 трамвая,экспострой ближе к спортклмплексу с куполом серый Киа соренто и оливковые черти с каким то чёртом обнимашки делают,всем вокруг осторожно 8.30",1
Жк одесские традиции мусора (бусик),1
Окружная перед ямой в сторону нерубайское мусора останавливают.,1
5-ая пересыпская стоит экипаж,1
"Генерала Петрова 5,7. Дворы ближе к дороге. Тцк и их бусы+гражданские.",1
100 школа дастер синий и Рено мастер поехали а сторону 25ой,1
"Базовая, сзади эпицентра",1
11:25 подъем с Куяльника (Яма) менты,1
"Менты. Останавливают на горе, куяльника",1
Маршал Сити около 2х этажных магазинов стоят менты. Актуально на 13.30. вроде никого не стопали,1
Ленпас белое авто. 94 -66номер,1
"АА 0850 серебр бусик с тцк, с пионерской на сегедскую",1
Петрашевского‼‼‼,1
"Бугаёвская-Строительная,возле стадиона стоит патрульная машина,ждут кого оставить!!!",1
"Бугаёвская-Строительная,возле стадиона стоит патрульная машина,ждут кого остановить!!!",1
Калантаевская Таврия тцка,1
"Парковая-Испанскяч возле копейки, Рено Кенго с оливами",1
Белый бус с людоловами заехал во дворы Генерала Петрова сбоку от сильпо (там где ЖЭК),1
"Академгородок опасно ходят по парковке, будьте бдительны!",1
"Два буса, поехали в сторону шклярука или повернули на Гераниеву, не видел",1
У тцк на генерала Петрова 58 что то светилось на куртке ярко зеленый цвет,1
Генерала Петрова 28 менты по 3 ходят во дворах,1
Черемушки (20%) — Очень близко к Поселку. Район проходных дворов и рынков.,1
Самое безопасное время (кроме ночи) — пятница после обеда и вторая половина воскресенья.,1
4. Киевский район,1
5. Суворовский район (посёлок Котовского),1
"Жд, со стороны Среднефонт.возле остановки припарковался скорая на черных номерах, пока никто не выходил. Ждут..",1
За Эпицентр Поселок напротив холодильника стоим машина с ментами. Сидели в машине,1
"Таврия Маршала на выезд из города в сторону кладбища мусора, останавливают безрозбору",1
"Окружная, пос. Шевченко, ОККО, поворот на Яму БП в две стороны",1
Окружная пос. Шевченко Окко бп в обе стороны.,1
Окружная напротив Ямы копы стопают выборочно,1
Ленпаселок красный хайс танированый в хлам катается по району. Будьте осторожны,1
7 Пересыпь БП маршрутки не тормозят но много недомужчин будьте аккуратней всем хорошего дня,1
Окружная поворот на яму мусара с леденцом,1
"Дача королевского около амундсена поехали два буса (синий и белый) в сторону центра. Сначала трое военных общались с мужиком, мужика вроде не взяли.",1
Китайский рынок с двух сторон люстры 3 машины,1
Окружная хаджибеевский лиман дамба стоят тцк и мусара,1
"7-я пересыпская возле БРСМ на 9:30 белый ситроен ТЦК выбежали в балаклавах и начали бить мужчину который шёл по обочине, по голове, задувать балончиком. Начали останавливаться машины, пытаться помочь. Мужику удалось сбежать, весь в крови. Будьте осторожны и не ходите в одиночку по обочине",1
Рынок Початок 2 упыря жрут в столовой Актуально сейчас,1
"Нижне-большевик уксус мойка стоит пирожок белый, высматривают выпрыгивают всем мужикам избегайте псов всем хорошего дня",1
По поводу Ланжерона,1
"1900, лексус, ранее каен. Живет или снимает квартиру в акварели. Часто привозят и увозят его бусы. Устраивают планерки на парковке эпицентра.",1
2 буса только что возле новой почты 26-го отделения проверяли документы у пацана 1 бус на днепропетровских номерах 2-й Не обратил внимания будьте аккуратны в районе таврии,1
"Маленькая таврия,серый бус стоит,ждут жертв.",1
АТБ Маршалл Сити заехал белый бус,1
"Радужный 24 со стороны 24 дома, тцк и мусора, пешком ходят, будьте внимательны, пользуются отключением света..",1
Жолио-Кюри 68: человек 5/6 ушло в сторону конечной 146 возле шиномонтажа докопались до водителя грузовичка и один автомобиль переехал водвор район Жолио-Кюри 20,1
9 ст. Б. Ф. На развилке до быка на островке стоит люстра с мусориллами на 8²⁰.,1
Александровка поехал бус с ТЦК в сторону Ильичёвска береги себя,1
Базовая сразу за Эпицентром стоят мусора,1
Эпицентр базовая стоят,1
"Латовка, объездная, как ехать с посёлка, после Куяльника, 3-4 машины ментов, мордовороты стопают. Актуально на 9:05.",1
Т4 серый вм1861 полный ЛГБТ поехал с 1 станции на юго-западный.,1
Паустовского-Бочарова. С самого утра катаются!,1
Люстра на куяльнике в сторону хаджибейского лимана,1
Китайский рынок напротив эпицентра мусора с леденцом.,1
Генерала Петрова 27/4 людоловы на сером бусике поехали в сторону стадиона,1
"Слободка район психбольницы мерс 230, на евробляхах четыре",1
"Круг 7 км, в сторону гоночной леденцы, плюс на кругу ДТП вторая машина полицаев",1
Столовая Остапа вишни зеленые пристали к человеку- возможно водитель грузовой машины,1
Объездная перед ямой со стороны Куяльника люстра,1
"Пионерская/Курортный пер авария, хорошая пробка",1
"Александровка которая возле Ильичёвска, белый бус тцк магазин сусиды",1
Генерала Петрова /Сильпо стойт гусь в зелёном цынкует,1
От летчиков 5 фонт-вымпела белый вито танированый,1
Киевская БРСМ въезд в город полиция.,1
"18:28 кого-то сбили, старая столовая",1
Генерала Петрова звёздочка напротив рынка Черёмушки вк8211 белый бус много душегубов кошмарят людей будьте аккуратны,1
Генерала Петрова возле профитроли белый бус на аварийке похоже что эти,1
"Генерала Петрова те что возле профитролей заехали в дворы там темно, а подъехали ещё Вито и коротыш-спринтер",1
Генерала Петрова новая почта 125 тук на углу белый хундай и чуть дальше серый на сейчас,1
Сильпо Евгения танцоры заехал б/у с тцк парканулись у входа,1
"7 станция люсторфской,Таврия,стоят зелёные и мусора,три буса",1
"Вечер добрый, Генерала Петрова 38,во двор заехала полицейская патрульная машина,в 22:10!и стоит цинкует,будьте осторожны",1
Объездная заправка ОККО очень много пока что пьют кофе! Будьте осторожны!!,1
Объездная заправка ОККО очень много зелени пока что пьют кофе! Будьте осторожны!!,1
Киевская трасса на въезде в город заправка БРСМ стоит люстра работает фен,1
Степная чёрный фольц,1
Генерала Петрова 52 2 буса упаковали СИЛОЙ парня,1
"Генерала Петрова 58 во дворах ТЦК, только запоковали мужика",1
"Сокар, перед эпицентром, менты",1
Ленпаселок ваз очень много в зелёном,1
Улица Днепропетровская дорога 84/2 у первой парадной вояка в наморднике рядом с машиной. Осторожно.,1
"Киевская трасса в сторону города БРСМ! Актуально, едьте не больше 50-десяти",1
Нефтяников базар шухер,1
Слободка возле магазина Соседи,1
"10 квартал Черёмушки поехали к 32 школе, фольц серый",1
Радужный дастер белый,1
Киевская трасса направление в город заправка БРСМ менты с радаром,1
Копейка на Данченко там где рядом АТБ темно зелёный фольц бус не на наших номерах тцк,1
И в переулках где заправки БРСМ и ЮПДЖ перекрыто зеленью,1
"Пересыпь, авария под Мостом, пробка",1
Нац гвардмя бус от7 фонт-чубаевка,1
Пятая станция в сторону юр академии тцк белый бус остановили ребят!,1
Красный Хайс гоняет по ленпасу %тцк проверили,1
по генерала петрова темный бус во дворы заехал осторожно,1
генерала петрова 61 во дворе катаются все осторожно,1
"Радужный 16/3 - кто то шариться по подъезду, могут быть и бандеровские могилизаторы, осторожнее",1
Радужный двор 16/1 16/2 16/3 и 16/4 опасность.,1
"Завернули на Таврию Маршал, с ними белый Вито впереди",1
3 Люстдорф в сторону Таирово люстра остановила машину,1
"Радужный, 24 дом полиция. Осторожно 20:07",1
"Раойн 33 школа,по дороге Генерала Петрова. проехал темный бус. ТЕМНО СЕРОГО ЦВЕТА. ОКНА ЗАТЕМНЕННЫЕ. ПОВОРАЧИВАЛ К ПРОМСВЯЗИ.",1
Потом поехали в сторону 25-й свернули перед точкой,1
"Мост пересыпь,в сторону городу, автосалон електрокар",1
Объездная заправка ОККО очень много зелени пьют кофе! Будьте осторожны!!,1
"Возле эпицентра за посёлком стоят синие! С мигалкой, трутся пока людей нету",1
Ленпас. Северная/Нескчная стоит люстра,1
"Ленпоселок, горизонтальная и парк возле школы, катается белый Т5 выпрыгивают и проверяют документы",1
"Ленпас, от Авангарда до Горизонтальной курсируют Серый тоёта Рав и белый бус фольц. Были замечены на Обнорского и Бородинской",1
"Кадорр копейка тц, стоит спнгйонг с вояками на парковке",1
"Генерала Петрова 54,56,58 катаеться по дворам в этом квадрате фольцваген белый с оливками",1
Напротив Маршал Сити стоит патрульная,1
Тцк эпицентр Таирово,1
Таврия Лимнос.,1
"Генерала Петрова сзади Сильпо, дворы 2 машины, одна универсал, второй серый бусик. Чуть не запаковали возле парадной мужика. Все жлобы откормленные.",1
"Объездная окон на заправке два буса куча зеленом пьют кофе,будет бп или нет,не понятно,пьют кофе….",1
Объездная заправка Окко пьют кофе куча зелени,1
Генерала Петрова 31 возле магазина белый бус стоит,1
Массив - Сильпо катается Бус с ушлепками,1
Юго-Западный Сильпо в сторону 51 бус,1
развилка сокар южный-кошары менты и тук,1
развилка сокар южный-кошары менты и тцк,1
"Генерала Петрова возле амика белый фольц у дороги,проверяют велосипедиста на 7:25",1
За паромной переправой в сторону Ильичёвска менты остановили бус,1
"Пару дней назад видел как становился бусик и выскочил к парню. Было под пересыпьским мостом. Я стал за бусиком, тоже думал сначала орать, но начал сигналить и не просто, а аж панику поднял. В итоге парня отпустили и поехали.",1
"Жолио-Кюри, конечная 146 стоят мусора, стопают в обе стороны",1
Копейка на Площади Деревянка. На входе 2 полицая стоят,1
Менты на горке Куяльника,1
"На подъём куяльника 3 экипажа с герляндами и лединцом,хотят поздравить с рождеством,тормозят на ура",1
"Суворовский рн, в город, Мото, блок пост, пускают по одной полосе",1
Перед поворотом на яму патруль в обе стороны (объездная дорога),1
"В КРАМАТОРСК везут для морального давления - что бы отловленный быстрее подписал сам добровольно документы. Воинские части отказников не берут. Возят пока не возьмут или не будет добровольной подписи, потом привозят в Одессу и выпускают заводя уголовное дело.",1
"Ленпоселок,профилакторий забрали мужчину на велосипеде",1
Видно Новая Почта не продлила подписку у зсушек - бо резко с понедельника начали ловить клиентов возле почт.,1
"Район жд больница ул Шклярука, серебристий бусик мерс, ловят, сейчас",1
"шклярука 4А, 2 подъезд ломаться в двери",1
"Бугаевская-дальницкая-2застава серые бусы, один с номером 212 второй не увидел, с орками ездят ищут ребят, аккуратно",1
Колонтаевскаяукр почта мерседес белый тцк,1
Ленпас зелёные упаковали мужика,1
"Радужный, конечная 145, на остановке серый Хюндай Н1",1
"Генерала Петрова 56,54.белый бус низкий с оливками",1
Ленпас общаги возле овощного минут 10 назад 3 буса гестаповцев.,1
Юго-западной. Проверяют парня,1
Валиховский таврия на парковке черный вито полный ждунов,1
Генерала Петрова со стороны поля идут в сторону амика 3 зеленых с фонариком 21:01,1
академика корольова 90 Б прям во дворе,1
"Генерала Петрова 42,46 будьте осторожны 21:19",1
Таврия В Лимнос.,1
Стоят мусора нацгвардия угол генерала Петрова магазин ЕВА,1
"Мусора пошли в Генерала Петрова 46,50",1
"Только что подъехало два буса рядом с въездом хлеб завода на генерала Петрова,с одного вышло 2 тцкашника,будьте аккуратны",1
ОККО напротив эпицентра таирово менты заехали,1
"Снрва Жолио-Кюри, конечная 146 стоят мусора, стопают в обе стороны",1
Юго-Западный дворы два автобуса чертей белый вито и серый хундай,1
Подъём на куяльнике стоит полиция,1
Въезд в город с Киевской трассы за заправкой БРСМ полиция с чупикапи )),1
Лейтенанта Шмідта пост ТЦК +поліція,1
Полицаи на подъёме от куяльника тормозят выборочно будьте осторожны.,1
"ТЦ Маяк на Таирово, на парковки стоят два мента, осматриваются по сторонам.",1
"На везде с рынка ""яма"", объездная, стоят 2 наряда полиции,всех тормозят. Ез тцк",1
"На везде с рынка ""яма"", объездная, стоят 2 наряда полиции,всех тормозят. бЕз тцк",1
"Ленинградское шоссе, въезд в город с Киевской трассы, за БРСМ, радар",1
2 тцк буса спринтер грузовой и хендай серый ленпоселок поехали возле надежды,1
7 пересыпь,1
По генерала Петрова ездит темно серий бус с натписю сталкер будь номера евро,1
Ленпаселок надежда стоят,1
"Эпицентр на парковке возле 7 км, возле первого входа стоит серый т5 в салон тонирован за рулём пиксель смотрит по сторонам...",1
Во дворах юго-западе котаеться два мерса поехали в сторону сильпо,1
Дальше мусора.. и третья будет ловить,1
На Генерала Петрова на против Амика заправки заехали во дворы,1
"За день привозят до 10 человек, а вечером до 50",1
Генерала Петрова 47 с левого торца дома (со стороны садика) подъехала патрулька и выключили свет. Аккуратнее там,1
А на парковке Сильпо стоит бус серый КА и ментовская машина с шакалами,1
"Окружная заправка ОККО полиция, без ТЦК, стопают.",1
ОКРУЖНАЯ ОККО МУСОРА 8.13,1
окружная поселок окко менты стоят,1
"Черная Таврия только что приняли парня, поехали в сторону арки во дворах 118, выбегают спринтеры, лучше вообще не выходитьи наверное, серый бус харьковские номера",1
"Чёремушки 10-ый квартал 15 минут назад во дворах ездят два буса с тцкунами плюс легковушка,внутри и гражданские и в форме.",1
Таврия маршал 4 чела в военой форме на парковке,1
Таврия Маршал на стоянке стоит целая толпа людоловов,1
Черный Т5 с фашистскими номерами замечен около перрона одесса-малая,1
На усмотрение админа! Філатова 53 столовая! Там почти постоянно кормяться куча мусоров! И людолови в гражданском и тцкашники тоже бивают,1
Радужный со стороны АТБ ходят пешком ТЦК возле 16/17 дома и катается по дворам синий бус T5 VW.,1
"Квартал промсвязь, заехал белый бус во дворы с генерала Петрова",1
Радужный 15 возле евы - стоит камуфляжный бус,1
Генерала Петрова хлеб/завод стоят питухи,1
Рынок Нефтяников,1
"Поселок, выезд с Эпицентра, стоит бус с грязными номерами рядом зелень, звонят кому то по телефону...",1
"Маршал Таврия, два белых спринтера нац гвардия, в засаде сидят.",1
Копейка к ахода,1
Теперь берут образцы ДНК у родственницы (он сирота),1
"Теплодар внимательно, гости со стороны Беляевки, заехали гости, серебристый форд транзит в сторону мэрии",1
Патрулька ездит за Сильпо,1
"Теплодар, транзин с душегубами поехал в сторону дачника",1
Паустовского-Добровольского возле газетного ларька недалеко от Копейки стоит оливка и рядом бус. Осторожнее там.,1
"Полиция со стороны таировских кадоров в сторону эпицентра,остановили машину 09:40",1
Черёмушки Генерала Петрова,1
Синий бус и за ним белая легковушка поехали за Сильпо дворами Генерала Петрова успел в подъезд забежать,1
"Генерала Петрова 45, 47 дворы - серебристый бус и синий легковой полные пикселя.",1
"Генерала Петрова 45, серый Вито и черный дастер",1
"Староконний рынок, катаються белое вито старый кузов, будьте осторожны",1
"НаЖукова, от выезда с кадорров в город видно люстру.",1
Синий дастер + серебро вито 639 там где экспострой в сторону рельс,1
Китайский рынок в сторону Эпицентра мусора стопают,1
"Пересыпь, около Копейки. Пошли в Копейку",1
"Слободка,3й хлебзавод,стоянка белый фольц, тцк пасут.",1
"Объездная камыши, стоит зелёный соренто и пара бусов много упырей, возможно будет БП, на 15.00 актуально",1
Мусора ТЦ Маяк возле KFC,1
Два буса ТЦК заехали на Жолио-кюри между домами 60-62,1
"Бринадная чуть дальше стоянки темно синий Дастер на гражданских номерах. Черный и пиксель выскочили к гловеру на велике, проверяли доки. Ехали в сторону Шклярука.",1
"Вьезд на радужный, патруль остоновил фургон, тянет время, аккуратне, к посту выше, вам все обернется! Лучше бы помогали людям а не людоловам",1
"По Пионерской вдоль парка,к площади полицаи на джипе едут",1
Менты на Окко окружная,1
"5 мин. назад 3 Хлебзавод. Слободка. Черный Вито ТЦК, на парковке",1
Окружная с поскота возле Окко менты тормозят в сторону города,1
За эпицентром в сторону Николаева нюхачи,1
"Объездная, ОККО- полиция в сторону Куяльника",1
Менты не доезжая Окко в сторону куяльника,1
Эпицентр 6км возле сокара мусора тормозят всех кто выезжает из под моста,1
"Арка на Дельфінарій,бус с ТЦК",1
Заболотного-Сахарова за АТБ стоят группа ТЦК.,1
Ленпас синий бус 17 92 на Фесенко но катаются по всем глухим улицам,1
"Рынок Початок,возле магазина проката велосипедов,1 вояка ошивается.",1
"Генерала Петрова 55, пиксельных джип с оранжевыми номерами наматывает круги.",1
Судостроительная-трудовая и весь тот район курсирует белый грязный бус Транспортер,1
Иуды по адрессу Генерала Петрова 8 забрали мужчину. Жена орала на всю улицу. ЧЕРТИ ВАС ЖДЕТ АД.,1
"Возле ТЦ маяк стала патрулька,скоре будут работать там",1
"Генерала Петрова, возле белого магазина, ТЦК щимят пацана актуально 17:25",1
"Эпицентр Таирово,бус черный припаркован возле САД ОГОРОД,аккуратно",1
"Красный хайс, медленно наворачивает круги Торговая-Пастра-Горсад",1
Ленпоселок новая почта 15 два буса гоняют туда сюда актуально на сейчас,1
"Ленпоселок ездит белый Мерседес Спринтер, длинный пасажирський, по бортам желтые габариты. Остановился прямо за машиной ждал что кто-то выйдет, подьехал тихонько сзади с открытой дверью, увидили что никто не выходит, а сразу заезжают во двор и поехали дальше!",1
"Дельфінарій,ТЦК на парковке",1
За Сильпо ездит серый бус ТЦК,1
"Четра напротив фитнес клуба ДНК стоит синий фольу, высматривает",1
"Смотрите, жители Ильичёвска, с 23.00 до 01.00 на курортном всегда стоят мусора, а потом и тцк до 03.00 в темноте, ждут ребят, что идут за добавкой, на перекрестке, это 100% инфа ибо смотрели за ними не один день, так что запасайтесь бухычем зараннее, и нех там шариться, ибо оно не стоит того",1
Юго-западный масив ТЦК остановили человека,1
Привокзальная мусора лезут к водителям за парковку,1
"Объездная,возле кладбища -блокпост в две стороны",1
Александровка что возле Ильичёвска поликлиника бус вито черный с тцк открыта дверь на обочине,1
"БП окружная,цемент в обе стороны,пока без ментов,но стоит бусик ТЦК,их много",1
"БП окружная,цемент на ыезде с посёлка в обе стороны,пока без ментов,но стоит бусик ТЦК,их много",1
"На спуске к Ланжерону,прям за аркой уже стали тцк на белом мерседесе Vito!!!",1
Корсунцы-красноселка патрулька,1
"Китайский рынок, белый Хайс,в сторону эпицентре",1
"Китайский рынок в сторону эпицентра, менты с леденцами",1
Шклярука бьют по планшету человека полиция,1
"Доброе утро, окружная, поворот на хаджибеевскую дорогу, 3 мусаров",1
"С номером В1 в потоке,к 1й Люстдорфа",1
"НА перекрёстке Шклярука/ Недельная стоит ментовский бусс с мигалками, чуть дальше какой белый бусс на 10:23.",1
"Танкерная-Лунина, стоит бус полиции, возможно тормозят прохожих.",1
Одно из мест! Сюда привозят и держат людей которых похитили тцк или титушки,1
"Чёрная Таврия 120, ситроен минивен белый ОСТОРОЖНО",1
"Генерала Петрова, 7/3. Красный бус во дворе с открытой дверью",1
"По генерала Петрова 7/3 по ходу ложная тревога. Люди ждали пассажиров, уехали",1
Слободка напротив мсека на парковке супермаркета 3-4 буса с,1
Ебейшая пробка от Таврии маршал в сторону опты кого-эпицентр,1
Полиция через кадоры в сторону маршал сити,1
"К Сильпо,против парка",1
Слободка. 2 комплекта тцк: 1. Бмв5+транспортер. Оба на бляхах.,1
Детская стоматология 10 линия прессуют парня вылетели с буса,1
Жолио-Кюри 26 угол копейки военные....,1
Ленпосёлок переезд перед АТБ мусора стопнули машину два экипажа.,1
Привокзальная мусора,1
Люстдорфскпя 172а белвй вито,1
"Генерала Петрова мимо парка, два буса, серый хюндай и белая тоёта",1
Объездная ОККО собираются,1
Слободка очень аккуратно на сейчас и сегодня и кривая балка и новая Слободка будьте лучше дома,1
"На шклярука возле больницы белое Рено, номер не видел,выпрыгнули к мужику",1
Генерала Петрова 1 мусора остановили мужика и отпустили поехали дальше по дворам,1
"Тцк,слободка хлебзавод,белый бус 3054,,будьте внимательны, выбегают,6 чел",1
"Китайский рынок, сразу за поворотом на эпицентр стоит полиция и тормозит выборочно в обе стороны. Смотрят на ближний свет и ремень безопасности",1
"Китайский рынок,в две стороны останавливают менты! На перегар!",1
"Возле Таврии Маршал автомойка шипшина, 3 легковые, один бус пакуют кого-то",1
Два белых буса катается дворами Юго-западный масив,1
возле АТБ на Генерала Петрова белый бус и полиция,1
"Только что бочарова-крымская,там где отделение Новой почты 64,кафе-кальянная,шёл через парк и тут возле кафе какой-то в форме жмых остановился(я так понял что по рации передал) и исчез в темноту.Я так же исчез не по направлению.",1
Окко объездная куча зелени и два экипажа полиции сейчас,1
Бусик белый на черных номерах Жолио-Кюри в сторону 10 линии,1
"Ленпосёлок Северная со стороны пьяной дороги медленно едит Бус т5,один идёт сзади и заглядывает во дворы",1
Генерала Петрова 23/3 во дворе катается белый бус с тцк,1
Соберается кодло окружная окко в сторону куяльника фишки уже подостовали,1
Киевская трасса. Въезд в город. За заправкой брсм. Шакалы с радаром,1
Улица ясная ходят двое по району проверяют документы,1
Паустовского-Добровольского возле газетного ларька недалеко от Копейки стоит оливка и рядом бус. Осторожнее там.Туда сюда ездят,1
"Юго-западный за сильпо, две машины",1
Внимание чорный автобус Радужный в этом раене,1
Варнецкая угол генерала Петрова осторожно тцка,1
Ленпоселок АТБ новое тцк,1
За БРСМ возле Даф центра по киевской в город фен!Стоят с выключенной люстрой,1
"Королёва-Левинана, за сквером там где гаражи.",1
"Генерала Петрова 44 во дворе серый мерс выполз один, пацанчик успел убежать.",1
"В сторону посёлка перед 7-й пересыпьской стоят зелёные ухилянты. Блок пост.11,53",1
Балковская-Ольгиевский спуск в сторону слободки-2 буса прессуют пацанов,1
Ленпаселок от 45 школы в доль линии поехали черти в сторонунового атб. Будьте счастливы,1
Генерала Петрова 37/34 проверка,1
Черёмушки 46 школа белый хайс дворами с малолетними глистами,1
"Слободка, облавы, 3 раза останавливали.",1
"Будьте осторожны,жду когда в Сильпо кто-то будет идти",1
Только что возле базарчика слободка сини Дастер и бус пацана с великом запокавали,1
На Дерибасовскую лучше уже не соваться на сегодня,1
Окружная выезд с поскота Укрнафта стоит приус без люстры.,1
Бригадная- зеленый мерс 124 и сперебр стый минивен,1
Возле въезда в Радужный,1
"Двор Генерала Петрова 37/43 белый транспортер, внутри тЦК",1
"Объездная “OKKO”очень много пьют кофе,",1
"Ильичёвск-Александровка 2я проходная, полицаи тормозят всех подряд!",1
Дворы где генерала Петрова 27/3,1
Стоят на повороте на таировские сады возле стоянки Эпицентра,1
Ленпоселок тцк зелёный 124и белая реношка,1
Малиновки рынок напротив больницы бутик с тцк,1
"Черемушки,за Сильпо на Генерала Петрова.Белый хюндай.они по гражданке одеты",1
На Генерала Петрова оливки кошмарят людей,1
12:26 - Генерала Петрова 48а - Белый магазин - тцк облава прямо возле магазина!,1
"Генерала Петрова 28,гаражи 2 буса,остановили пацана",1
"По Генерала Петрова где упаковали паренька возде белого магазина, погрузили его в серый мерседес вито с номерами ВН 6680 TI в 12:28.",1
Микрорайон Радужный,1
Косвенная-Средняя 2 буса.Белый и серый.,1
"По данченко от робина к копейке поехал белый бус хендай, номера 6815. Внутри ТЦК.",1
Менты напротив эпицентра в сторону поселка сидят в машине,1
Много зелени заправка okko Объездная дорога как ехать с посёлка будьте аккуратны,1
Юго-Западный за Сильпо черный Вито и жёлтый кенго,1
Днепропетровская дорога 108 голубки бегают за кем то от магазина к стоянке,1
Генерала Петрова 61 во двор заехал бусик синий ТЦК,1
Щорса-Дом Мебели,1
К посту выше на бонуса копейка там перед тем как вытащить человека они эго изрядно побили люди стали на защиту но это не помогло. Один со словами (иди ваюй) ударил его по лицу с кулака потом с ноги и потащил в бус,1
"Генерала Петрова 48а, белый магазин, снова куча тцк стоят, перегородили дорогу.",1
"ТЦК на Генерала Петрова которые возле белого магазина, одна машина поехала к 54 школе во дворе, а второй бус в обьез дома с двух сторон во дворы поехали ловить. Дворы Генерала Петрова 48а-50 и дальше - МАКСИМАЛЬНАЯ ОПАСНОСТЬ!",1
Периметр генерала Петрова 45/47 и ближайшее дома,1
Шклярука трое пеших с собакой нац гвардия,1
Где по ленпасу ездят?,1
Ленпосёлок большой,1
Ленпас бетонка в сторону ваза белый бус с патрулем оставили наркомана возле аптеки,1
Строй.рынок,1
Патрулька заехала в радужный,1
"Черемушки Белый бус номера 1103, ловят на ходу",1
Здравствуйте. Генерала Петрова 6 (2 подъезд) забрали мужика прям возле двери 11:45,1
За Пересыпьским в сторону Посёлка мостом поставили Блок-Поси куча ТЦК и жирный мент останавливают выборочно,1
"Вильемса, как ехать в сторону эпицентра, сразу за светофором",1
"Блок пост Пересыпь в сторону поселка, не доезжая сокара Блок пост 12.21",1
"Генерала Петрова 48а напротив белого магазина стоит тонированный темный вроде кадик, с тцк, цинкует кто где идет.",1
10 станция остановили мужика напротив Сильпо и поехали в сторону 11,1
"Юго-Западный масив, аптека подорожник менты запокавали пацана с цветами, минут 10 назад",1
"С маршал сити,свернули в кадоры, белый спринтер,и зелёный киа спортейдж,едут медленно",1
"ТЦК Ленпосёлок новое атб, возле переезда",1
"Ленпоселок,новое АТБ,менты пакуют",1
"К записи,ЛенПоселок",1
ЛенПас АТБ.Мусора забрали человека в итоге и снялись.,1
Усатово-переезд мусор патрулька остановилась только что 17:00,1
Менты на бусе в дворах генерала Петрова 27/5 окуратнее,1
Море тцк напротив жарим мяса у банкетного пестика,1
Юго-западный масив за сильпо 2 буса,1
7 степная 40,1
Черемушки район Восход!,1
Генерала Петрова 45.47. Двое бус и каблук синий нарезают круги.,1
Во дворе Генерала Петрова ездят нацисти на синем Джампу,1
"Разместили в казарме суммарно было человек 20 но привозили ещё пару таких же. Помещение было переполнено — много людей в одном пространстве, свежего воздуха нет. Было холодно, условия не приспособлены для длительного пребывания. Нормального сна не было: тревожная обстановка, постоянные движения, ожидание неизвестного.",1
Юго-западный масив по дворам катается синий бус а второй похож на кего,1
затонированный синий бус Фольксваген заехал во дворы Генерала Петрова 49,1
"Окружная ОККО пьют кофе толпа, на дорогу пока не вышли",1
"Объездная ОККО!!! Много зелени, рыл 20! Пьют кофе.",1
Много ТЦК стоят на заправке ОККО окружная,1
Ленпосёлок ул Обнорского. Белый т4 тонированный ТЦК,1
Юго-западный катается белый вито,1
"Педагогическая-клубничный переулок-посмитного-фонтанская дорога катаются жёлтый кенгу и болотного цвета бусик(то ли фольц, то ли мерс)",1
По киевской на въезде возле БРСМ в город радар в обе стороны,1
Ул.Степная - типа провели в бус,1
"жёлтый каблук рено,бус фольксваген,Георгия Липского28-А-шклярука-бригадная,",1
Генерала Петрова паканули парня..,1
"1й переезд, заправка Брсм менты",1
"Генерала Петрова,копейка,74 й гомер.Заехали во дворы людоловы.Красный хайс старый.Сейчас",1
Напротив Обл больницы возле Сильпо темно синий и ждет,1
Пишу с опозданієм Новікова по двору пролетіли побачили робочих і доних ну іх обломали будьте уважні можуть повторно заїхати,1
Тецекашніки були на Новікова в 12.30,1
Івана і Юрія Лип/Генерала Петрова,1
Ребята всем аккуратны не доезжая блокпоста надзоре стоит чёрная daewoo elegance возле завода отец Сельмаш ловит кто бежит назад с блокпоста,1
Черёмушки!!! Все по хатам....,1
Пересыпский мост газовый переулок полицаи с леденцами стоят,1
Генерала петрова сильпо на бордюре тцк проверяет,1
Генерала Петрова 50 гестапо на белом бусе,1
По 25й перед Окко два патруля стоит с люстрой,1
Привокзальная подземка со стороны мака встречают,1
На окко объездная сто кофе пьют. Скорее всего будет блокпост,1
Напротив рынка Черёмушки во дворы заехал белый вито,1
Выезд на Ильичевскую трассу заправка VST стоит мусор штопают в обе стороны.!!!,1
"Радужный, парковка за 19 домом.",1
"Внимание. ГЕНЕРАЛА ПЕТРОВА 8 ЗА ДОМОМ МУСОРА. БЕРЕГИТЕ СЕБЯ,",1
"Педагогигеская угол экономического переулка аптека анц, серый Вито принимают парней.",1
Генерала Петрова 50 серый мерс Вита НН2952АК и с ним L200 митцык будьте осторожны во дворах,1
"Армейская- бизнес центр, серый мерс с ТЦК",1
"Бестолковые и беспоьезные бездарности пепси-кольные с вкл.люстрой стоят за ОККО как ехать на Пересыпь. То ли с радаром, то ли без - непонятно. Но стоят на обочине. Актуально на 17:09. Будьте осторожны и объезжайте этих бездушных инструментов! Всех с праздником!",1
"По поводу Толбухина номер 0143,их там 4 тела,рядом зелёная иномарка,в ней один мордоворот в чёрном,и тип похож на нарика,",1
"Радужный перекрыт въезд ева дом 15/2, авария",1
Не едьте в Радужный через главный заед!! Авария дорога перекрыта,1
Жолио-Кюри 26 угол Копейки опасно.,1
Инглезии обжора! ходят 2 в пикселей 22.20-22.30,1
"Черёмушки, дворы, район 100й школы, оливки сильно шумят, по голосам будто пьяные, гоняли на чем-то.",1
Мусора прямо на остановке Меркурій в сторону города стопают,1
1я застава ленпас перон и рядом опасно тцк тёмный бус с евро номерами,1
"Окружная, Арбузы, БП",1
"Ленпас, в районе парка возле школы и садика, катается тёмно-синий Т5",1
Балковская-градоночальницкая в сторону пересыпи,1
Парковка Ситицентра со стороны 13го трамвая,1
Проспект Шевченка 15/3 Таврия и до суда ездят синий-серый Вито и жёлтый кенго с самого утра через каждых 20-30 минут!¡!!!!! Берегите себя,1
Радужный и окрестности облава,1
Менты останавливают всех на Ленпасе,1
Жк Атмосфера стоят два буса на бляхах,1
"Слободка, хлебзавод, пятнистая. Белый бус и серый универсал",1
Объездная камыши готовит блокпост,1
окружная район куяльнике блокпост тцк в обе стороны,1
"Объездная дорога, ( где арбузы обычно продают) БП",1
БП окружная после спуска ч ямы,1
Окружная б/п,1
"Генерала Петрова 49/2, дворы за Сильпо, серебристый мерс вито.",1
ТЦК на хлеб заводе Слободка,1
Слободка обороняйтесь от питухов с оборотнеми питушинеми,1
Слободка раен базарчика опасно весь от банковской до хлебзавода,1
Мерседес Вита ( белый) во дворах Генерала Петрова,1
Слободка опасно защищайте друг друга всем удачи,1
Напротив Скай сити Белый Т5 проверяют пешехода,1
Генерала Петрова возле Профитроли грязный белый бус тцк и полиция подошли к парню сзади,1
"Пересыпь, белый мерседес с красными номерами. Кругами ездит, интересуется пешеходами",1
"Ленпас, парк охотник, менты кружляют",1
"Слободка, ездит 4 рыла.",1
Інглезі 3а біля Таврії поліція ходить,1
Уехали в сторону Эпицентра с Сундука белый мерс грязный,1
За магазином Копейка стоит белый каблук,1
"Пересыпский мост в сторону поселка две рожи, возможно просто наблюдают",1
На голубом Дунае ДТП туда лучше не ехать Слободка,1
Ленпаселок будьте осторожны красный хайс катается.,1
"Переселенец,стоят мусора в сторону Маяк",1
Генерала Петрова 42 заехал с белой бус и за синий пирожок,1
Генерала Петрова 68/2 полтинник забрали только что пацана эти же,1
Шклярука біля лікарні катаються тцк,1
Китайский рынок перекрыли въезд.2 буса тцк. На 11.10,1
Рихтера/7 степная тык в сторону площади 11:17 бус разноцветный на красных номерах,1
Дополнение: поехал по Пионерской вниз,1
Тцк Сильпо Тома Соера генерала Петрова стоит прям возле входа,1
"Генерала Петрова 44 два белых буса друг за другом поехали в сторону 48, 52, 54 домов.",1
Інглезі 3/1,1
"Химическая-Пестеля,по переулкам ездит бус тцк,второй бус возле 115 маршрута",1
"Химическая-Пестеля,4-5 переулок ездит бус тцк,погнались за велосипедом берегите себя!!",1
Генерала Петрова 74 Нацгвардии 20:11,1
Генерала Петрова 74 копейка,1
Сильпо генерала Петрова к остановке прыгнули к пацану на бусе зелёные,1
По генерала Петрова ездит в чёрный спринтер выпрыгивают,1
"Окко окружная,толпа пока по ходу кофе пошли пить",1
"Доброе утро. Зеленый, тонированный бус поехал в сторону вокзала, номер не получилось разглядеть",1
Радужный что-то много катается,1
Генерала петрова 42/46 аутлендер с военными во дворах,1
"От трлбухино не доезжая 3 ст люстдорф, зеленый бус шипит ребят",1
"Генузеская, на против Ля Сильпо Зеленый бус и желтый кенго тормознули парня",1
Генерала Петрова 70 во дворах 2 белых одинаковых буса мерседес,1
Генерала Петрова 52 не выходите,1
"АТБ маршал сити,полюция без мигалок на парковке спряталась,баба мент к водителям пристает",1
Слободка катается два темных бусика и с ними полицаи.,1
Уже едут два белых Вито по генерала Петрова,1
Хлеб завод Слободка. Трое пьют кофе.. стоить бусик.. номера,1
Я на днях заказывал такси уклон. Тоже приехали тцк. Вобщем район Черемушки будьте внимательные в такси тцк работают и сливают тцекунам инфу. Новый уровень работы у них,1
Срочно Б.хмельницкого опасно,1
"Таврия Маршал сине-голубой фольц транспортер стоянка, подозрительная группа мужчин пошли в магазин, все в черной одежде",1
"Радужный второй заезд, возле мойки самообслуживания, один в военной форме",1
"На киевской трассе, возле заправки БРСМ в сторону города, мусора на рено duster останавливаются возле мужчин идущий, начинают проверять документы.",1
"Схема на пьяные дороги. Мусора тормозят возле опоры, возле переезда стоит вторая машина с ТЦк. Кто видит мусорОВ и разворачивается, выезжает вторая машина возле переезда и блокирует проезд. Дальше объяснять нет смысла. Сами знаете чем заканчивается. Мужики, берегите себя от этих нелюдей.",1
Сегодня утром ТЦК вломились в магазин «Скай» по адресу Маяковского 1 (переулок Футуристов 1) и вытащили сотрудника прямо из магазина!,1
В сторону Сильпо на Генерала Петрова,1
"Ребятушки, знакомый врач из одесской больнички рассказал, что на ВЛК привозят не первый раз и отправляют уже охранников из таких организаций, как «Хаджибей», «Карабинер», «Гепард» и других охраннок Одессы и области.",1
С маяк в Одессу тормозят все машины проверяют документы,1
"Рынок Анжелика, заехал белый спринтер с тцк, могут лазит по рынку",1
Окружная БРСМ меж лиманами менты и нацгвардия,1
Седьмая пересыпь два буса и Дастер напал на мужика,1
Днепропетровская,1
"Радужный, Гранітна 2 возле Атб, мусора на мигалках",1
Юго-западный дворы между базарчиком и пивденным бус,1
На 6 стации возле Сильпо тцк,1
Генерала Петрова 18 во дворе без включеных фар и мигалок,1
"Авдеева-черноморского, за поворотом от ресторана Колыба. Два буса тцк стоят",1
Черемушки сидите все дома!!!,1
Окружная засыпана мусорами.Спуск к Хаджибею несколтко машин.Мотто Нерубайское тоже.,1
Латовка Окружная возле Генри Форд 4 экипажа мусоров останавливают всех,1
"Окружная, яма стоит полиция в две стороны, останавливают выборочно, проверяют на нюх",1
"Объездная дорога ОККО, стоят на заправке, набивают свои пуза",1
Бетонка ленпас за 45 школой темно синий т4 фольц стоит план капкан,1
"Доброе утро, объездная дорога, за «Генри Форд» (перед спуском на дамбу)стоят менты в две стороны, тормозят выборочно",1
"Объездная дорога,поворот на яму блокпост,стоят много гиен в обе стороны",1
"Окружная напротив Ямы, заправка в обе стороны очень много ТЦК",1
Под мостом в Сторону эпицентра МусорА,1
На генерала Петрова мусора остановили такси болт. Долго стоят.,1
Оутлендер свернул с первой станции на Юго-западный,1
Маршала в сторону Ильичёвска стоят менты тормозят машины,1
Генерала Петрова 50 белый кадик с зелёными,1
"На подъёме с дамбы Хаджибейской Окружная возле заправки, Поворот на Латовку человек 10 стоят в обе стороны менты с леденцами",1
Красный тайота хайс поехал от таврии маршал в сторонй эпицентра,1
"Рынок початок синий спринтер HH5936AI облеплен надписями благотварительный фонд,внутри зелень ждет кому-бы помочь",1
Объездная дорога перед съездом на Хаджибей со стороны куяльника стоит три наряда полиции тормозят за ближний свет будьте аккуратны.,1
За Сильпо как до садика два босса пресуют,1
Генерала Петрова 36 бус с ТЦК и легковушка,1
"К дельфинарию поехал бусик фольц. Ахтунг, осторожно",1
Мери бери варненская-25 чап,1
Поворот на радужный,1
Прям на повороте стоят как на 7 км ( рынок )поворачивать,1
"Блок пост в сторону поселка,Церковная-человек 40,каждый переулок перекрыт",1
Черёмушки отключили свет заметил много титушек ходят по району с телефонами не выходите из дому,1
"9 станция Люстдофской дороги, Новая почта. Будьте аккуратны.",1
"Предупредили,Кадори Таирова Сильпо тцк,менты.Будь те осторожны!!!",1
Квадрат Лузановка-Продмаш ездит темно-зелёный Вито полный гнили,1
"Будьте аккуратны, они сейчас (18:01) находятся в подземном паркинге Ле Сильпо (Кадорр БЦ)",1
"Радужный, возле конечной 145",1
"Черная Таврия стоит бус на остановке,высекают",1
К посту више там на лиантовича очень часто вижу как Тойота Хайс красная туда заезжает с тцкунами и туда ребят кого зловили тоже туда привозят,1
"22-20 защеканцы на втором въезде в радужный, два белых буса",1
Рынок Початок петушня тцк,1
Пересыпский мост возле копейки спрятались за генератором три тцк.,1
ТЦК поехали от Икеды в сторону Азарова-Немо,1
Генерала Петрова 56 серый бус хюндай с зеленью катаються по дворам,1
"Генерала Петрова 44, 48, 52 два буса белый и серый друг за другом.",1
Генерала Петрова 23\1 хотят забрать парня. Помогите кто сможет. Около мусорки,1
"Генерала Петрова дворы чёрный бус на чёрных номерах, два зелёных один водитель и по гражданке все три жирные, один из них с подбитым глазом и двое бородатых будьте бдительны и аккуратно номера не запомнил помню только в конце h5",1
брсм полиция 7 шт,1
"Снова стоят менты за «Генри Форд»(Объездная дорога, дамба) в две стороны!",1
"Черная Таврия,во дворах к Авроре поехал белый Вито 1667 в паре с серым босиком 12.00",1
"Гордиенко и ближайшие улицы(Слободка)медленно катается белый микроавтобус с гиенами,актуально в 12.10",1
За таировским кладбище возле брсм мусора 2 машины,1
Ну короче эти края пока аккуратно,1
"Маячный переулок,Таврия!!!Стоят Гиены!!!Митсубиши серый!!Спрятались за остановкой!!!!",1
"Окружная пос Шевченко АЗС ОККО много падонков, пока давятся кофе",1
"2 буса серый,белый катаются по дворам Генерала Петрова 42,48,46,50,52,54,68/2",1
Какой именно порт?,1
"Сильпо, на дороге большой бус и гражданская",1
Генерала Петрова заправка Амик 2 буса тцкашных,1
"Два"" Вито"" десять минут назад, заехали во дворы, Генерала Петрова 80, р-н детская поликлиника.",1
2 буса и лехуовука с Генерала Петрова заправка АМИК 9:25,1
Дворы Шклярука 6 пронёсся черный Вито W639 с разбитым боковым окном. За рулём... в мужеловской форме. 16:18,1
Китайский рынок несколько автобусов бусиков с тцк аккуратнее,1
"Во дворах генерала Петрова,50,54,68/2катаются шакалы на двух бусах",1
"Генерала Петрова 49/2, за сильпо 2 буса друг за другом",1
"Экспострой, на стоянке, напротив Таврии белый бусик, за рулём сидит в пиксельной. Видимо один, остальные где-то лазят. Будьте аккуратны.",1
"В Ильичёвске котается белый большой бус с зеленью, очень сильно убегал",1
Окружная пос Шевченко АЗС ОККО падонки давятся кофе,1
"Объездная ОККО, собираются на парковке очень много бусов и 3 мусорсуих машины",1
Пересыпьский мост в сторону города под мостом ДТП,1
Одесса-Поездная ТЦК 8.48,1
Патрульная стоит напротив маршал сити,1
"Объездная дор. Возле Хадж лимана авария, начинает собираться пробка",1
С пионерской на курортный заехали два белых вито срочно,1
Пробка ДТП окружная в обе стороны напротив конечной 20 трамвая обьежайте не блок пост,1
"Актуально 9:30 утра, Генерала Петрова 48а, черный бус и серая легковушка, докопались до прохожих.",1
ЖК Атмосфера катаются два белых грязных Vito,1
"Пересыпский мост,копейка тцк.В копейке и напротив бусик",1
"Объездная сразу после нати в сторону поселка авария, только что",1
"Менты, объездная угол Хаджибейской дороги, метров 100 от поворота в сторону поселка Котовского, стоят с леденцами тормозят",1
Объездная ДТП,1
Менты с родаром. Брсм (возле Теслы),1
Менти е 95 за мостом перед брсм в сторону города.,1
Долбодятлы генерала Петрова атб 2 машины,1
Б. Хмельницкого 76 у шаурмы трое зеленых,1
Степная белый мерседес ТЦК проверяют мужика,1
"Маршал сити, АТБ, напротив менти на аварийке один стоит на улице высматривает",1
"Степная угол пер. Дорстроя 16:40 полиция крепит мужика на дороге, тормознули авто с мужиком, водило не выходит из авто, коп убежал по планшет.",1
Возле Таврия на 9 люстдорф,1
"Маршал сити, Атб, на против входа в атб на Парковке полиция",1
Три буса нацгвардии заехали на парковку Таврия Маршал сейчас!,1
"Таврический в Маршал, парковка кишит мусарами",1
Таврия В маршал,1
Ушли по стороне хлеб завода по генерала Петрова,1
Таврія Добровольського-Марсельська,1
"По Пионерской,мимо парка,к площади",1
"Объездная ОККО, собираются на парковке очень много, ещё за ОККО первый изгиб перед Куяльником, серый Вито и черный дастер, 4-5 кукареков на улице, походу ждут остальных для БП",1
Эпицентр 6-ой км сбор на разводку на стоянке возле центрального входа. Машин 5-6. Будьте аккуратны,1
Лунина в сторону Шклярука заехали жёлтый каблук рено и белый бусс на 7:38,1
"Краснослободская-Ширшова, машина полиции останавливает всех",1
Пересыпский мост каблук Рено и Т5 стоят в пробке в сторону города,1
"Черемушки! 10 квартал, дворы от стадиона Полиция Дастер! Всем удачи!",1
Базовая патрулька ближе к эпицентру. Вторая машина поехала в сторону гоночной. 8.50,1
Объездная ОККО зелёные давятся кофе будьте внимательны возможно будет блокпост,1
"Слободка односторонное движения вверх опасно мусора стопают, из за угла их не видно",1
Объездная дорога за светофором к лиману на нерубайское менты,1
"Генерала Петрова 44, 48, 52, 54 серебристый мерс вито.",1
Ленпосёлок. Переезд. Новое АТБ. Не понятный движ. На входе в АТБ стоит зелень и несколько мужмков в гражданском. Возможно щимят мужиков. Аккуратно!!!,1
"Юго-западный масив за сильпо, бус и жёлтый каблук",1
"Серый хендай н1 только что отъехал от киевского военкомата, поехал дворами Черёмушки",1
"Объездная дорога возле сто генри форд один патруль, после спуска второй!",1
Выносят знаки готовят БП на Головатого перед БРСМ,1
Напротив Маршал Сити стоит полиция и наблюдают за теми кто под знаком стоянка запрещена,1
Объездная после 20 бокса люстра,1
"Черемушки, 10й квартал, катаются по дворам 2 буса, куча оливок с ментами, очень аккуратно",1
12:10 по Генерала Петрова 76 в сторону копейки поехали два буса один серебристый вито другой черный Опель.,1
"В районе 7км, под мостом возле эпицентра красный бусик с шакалами",1
"Таврия парковка, зелень в грязной машине такого же цвета",1
Новікова возле ботіскафа тецекашніки в 16:10,1
"Ильичёвская дорога в сторону Одессы, перед таировским кладбищем полицаи, выборочно останавливают.",1
Ленпоселок. Район ВАЗ. Вдоль железной дороги.,1
"На парковці Маяк, Лиманка, Фольц темно-синій з ТЦК",1
"На Генерала Петрова 2-3 буса с сбу, кого-то паковали",1
"21:10 Дача Ковальского Варус на парковке тонированный оливковый бус,поцов не видно,но аккуратный хады,башка верти.",1
"Пересыпь, переходил дорогу в неустановленном месте",1
Степная рено сандеро вылезло три черта болотных к парням,1
Окружная дорога поворот на хаджибеевскую дорогу стоят нюхачи,1
Нефтебаза объездная пьяная дорога блокпост,1
"Слободка за 111 школой, сквер лазит подозрительный зеленый нарик, нматывает круги, высматривает. Возможно проводит разведку. Аккуратно",1
"Ю.з массив дворы, сильпо серый бус.",1
"Объездная дорога, Латовка, менты перед спуском на Хаджибей. Стопают в обе стороны",1
"Ленпоселок, Северная, медленно ездит экипаж полиции.",1
"Ленпосёлок,ул.Северный переулок,ездит чёрный бус Opel. ТЦК.поехали в сторону Профилакторий.",1
"Эпицентр 7 км, останавливаются и сразу выбегают к прохожим",1
Заправка ОККО перед эпицентром,1
"Какой-то мужчина в чёрных очках и чёрной одежде,крутиться возле подъездов,и оглядывается,и пишет в телефон,генерала Петрова 50,54,56,68/2,50а",1
Ленпаселок новое атб на стоянке стоит белое рено на мусарских номерах,1
"Нефтянников рынок ВНИМАНИЕ- в кармашке желтый бусик с черными номерами, трое высадились по гражданке, пошли к рынку",1
"Генерала Петрова, дворы за сильпо, мусора катаются.",1
2 буса в сторону Ланжерона на приличной скорости погнали,1
На въезде в город киевская трасса заправка БРСМ леденцы плюс фен,1
7 я пересыпь возле копейки с бусика выскочили на пацана,1
‼Кузнечная ТЦК белый T5‼,1
За финансовым колледжем на 25-й Чап див дворы аккуратно,1
"Автостоянка простор по генерала Петрова, аккуратно заехал бус ТСК и джип проверяют мужиков в рядах будьте максимально осторожны",1
Генерала Петрова 1 два белый вито во дворе,1
Киевская брсм полиция.,1
7-aя Пересыпьская. Пучок зелени возле Здобушки.,1
17;50 Ильичёвская Александровка- сторона Империи. БМВ- гражданская на ровенских номерах- НЕ местная. Хз кто в ней.,1
бус свернул налево на Цветаева. Номер ВМ,1
только что проехали 2 каких-то бусика в одну сторону. мерс и хюндай в сторону сильпо,1
Восход Якіра. 3 патруля,1
Рынок Восход менты тормозят всех кого успеют.,1
"Генерала Петрова 53, белый бус и чёрная легковая поехали в сторону Сильпо",1
"Старобазарный перекрыли коммунальщики, лучше в объезд",1
Жесткий пакован Сильпо 6б.ф,1
"ДОБРОСЛАВ ОПАСНО, ЦЕНТР, КОПЕЙКА...",1
Педагогічна,1
Внимание генерала Петрова один,1
"Админ, возможно не по теме,но если можно,пропусти. Экспострой/Линия 13 трамвая не работают светофоры. Будьте предельно аккуратны и внимательны. Как под ногами так и по сторонам",1
Края воз Таврии в коблуке сидятц тцк,1
"Філатова 24 магазин м'ясо всередин 3 оливок і бус білий напротив, акуратно",1
Ленпас шныряет по переулкам глухим темный бус 17-92 были на Фесенко,1
В районе маршала хотят утащить паренька номера СЕ остальное заклеено скотчем,1
Напротив Таврии на Маршала,1
Менты заехали в Кадоре на Таирова на парковке в Сильпо высматривают ОКУРАТНО,1
Только что с поймали парня прям посреди перекрёстка Преображенская-Греческая. Заломали и закинули в бус. Дорогие парни берегите себя.,1
"Переулок напротив ля сильпо, 2 буса шмонают людей",1
"Маршал Сити, напротив АТБ мусора прессуют за парковку!",1
"Подтверждаю. На ланджероне ездит по парковке бусит с ТЦК. В 10:35 еле убежал, спратялся в дельфинарии. Прописка АТ, серый Вито, выскакивают на ходу",1
Эпицентр 7 км полный бус сидят,1
Китайский рынок менты в сторону эпицентра,1
"11.49 сразу за поворотом на строительный китайский в сторону Эпицентра стоит полиция, стопает",1
"Блок пост брсм на въезде в одессу,стоит полиция и тцк с табличками,остановился автобус всех высадили проверяют 11:52",1
"ТЦК С МЕНТАМИ ВОЗЛЕ БРСМ два буса, как ехать по Киевской в город",1
"Китайский рынок, стоит полиция, тормозит машины",1
Ільфа Петрова 2 буса тцк,1
2 зелёных ходят внутри рынка Черёмушки,1
Ленпаселок Юхима Фесенка со стороны котельни красный бус опель. Будьте осторожны,1
Генерала Петрова между 53 и 55 домом возле мусорки зелень ходит туда сюда непонятно ( один ),1
Генерала Петрова не доезжая детской больницы передрадостной во двор залетели менты на красно-синих мигалках будьте аккуратны,1
Новая Слободка и кривая балка и старая Слободка по в сем переулкам и. Пешком и на машинах,1
Хайс и хюндай h1 возле Авроры черная таврия,1
"5 мин назад черная таврия дворы серый h1, спринтер и еще бус! Облава опасно",1
"Акварель 2 пакуют со стороны поля,как идти к тц Маяк",1
"Слободка, возле рынка три автобуса, несколько человек с автоматами, рядом патруль тормозят всех подряд.",1
"Мужики,Суворовский работает по беспределу,принимают в основном на двух машинах,работают до слободки,свозят до 22:30",1
"За эту неделю было две отправки,свозят со всех военкоматов в суворовский и потом сразу на фронт,без ничего,по кабы",1
Генерала петрова сильпо спринтер и дастер проверяют мужика,1
Срочно китайский рынок менты,1
Порт с Таможенная проходная заехали 2 машины Опель(серебристый) и Рено транзит белый бусик рассосались по порту все в гражданском. Всем внимание,1
Скосная в сторону староконного едет темнозеленый Н1,1
Киевская въезд БРСМ двое радостно встречают с феном,1
Юго-западный масив за сильпо. Бус и жёлтый кенго вроде,1
Тцк возле поликлиники на вазе ленпоселок мерседес темный,1
8ст люстдорф ровд зеленый вито,1
Варнеская 5 по дороге проехал ярко желтый автобус. Окна тонированные. Проехал к Генерала Петрова 1. Берегите себя.,1
Бусик белый Тойота Хайс заезжают в Ленпоселок на черных номерах полный тцк,1
Братьев ачкановых-проценко зеленые и полицаи,1
около сильпо на генерала петрова разъезжают зелёные и ищут парней,1
Так бугаевка-таврия,1
Киевский райотдел коп садится в белый Вито выезжают на охоту. Берегите себя,1
Эпицентр возле входа в сад и огород номера 4042VF нелюди выжидают,1
"На рынок пошли два с одной стороны дома, три с другой",1
ТЦК за рампой копейка на Сахарого перед заездом в Кадры,1
Тцк. Генерала Петрова 27/5 едут дворами поехала в сторону 10 квартала,1
Генерала Петрова белый бус и черный Дастер в сторону хлеб завода,1
"Ленпас, Патриотическая ездит темный джип с тцк",1
Таирова Одесса+ Радужный без света. Наглухо,1
АГТУНГ рынок Початок. Тцкуны,1
"Окружная, Шевченко АЗС ОККО много падонков. Без Б/Поста",1
Нефтяников жёлтый бус с логотипом Новая почта ул,1
Черный вито сейчас ЖК Апельсин,1
"Вторая патрульная около тюрьмы в сторону Таирова,",1
"Знлёный спринтер по Генерала Петрова ближе к детской поликлинике,проверяют парня на обочине",1
"ленпас,ваз",1
"ленпас,ваз, вышли из машины и за парнем. Он на велосипеде смог уехать",1
тцк на генерала Петрова напротив Мясолюба,1
Радужный Одинокий пиксель между домами ближе к полю прошел рядом смотрел внимательно я достал балон перед ним и прошел тоже смотря в глаза,1
"Генерала Петрова 49/2, крутится тело в камуфляже, кто не понятно.",1
"1 мая, таврия на против радуги бос",1
"По поводу поста с фонариком. С включённым фонарями для нас не вариант ходить по улицам, это как маяк ходячий для ТЦК.",1
С самого утра до вечера рекомендации не вылазить на улицу и тем более пробовать перемещаться по городу. Отработка Ильичёвска. Будьте бдительны.,1
ЖК Атмосфера курортный переулок mercedes чёрный vito обрубок и renault жёлтый kangoo,1
"Генерала Петрова 61, дворы, бус на углу дома, с выключенными фарами, крадётся",1
"Ул. Балтиморская, 19; возле аптеки ""Анкор"" - 2 буса, накинулись как шакалы, примерно в 20:10.",1
"Ленпоселок, ул.Патриотическая(балочка) - менты и тцк",1
"Рынок Початок на въезде, ниссан х-трайл оливки пристали к мужику, 5:05",1
"‼Светлое,Новые дачи Облава Заехали ТЦК и менты",1
"Александровка-фонтанка в поле тоже стоят,бп",1
Заправка ОККО Окружная с Посёлка собрались ТЦК.,1
Окружная как ехать с поселка.,1
"7-я пересыпская на трамвайных путях в сторону посёлка ДТП, пока без ментов",1
‼ Фонтанка-сегодня особое внимание,1
Латовка окружная Генри форд стоят продажные мусорелы останавливает всех подряд без причины помните свет ремень всем хорошего дня,1
"Окружная. Латовка. Заправка Авиас. Очень много мусоров, активно стопают машины.",1
"Греческая-Олеши, непонятно- продажные мусора и орки плюс машина заблокированная бусиком",1
Под Пересыпьским мостом в сторону города дтп,1
"Объездная дорога, за «Генри Форд» снова стоят менты, тормозят выборочно",1
"Орион Полиция, пока без Оливок",1
Радужный. Заехали только.,1
"Около магазина Адидас-Привоз,стоят 3 шакала",1
Канатная-Успенская,1
Радужный 22 дом спецназ что к чему не понятно,1
Люстра с кулаками медленно в сторону Таврии Маршалл изО,1
Люстра медленно в сторону Таврии Маршалл из,1
Радужный!!! возле Укрпочта 22д менты две машины и пятнистые. Проверяют документы у мужчин. Актуально на 14.54,1
Ж/м Радужный 22 дом возле Укрпочты возле поля. Аккуратно.,1
бус от7фонт-посмитного,1
"Радужный со стороны поля у 22 дома полиция и бус с тцк забрали парня и дальше стоят,будьте осторожны",1
Жк радужный 22 там военные не тцк там захват был когото так как лежит на полу ствол я мимо прошел попросили обойти так как место преступления,1
"Александровка-фонтанка,в поле менты",1
Степная переулок Дорстрой транспортер синий т4 проверяют типа тцка,1
Покуют безжально одного/двоих и без остановки в суворовский ТЦК,1
"Генерала Петрова 55, белый пирожок поехал к Жеку/Сильпо. Быстро вылазят с машины 4-5 человек с фонариком.",1
"Генерала Петрова 49/2, ездят по дворам.",1
Китайский рынок бус 8814,1
"Генерала Петрова 55, ездит пирожок. Выходят около 5 человек с фонариками.",1
"Генерала Петрова, 55 ездит белый пирожок",1
"Окружная поворот на Красноселку-дтп,не БП",1
"Добрый вечер,хочу поблагодарить администрацию за ваш нелегкий труд а так же неравнодушных граждан группы о своевременном извещении об опасности,благодаря вам вы сохранили мою жизнь возможно и не только мою.Огромное спасибо,у жены есть муж,у детей отец.Вместе мы сила.",1
Все бусы с ОККО по объездной поехали в сторону Куяльникв,1
"Таирова, Китайский рынок стоит полиция в обе стороны, возле перекрестка. Тормозит выборочно",1
"Окружная спуск к Хаджибеевскому лиману стоят три экипажа, останавливают выборочно. В машине у них тцк",1
Окружная перед дамбой возле форда БП 3 экипажа полиции,1
Строительный рынок в сторону мечети,1
"Перед китайским Копейка, слева от нее возле кофейни 3 зелени пьют кофе. Пешеходы, осторожнее",1
"Объездная дорога, за «Генри Форд» стоит 3 экипажа, тормозят выборочно, в два стороны",1
Школьний 2464 в сторону сільпо,1
эпицентр таирово главный вход непонятная движуха на всякий случай через этот вход воздержаться пока не маячить,1
пересыпь (мост) катается тёмнозеленый и серебристый Вито - будьте аккуратны!!!,1
Мусора на Приеме в связке с серебристой Волгой ездят по дворам Черёмушки,1
"ТЦ Маяк Таирово, внутри ТЦК проверяют пацана",1
Жолио-Кюри 26 у второй парадной проверяли парня 5 минут назад,1
Добровольского- пивоварня два буса проверяли доки,1
"- привозят в ТЦК,",1
Копейка и АТБ. Облава.,1
Селек внутри 3 пешых с собакой,1
Стоит Фольксваген что-то высматривает поехал в сторону Ланжеронской не понятно кто внутри,1
"Днепропетровская дорога 74, банк Пивдений. Патруль остановил машину.",1
Савельева возле Табакерки бус с табличкой новая почта,1
"Химическая-пестеля,два буса тцк ездят по переулкам,едут сторону конечной остановки!! Берегите себя",1
Жолио-Кюри 26 поехали L200 и грязный белый каблук,1
Радужный заехали ТЦК,1
Юго-Западный дворы два автобуса чертей,1
"Объездная дорога, за Генри Форд, стали менты, снова на том же месте",1
Окружная. Генри Форд. Мусора.,1
"Таврия маршал, на парковке стоят",1
"Объездная дорога, после Генри Форд, 3 экипажа ментов, тормозят выборочно",1
Объездная «ОККО»пьют кофе.,1
‼ Радужный старый выезд,1
Объездная. Форд. Менты в обе стороны,1
"Пробка на Маршале,ДТП на месте менты, разбираются",1
Объездная Генри Форд на 10.15 с 2 сторон стоят,1
Строительный рынок стоят менты тормозят всех подряд,1
Мусорята на генуэзкая 1 на против таврия,1
"Химическая-Пестеля конечная 115 маршрута,бус высадил Тцк гуляют по району",1
Дворы периметра Генерала Петрова 45/47/49 и ближайшие - катаются синий бус и синий пирожок,1
"Генерала петрова 49/2, красный бус, во дворах",1
Бус сталкер на радужный заезжает,1
Вокруг староконного рынка спринтер полный тцк,1
Киевская перед брсм мусора на люстре возможно радар на 16 30,1
Радужный возле Атб не понятно что,1
белый вито поехал к 51 школе дворами за сильпо,1
"Стоит на против ля Сильпо - хз оливка или нет, будьте бдительны.",1
ЛьвовскаяСантим опасность,1
"Філатова 35, поліція та тцк оточили чоловіка в подвірʼї",1
"Заметили тенденцию: последние дни бестолочи бесполезные стали часто заезжать на верхнюю (бывало и в паркинг) парковку КадоррМолл «ЛеСильпо», часто докапываются к машинам, едут прямо за машинами следом",1
"Арихитекторсася/Сильпо, как идти к 5й жемчужине стоит скорая на аварийке, около нее 3 мужика по гражданке курят, может и не тцк, но лучше обойти",1
Окружная Генри Форд 3 экипажа мусоров всех подряд,1
"Черемушки, ездят по дворам,2 синих буса забитых тцк",1
Поехали два Вито по дворам с генерала Петрова напротив парка,1
2 белых грязных Вито на номерах АЕ на генерала Петрова возле профитролей пакуют,1
"15 лінія кут вул. Левітана, білий бус, перевіряють документи",1
Днепропетровская дорога 94 в кармашке по направлению город стоят мусора,1
Жолио-Кюри 26 во дворе два буса.,1
"Почти у седьмой перес. за заправкой брсм стоит какой то пиксельный штрих, смотрит по сторонам. Видимо оценивает передвигать бп или нет",1
Екатерининская-Малая,1
Полиция останавливает ленпоселок возле АТБ,1
"Киевская трасса, въезд в город. БРСМ. Радар",1
Красный Опель бус с тцк ленпоселок едут мимо дендропарка к Авангарду,1
Море Хохлов!!!!!!,1
Слободка в районе базарчика два белых буса Рено и Фольксваген кружляли поехали вниз на балковскую,1
Инглезі 3/1,1
15.15 БП как ехать на Слабодку напротив заправки БРСМ.,1
Великий Дальник с центра в сторону Б.Хмельницкого поехал Вито черный с тцк,1
"Между 8 акварелью и рампой Эпицентра. Стоят мусора без мигалок, что-то пасут! Будьте осторожны",1
"Генерала Петрова 48а прямо сзади магазина белого машина с копами и, вероятно с тцк. Будьте аккуратнее. Стоят с выключенными фарами, цинкуют.",1
"Белый каблук гоняет, квадрат Днепро-Махачкалинская",1
Серый Вито и синий с наклейками Джамп через Генерала Петрова 7 в сторону 100шк -10 КВ,1
Радужный 16/1 мужчина гулял с собакой и к нему подъехали черные Патрульке. Мужика забрали собака бродит одна,1
"Менты на Поселок, перед заправкой БРСМ",1
"Мусора стоят объездная дорога, поворот на Корсунцы ( напротив мойки), тормозят в обе стороны КАЖДУЮ машину. Все кто едет из Красноселки и в Красноселку с объездной дороги ВЫ ЗНАЕТЕ как объехать этих‼",1
2 белых вито ю.з. массив сильпо.,1
"Вчера в Ильичёвске с утра (примерно с 9:00 до 11:00) были замечены люди по гражданке, подозрительно себя вели, осматривались, что-то цинковали в телефонах. Возможно пешие дозоры тцк.",1
"Возле эпицентра люстра с леденцом, выборочно останавливает",1
"Ситицентр таирово,парковка ближе к Бмв центру,синий бус заехал.Время 11:35",1
Слободка срочно! блокпост ниже базарчика,1
Ленпас бетонка черный Мик в сторону Ивановского остановили пешего,1
Ленпаселок Юхима Фесенка гаражи мусара. Будьте осторожны,1
"Рынок Гулливер, как ехать в сторону Эпицентра, ТЦК остановили гражданский бус.",1
"Радужный, возле 16 дома менты забрали человека, собачку бросили.",1
"Филатова-Космонавтов, на перекрёстке авария, менты уже на месте, аккуратно",1
Генерала ПЕТРОВА 8 во внутреннем дворе полицаи. Черти на большой машине. СЛЕДСТВЕННАЯ ГРУппа. БЕРЕГИТЕ СЕБЯ ОТ НИХ.,1
Генерала Петрова 58 выехали со двора тцк,1
Люстра на генерала Петрова 48 возле белого магазина со стороны поля,1
"Дельфінарій, на парковке бус с ТЦК",1
"Маршал Сити, паканули 2х хлопців",1
"Объездная дорога, за Генри Форд, стоит 3 машины ментов, тормозят выборочно",1
"Объездная, Латовка, перед спуском к лиману два экипажа патрулей работает",1
"Полиция стоит на везде в радужный, скорее всего буду тормозить машины",1
"Радужный, на вьезде стал мусор с леденцом",1
"Радужный, похоже мусор выходил из машины чтобы дали взятку, в машине",1
"Корольова 17 напротив сильпо, 2 мента зашли в подъезд",1
Ленпас. Петровского. Полицаи прессуют.,1
Ленпаселок Юхима Фесенка гаражи оборотни стоят. Будьте осторожны,1
"Ленпаселок Юхима Фесенка по поводу потрулей возле гаража одна машина уехала, вторая все еще стоит. Будьте осторожны",1
"Ленпаселок Юхима Фесенка гаражи так мусара и стоят. Тормознули машину, разворошили ее. Водила упоковали. Стоят кого-то ждут. Будьте осторожны",1
"Ленпаселок Юхима Фесенка гаражи мусара еще стоят, приехала вторая потрулька. Стоят люди с мусарами. Один мусар снимает все на камеру. Что там происходит не понятно. Будьте осторожны",1
В радужный зашли тцк на коньках! Будьте аккуратны,1
"Ответ на вопрос по поводу куда везут с таирово: Всё зависит от того какой бус с каким тцк словил. Если киевский Одессы, то в киевский тцк повезут, если измаильский тцк, то вначале в киевский тцк, потом оттуда на Измаил и так далее.",1
"Не факт, что в Киевский. Мужа и двух коллег, в Овидиополь отвезли. Долго не могли найти. Говорили, что не там",1
"Товарища приняли на той неделе, привезли в суворовский. На следующей день был в Виннице.",1
"По поводу если словил то куда везут:в нашем случае было киевский тцк,зеньковецкая, кировоград,зеньковецкая, житомер -учебка",1
"Пионерская,возле общежития Фемида,",1
Окружная пос Шевченко АЗС ОККО очень много падонков без Б/поста,1
"С утра 27.01. 26, до вечера рекомендации - не вылазить на улицу и тем более пробовать перемещаться по городу. Отработка Ильичёвска. Будьте бдительны.ПИД...РВ ВЫСЕЧЬ ВСЕ СЛОЖНЕЕ",1
"Перекресток Львовская-Айвазовсково возле клиники Медея Бус и много зелени, проверяют документы у прохожих",1
Окружная. Нерубайское. АЗС параллель. 3 мента активно стопают машины.,1
"Ленпас Новая Почта #15, синий Фольксваген, мужика кошмарят.",1
Генерала Петрова 58 тцк с ментами по парадным,1
Екатерининская-Успенская бус черный выпрыгивают на ходу сейчас,1
"Генерала Петрова, магазин мясолюб бус с тцк",1
Новікова перон цецкуни зелений бус,1
"Тцк застряли на гололёде Жолио-Кюри 7 номер частный сектор, ездят туда/обратно",1
2 буса возле аэропортовского магазина,1
По эпицентру таирово внутри ходит один в форме пасет мужиков,1
"Ленпосёлок, упаковали мужика в районе поликлиники ул. Фесенко, будьте аккуратней",1
Окружная ОККО много ТЦК пьют кофе,1
Хлеб завод слободка,1
От Маршалл Сити в город белый бус сзади надпись кондиционеры едут медленно высматривают,1
ТЦ маяк на парковке менты,1
Маршалл Сити АТБ перед входом бус,1
"Химическая-пестеля,Опель виваро бус,полный тцк,поехал в сторону конечной остановки 115!! Берегите себя",1
Чёрное Море Бугаз - БП - 21:05,1
Генерала Петрова Въезд в 4й хлеб завод стоят полицаи без мигалок и возможно контролируют перекрёсток,1
3 люстдорф люстра перекрыли полосу,1
Маршала ЖуковаНапротив БМВ центра люстра остановила машину!,1
"Окружная, туман сильнейший будте осторожны.",1
Таврия монастырский переулок легавые останавливают всех 6:17,1
Окружная сильный туман. Всем внимание!,1
Окружная с котовского око много,1
"ОККО Окружная сбор пиксельные пивни, будет бп походу, аккуратно там всем",1
"90%,отвезли в Суворовский",1
"Суворовский ртцк 39 линия, 39",1
"Могут катать в машине, чтобы дособирать ""комплект"" и отвезти в Суворовский ТЦК",1
"Межлиманское, возле БРСМ ДТП с фурой",1
"Моего брата приняли ТЦК на Спиридоновской, а отвезли в Киевский район ‍",1
первые ворота на 7й возле эпицентра стоят менты. перед базовой. могут стопнуть,1
"Какие машины на габаритах, только ближний свет. Каждая третья машина на габаритах. А эта причина для остановки полицией.",1
Киевский суд дворы 2буса белый и синий вито,1
"Базовая 7км в сторону эпицентра Вито цвета хаки на черных номерах, в форме сидели ‍",1
Генерала Петрова заправка АМИК чёрный бус10:20,1
Генерала Петрова заправка Амик+ к бусу 10:29,1
"Ленпас,переезд,проверяют документы 2 воен",1
Прямо сейчас белый бус Слободка улица Гарина белый бус стопнули мужика,1
Радужный выехал военный бус 1090 г4,1
"Радужный, заехал военный пикап 8403",1
На втором вьезде в радужный два тцк проверяют документы,1
Опель с чорнимі номерамі заехал академіка Корольова 31,1
БРСМ В СТОРОНУ ПЕРЕСЫПСКОГО МОСТА,1
"Окружная дамба,БП",1
"Окружная дорога, арбузы, только что куча бусов высадилось, возможно будет БП",1
РАДУЖНЫЙ‼‼Бусик с тцк заехал от 15 дома и поехал в сторону 20-х домов. Будьте очень аккуратны! Берегите себя!,1
"Объездная, Хаджибеевская дамба - чисто",1
Епицентрер тцк парковка,1
"Какой именно эпицентр, у нас их 3 штуки!",1
Епицентрер 7 км парковка тцк,1
"К Сильпо Генерала Петрова синий Т5 1185, военные номера",1
"Возле Таврий в,на Маршала,напротив Котка стоят пасут выходящих.",1
"Окружная выезд с поселка АЗС Укрнафта ДТП фура перекрыла полосу объезд по встречке, на 7:05 без мусаров",1
Укрнафта Объездная (посёлок Котовского) мусора остановили машину 7.20,1
Пересыпь и район много патрулек катается,1
Сзади магазина Точка около ЖЭКа (Генерала Петрова) принималово тцк с ментом,1
Таврия Маршал возле заправки бус с чертями,1
"По дворам 10 квартала, Черемушки, катаются ТЦК, аккуратно, белый бус и зелёный мерседес за ним",1
"Окружная, после Генри форд, перед спуском к Хаджибею - 2 экипажа полиции. Останавливают, нюхают точно.",1
Белый вито и синий каблук массив дворы Силпо,1
"Белый спринтер по Ильичёвску с ухилянтами район управления, первая проходная.",1
Краснова-Адмиральский проверяют у парня документы. Извиняюсь за расплывчатое фото. Фотографировал на ходу.,1
П. С В СУД на таких машинах не привозят.,1
"7км Ёлочки мусора выборочно тормозят,на заезд на рынок.",1
9:30 Белый бус фольцваген номера в болоте двигается в творогу города в кармашке от меркурия- копейка- ….,1
Белый вито 7244 на зоопарклвой лазят 9.54,1
Полицая стоят на спуске хаджибеевскому лиману со стороны куяльника будьте очень осторожны тормозят кого хотят.,1
11.37.2 столба и блок пост возле 7 км не безопасно.Черти останавливают машины.Национальная полиция.Мужики берегите себя,1
Генерала Петрова Таврия в белые volkswagen t4 ТЦКшники,1
Генерала Петрова возле новой почты 125 белый Ситроен и возле него тцк трутся,1
"Поднялись наверх к психушки, повернули на кладбище в сторону Онко. Слободка",1
"Серый бус катается во дворах Генерала Петрова 58,68/2,50,52,54,68",1
Практически каждый день в 5-00 на въезде в рынок Початок стоят питухи тцк на сером нисан х треил серый.,1
Радужный 20 е дома люстра стоит возле подъезда,1
"Базовая 7КМ, напротив Эпицентра стопают полицаи",1
На выезде седьмого километра Базовая напротив эпицентра леденец,1
Возле арки лонжерон а если смотреть на море по правую сторону пасутся,1
Объездная и где трубы хадж лиман не пост а поломалась фура перекрыла полосу,1
"Возле Райотдела, заезд в порт, в терминал, тьма ментов и ТЦК",1
"Генерала петрова 49 / 2, за сильпо, синий минивен, номера МУРЧИК",1
"Пересыпский мост,где конечная 191 маршрутки тцк на белой машине остановили мужчину!!!!",1
Пересыпский МОСТ переход,1
"Кадори (Таірова) ремонт дороги, із за цього пробка по Ільфа Петрова",1
Філатова Солнечна бус +внедорожник,1
"Генерала петрова Звездочка, два буса белый и темный!!!!!!!",1
"Генерала Петрова дворы 27/5 и все генерала Петрова,штурмуют люто!",1
"Таврия Маршал, на стоянке стоят мусора",1
"Академика Панкратовой, возле 125 школы какой то кипиш, три машины ментов, одна с включеной люстрой",1
"Красный бус с тцк,Ленпоселок проехал мимо Ваза в сторону Заставы 1 минуту назад",1
По ленпасу вито сорное катается тук,1
"Синий пикап, 1128Е7, замечен в районе ж/м Радужный. Как поняли?",1
Сити на маршала заправка upg мусора,1
Район Радужный,1
Белый бус с черным гербом с переди ГЕНЕРАЛА ПЕТРОВА 68,1
10:05 толпа ЗЕленых на мойке на въезде в радужный,1
"Жолио-Кюри 32-36 синий т5 проверяют парня,осторожно в этом районе",1
Генерала Петрова 68 бус с тцк возле подъезда стоит,1
Генерала Петрова 68!! Мужчины не выходите с квартир! Они открыли подъезд и бус сразу чтобы туда вас!! Сидите дома!!!,1
Рвеок Черёмушки вход со стороны петрова 2 наряда с лбстрой,1
Радужный со стороны поля,1
Рынок Черёмушки по Генерал Петрова люстра стойт на обочине,1
"Пересыпь мост напротив остановки 7 трамвая,проверяют документы,полиция с планшетом без машины",1
Генерала Петрова 68.Дополнение!!!,1
"Радужный между 24 и 23 домом двое вояк,не понятно ловят или нет,будьте осторожны",1
Таирово маяк в консультационном центре акварель 2 сидят тцк. Их с улицы не видно,1
Генерала Петрова заправка АМИК!!! много зелёных будьте осторожны!!!,1
"Теплодар, к вам заехали гости-душегубы, внимание 100%, аккуратно",1
Появилась информация от военного знакомого что завтра с утра планируют штурмовать ильичёвский порт все проходные с утра Во сколько именно не сказал,1
"Аркадиевский переулок, Таврия. Полиция и в военной форме какого то парня в наручники паканули. Человек 10 их.",1
Генерала Петрова катаются,1
"Юго-запад и массив, дворы серый форс и синий каблук",1
Есть информация что завтра ленпас ссутра. Бдите,1
Белый Хайс по парковке Эпицентр Таирово кружит 17:08,1
"Сильпо, на входе на улице стоит тип и пасет мужиков, в коричневых ботах, как только подходящи кто то выходит сразу на телефон, значит где то в округе группа зеленских",1
Копейка за табакеркой гады!!!,1
Окружная с Посёлка заправка ОККО куча зелени пока пьют кофе,1
Черёмушки 32 школа Дастер белый на синих номерах дворами в сторону 10 квартала,1
Серий Мітсубісі аутлендер по іцхака рабіна стопають пішоходів всіх подрят,1
ТЦК! Зелёный опель зафира( минивен) + мерседес вито темно зелёного цвета + рено кенго желтый. Машины битком людоловы+ менты. Стоят напротив Хмельницкого райотдела. Готовятся к выезду. Выехали!!!,1
Окко объездная мусара и зелень на кофопойле,1
Вокруг староконнрго много пикселей,1
"Вавилова,возле 2 Академиков,сто, блокпост,белый спринтер",1
ОКРУЖНАЯ ТЦК поехали на посёлок Котовского 15.32,1
Новая почта 28 отделение ул.Евгена Чикаленко тцк и тент цепляються к парням,1
"Ленпоселок, Синий т5, 6200, аккуратно, сейчас на остановке переезд, возле АТБ!",1
Таврия Маршал на парковке сбор нацгвардии. Очень много.,1
"ЖМ Радужный, 24 дом со стороны поля где аптека стоят Приус копы.",1
На Успенской- уроженка возле магазина копейка ездят на серебристом кроссовере,1
Синий Вито Він 6585РІ Староконка,1
Пересыпский мост направление в центр тцк выпрыгнули,1
Черная таврия белый вито и ситроэн синий нырнули во дворы,1
Радужный возле АТБ мусора,1
Пересыпский мост opel zafira серая kia carnival проверяют пацанов машина на иностранных номерах,1
Спуск с моста 7км. Эпицентр. Стоят 4 мусора. Тормозят выборочно.,1
"Окко окружная, очень много, сборище пьют кофе",1
Ленпас темно синий микробус Фесенко но объезжает все улицы,1
На посёлок с окружной заехали ТЦК два Мерседеса спринтер серый белый и дача Логан белая троица.,1
"педагогічна 23 стоїть сумнівний бусік,скоріше всього з тцк",1
"По Лидерсовскому, люстра приус поехали на море",1
Радужный внимание в 20.30 заехал белый Вита Mercedes,1
"Генерала Петрова 68, 68/2 Во дворах серый Вито. Сейчас. 21:30",1
Балковская-Бабеля в сторону моста белый мерс бус за остановкой,1
"Радужный,выезд,патруль стопает",1
"Ленпас, по улицам медленно катает белый Рено, в салоне тцк и коп.",1
Стали на островке,1
На генерала Петрова заправка амік.целое кодло шакалов,1
"Радужный, стояли возле точки 30 минут назад, сейчас возможно тоже",1
Зелёный Vito и жёлтый Kang вывернули на генерала Петрова поехали в сторону парка поехали от сибирской,1
"Ленпоселок, Два буса по Обнорского возле 130 поехали грязных темных и сзади полиция акуратно",1
"Радужный, заехала военная газель номера 515",1
Жолио-Кюри 26 опасно.Круги наматывают.,1
"Стоят демоны во дворах, ждут кто будет идти на Фонтанскую дорогу",1
"Радужный. Полиция. Один в машине, второй пошел в сторону футбольного поля.",1
ЖК Атмосфера серый Вито стоит на аварийке.Ребята будьте аккуратнее.,1
Маяк на БП проверка документов,1
"Промышленная-Деревообделочная/переулок в том числе. Даже не пытайтесь туда проехать, только что застрял парнишка кое как выехал, днем вытягивали машины трактором, старайтесь как то объезжать, а лучше если есть возможность не выезжайте вообще, берегите себя",1
"Торговая-Новый рынок, по гражданке,типа спортсмены,выпасают...",1
"Возле Ривьеры-Фонтанка экипаж ментов, дергают каждую",1
Ленпоселок ездят 2 буса Наткнулся на них мужика трусили,1
"Шклярука, возле Больницы белый бус на евро номерах и чёрный Дастер. Дети Проституток напали на парня",1
"Брсм 6 км принималово менты с тцк, прямо на заправке",1
"Радужный,Первый выезд ТЦК. Черный бус",1
"Радужный, старый въезд, пиксельные в черном бусе заехали возле ассорти пресуют мужика, будьте осторожны",1
"Катаются, ищут жертву на убой вместо себя: 7-я степная, 2-я, 3-я, 4-я степная...",1
Киевская трасса. Въезд в город. За заправкой брсм. Стоят нацисты с радаром,1
"Квадрат: Нахимова-Канатная-Греческая-Карантинный спуск, катаются в машинах скорых, 9:27",1
Серый vita и синий джип поехали генерала Петрова 27/4 повернули на 25/3,1
черемушки сидите дома курсирует 3 буса внутри зеленые,1
Черёмушки аккуратно катаются два буса ТЦК,1
"Только что ленпоселок,возле переезда,атб,4 буса+1 синий фиат пирожок,погрузили человека вместе с велосипедом,поехали в сторону биопарка,их человек 15,аккуратно!!!погрузили как скот",1
Генерала петрова ходят по дворам,1
7557 Вито Таврия,1
"Акварель 2 -ТЦК возле мусорки (как идти в Metro),второй бус стоит на въезде возле шлагбаума! Время 13:50",1
генерала Петрова 50 возле подъезда стоял бус ждал желающих автомобилистов,1
В сторону поселка БП стоит на БРСМ,1
"Извиняюсь, в сторону города как ехать с поселка, стоит БП на БРСМ, тормозят выборочно; автобусы не трогают",1
Степная между конечными 3 и 8 белый бус,1
По Ришельевсаоц тце белый мерс вито и хендай н1 черный,1
"ТЦ маяк каждый день есть тцк по гражданке, ходят высматривают.",1
"Копейка ствол,прям перед магазином бус с тцк,синего цвета!!!",1
"Окко объездная на поскот, стоят два буса т5 и вито пьют кофе, будут выезжать",1
От промсвязи поехали в сторону сити-центра,1
"Были замечены 2 буса (синий и серый), возле ТЦ ""Маяк"", уехали очень быстро",1
Теплодар круг мусора,1
Генерала Петрова 40 во дворе (актуально 20:50),1
"Радужный, АТБ, мусора",1
"Ильичевск-заехало много,ездят уже с утра, головы на 360*",1
Выезд на киевскую трассу возле БРСМ стоят менты в обе стороны с радаром,1
Маякская трасса Дальник в сторону маяк полиция напротив стадиона,1
Во круг староконного рынка наматывает круги мерс Вито черный 11:00,1
"Юго-западный масив, жёлтый кадик, сегодня один",1
"Юго-западный масив за сильпо, желтый рено каблук, номера не наши. Бус может быть где-то рядом.",1
"Теплодар не погода,осторожно",1
Дорога на Беляевку (поворот теплодар) БП погранцы,1
Генерала Петрова 54 ездят мусора без люстры медленно,1
"Черемушки, 10 квартал, возле школ катается голубой рено сандеро степвей, пристают к людям.",1
"А то как напишут: ""Жолио-Кюри. едут 2 буса"". В каком направлении едут? Большой вопрос.",1
ЛЕНПАС КОТЕЛЬНАЯ СПРЯТАЛСЯ БУСИК ЗНАМЕНИТЫЙ КРАСНЫЙ,1
Ленпаселок по умова ездят к линии и обратно,1
Ленпаселок ваз гаражи в сторону 45й школы пидарасы вместе с мусаром добрались к мужику. Отпустили поехали в сторону 45й школы. Будьте осторожны,1
Ленпаселок в сторону 45 шлолы,1
Ленпаселок в доль линии поехал красный бус опель. Поехал в сторону переезда. Будьте осторожны. С ними мусар,1
Китайский рынок в сторону города проверяют мужика Аш1,1
"Те которые возле китайского проверяли поехали мимо эпицентре в сторону варуса, два буса один с разбитым стеклом,второй фольц синего цвета,",1
Ленпаселок улица умова два буса гнидоты,1
Эпицентр таирово серый хюндай на парковке,1
Черная Таврия во дворах тцк,1
"Таврия маршал, стоянка много полиции",1
"Генерала Петрова 49/2, дворы за сильпо, опасно.",1
"Гайдара-терешковой, стоит бус с нацгвардией, будьте осторожны, уже минут 10 как припарковались",1
"Инфа по поводу сегодняшнего визита Тцк на люстдорфскую 166/1 (арка), соседи с окон заметили новую тактику: За гаражами бус прячут, выходят по гражданке и смотрят, один сразу им маякует и они мигом подъезжают. Сейчас во дворах стало очень небезопасно. Берегите Себя!",1
"Напротив Издательства, 3 машины ТЦК, уехали в сторону генерала Петрова",1
Красный Хайс на въезд в Радужный,1
"""Сильпо"" - упоротые, может сдать сам магазин.",1
"""ТаврияВ"" - риск ниже(была своя служба доставки, но риск есть.",1
"По поводу доставки на дом. «Сильпо» работает с ТЦК. Муж заказывал доставку — в подъезде уже стояли сотрудники. Курьеры Lokko, с которыми работает «Сильпо», передают информацию.",1
"Ю-З Массив возле Сильпо замечен синий рено сандеро, за рулём тело по форме",1
Юго-Западный Сандеро наматывает круги по району синий 6494,1
"По поводу Сильпо в связке с тцк. Думаю нет, сам сотрудник этой сети. Наших людей эти мрази так же похищают как и остальных. У курьера могла быть бронь или освобождение какое",1
Пересыпь возле арки стоит брошенный Митсубиси Галант серого цвета,1
Генерала Петрова 37 во дворе рено докер и транзит конект полный зелени шманают,1
Ловят генерала Петрова 41,1
Генерала Петрова заправка АМИК 9:41,1
"Генерала Петрова, дворы вокруг сильпо, куралесят 2 каблучка белых, один как грузовой, за рулем обеих в камуфляже сидят, медленно проезжают через дворы, ищут сейчас жертву",1
Генерала петрова 1 возле школы серый вито запаковали парня пытался сбежать,1
Око заправка объездная дорога сели в бусы поедут где-то дальше,1
В чернаморке по тельмана в сторону седьмой чорный вито ездит,1
Ленпаселок поле ухылянты,1
"Лиманка, кадоры у входа в Сильпо тцк",1
Степова / Прохоровська,1
Генерала Петрова тцк заехали во дворы за Сильпо 14:53,1
Одеские традиции на парковке таврия стоит бус серебристый на николаевских номерах внутри военые пока не агресивны а там хз,1
"Ільфа і Петрова тільки що, перед Міксоном в сторону Вільяма, забрали чоловіка чорний т5, може хтось буде шукати людину",1
Окуратно на радужном лындает белая дача,1
8ст люстдорф ровд,1
Маршалл Сити на стоянке пикап на евро,1
Маршалл Сити сбоку от пекарни стоит один в темноте высматривает,1
"Генерала Петрова,серый Митсубиси на иностранных номерах,ето Шыряевские козы,их бус когда-то перевернули на 7-км,они поменяли место дислокации!",1
"Заказал муж доставку Сильпо на вечер и хотел выйти забрать заказ у курьера, но вышла я.",1
Слободка расстреляли бус с тцк,1
"Генерала петрова,напротив магазина мясолюб,люстра пресует водилу",1
Трц Маяк заехал бус фольц мультиван на николаевских номерах,1
Генерала Петрова 50а бус со стороны проезжей части,1
ЛЕНПАСЕЛОК Ваз гаражи в доль линии ездят три бусика Мерседес вито белый чёрный серый. Будьте осторожны,1
Ленпоселок ВАЗ между общагами и гаражами катается три буса нечести. Мерс Фольц и Хюндай.,1
Ленпаселок ваз все кто идёт через гаражи на остовку или по своим делам будьте осторожны стоят гиены на белом вито,1
"Ленпаселок Юхима Фесенка дворы поехал серый хундай в сторону витиранов труда серый хундай, с левой стороны стекло разбито. Будьте осторожны",1
Ленпас со стороны переезда в сторону общаг и овощного помчался серый бус с чертями,1
"Ленпаселок ваз гаражи в доль линии поехал белый исузу или что-то вроде этого, поехал в сторону 45 школы. Серый хундай с разбитым стеклом стоит возле котельной. Облава. Будьте осторожны",1
Авто ВАЗ хюндай заехал опять в гаражи в доль линий Ленпас,1
"Ленпаселок возле 45 школы ездят обосанные, будьте осторожны.",1
"ЛЕНПОСЕЛОК вчера около 14:30 летал маленький дрончик. Район ВАЗ, ОБЩАГИ, И СТАНЦЫЯ ЗАСТАВА 1 ВСЕ УЛИЦЫ",1
ЖК Апельсин! ТЦК осторожно!,1
"Ленпоселок три буса тцк, на против ваза.",1
"Таврия, заезд на монастырь мужской (16ст) фольц т5 хаки на евро номерах, 3 вояки рядом, похожи на тцк",1
"Генерала Петрова боковой выход копейка,за магазином ближе к детсаду грузят молодого парня",1
Петрова. Вход в базар. Стоят мусора,1
Шевченко/Пионерская,1
"Преображенская-гор сад, белый хендай, ориентировочно три рыла одеты по гражданке в черном+балаклавы кого то пробивали",1
"Ахтунг! Черемушки, Дворы 32 школа, Генерала Петрова 27 / 5 серый вито",1
Школьний базар регина,1
Бус Сталкер в сторону Эпицентр,1
По Лунина к Шклярука,1
"Разделились одна группа ходит в доль ДСНС, вторая через дорогу.",1
Пересыпь в сторону поселка серый вито,1
Ленпаселок катаються на белом рено подставляют водителей потом приезжают питушар и крепят,1
6км брсм авария,1
"Новая почта 135. Минут 15 назад на двух бусах затолкали мужчину,был в очках и синяя куртка. Сидите дома!!!",1
"За БРСМ 6км упал столб электролинии на дорогу ( машина в кювете) 0.5 полосы из 4... в одну и другую сторону, движение практически парализовано.",1
Академіка Корольова напротів зупинки Овен чорний віто і каблук повні гіенами вибігли доганяли мужика,1
Жоліо кюрі 60 трое пеших. Поліцейських.,1
Нацыки возле 11 больницы Слободка,1
Остановка Утренний рынок в обе стороны патруль полиции останавливают,1
Белый Вито проезжает Экспострой в сторону центра. Притормаживает и катится перед остановками. 7:06,1
"Пересыпский Мост, на остановке, в сторону Посёлка, стоят куча ТЦк и рядом их бусик с серый",1
Объездная ОКО перед куяльником стоят пьют кофе человек 30 скоро будут ехать на охоту.,1
От 1 мая в сторону Данченко дворами Приус с оборотнями в погонах,1
"Генерала Петрова Сильпо возле табакерки, синий фольцваген бусик тцк",1
Рівьєра светофор круг в сторону Фонтанкі мусора ждут...,1
Проспект Гуляева Эпицентр красный бус стоит ухилянтов.,1
Объездная дорога Камыши экипаж полиции,1
"Генерала Петрова 53. Нет света. Ходит парень, пытается расспрашивать насчёт соседей.",1
"Пересыпь, второй заливной -сахарный, два буса + ходят в этом районе по дворам в гражданском, садомиты",1
"Махачкалинская-Днепро второй раз замечаю белый жук Ниссан. Надпись Уклона. Медленно ездит, крутит башкой во все стороны и что то строчит в телефон, периодически останавливается даже на перекрестках дворовых чтобы поглазеть вокруг и в телефон строчит.",1
4018 т5 поехал по генерала Петрова к 33 школе будьте осторожны,1
Парковка копейка/блеск и ведро ТЦК,1
"Китайский рынок,красный бус трое проверяют мужика",1
Между переездом и БРСМ полиция,1
Окружная где арбузы патрулька стоит,1
"7 я пересыпь, уксус бежевый Опель Зафира, гнались за кем-то",1
заправка паралель 3 буса тцк перед черноморкой,1
‼‼ЧЕРНОМОРКА ‼ Четыре буса! Тварей Тоета Белая Мерседес Вито Белый фольцваген Т 5 Коричневый + Мусора По Переулкам Катаются Всем будьте Окуратны!!!,1
Ленпаселок посадка черти ездят. Будьте осторожны,1
За Сильпо генерала Петрова облава!!!,1
"Довженко-проспект Шевченка, також Романа Кармена",1
7-я пересыпь белый транспортер до переезда остановил парня,1
"25-я Чап.Див. Мерри Берри с патрульки вышел один пиксель, побежал в ст. Копейки, возле тополя в темноте поскользнулся и упал, рядом никого",1
Район Сильпо на Генерала Петрова (53). Заходили в подъезд дома.,1
ТЦК Всторуду епіцентр мерседеа 3103 вілямса,1
ОККО объездная (кладбище) пьют кофе,1
Таврия Монастырь военные на белом т5 8:50,1
"Радужный,мусорской приус поехал на мигалках синих не спеша, упври что-то ищут",1
Генерала Петрова.Сильпо.За библиотекой ТЦК,1
Генерала Петрова возле магазина Виртус бус тук шимят мужика,1
"Вьезд в порт возле моста,",1
"Ребята! Черемушки! Дворы Генерала Петрова 27/5, Рено Кенго белое и Ситроен универсал белый",1
"Черемушки дворы, ездит черная Мазда универсал на бляхе правая дверь другого цвета…всем фарта",1
"Бригадная-Франка белый бус шныряет по дворам и частному сектору, очень внимательно!",1
"Черемушки, Генерала Петрова27/5, дворы, серый вито и приус полиция",1
"Генерала Петрова 27/4, только что проехал серый бус на военных номерах, за ним полиция.",1
Въезд 7км возле домино 3 машины гнались за парнем пешеходом. Он сбежал а тцк поехали в сторону эпицентра. 10:30,1
Возле эпицентра 7км остановка в город и парковка бусики СРОЧНО,1
6км. Напротив эпицентра. Белый тонированый Вито стоит,1
Окко объездная куча их и бусов на заправке,1
"Генуэзская-банкет холл Одесса, проверяли мужчину, отпустили",1
Напротив Ля Сильпо серый вито серый Опель,1
Поехали в сторону жк Атмосфера серый вито серый Опель,1
2 белых каблука поехали на Радужный,1
Въезд в Теплодар на повороте за садами ТЦК!!!!,1
Бурлачья-Балка возле Борея мусора,1
Генерала Петрова детская поликлиника стоят много тцк,1
"Теплодар перекресток пром зона тцк, ПБ",1
Черная Таврия внутри на входе стоит зелёный наблюдает кто зашёл. Аккуратно,1
Маршал сити.второй дом.ходит зелёный.акуратно,1
Бурлачья-Балка возле Борея на остановке стоят мусора,1
"Мужики не ходите по городу,в Ильичёвске катается мерс 3101",1
Ленпас. Переезд синий бус. Едут к ваз.,1
"Теплодар поворот на пром зону тцк и мусора БП, берегите себя!",1
Форд объездная мусора,1
Черёмушки 46 школа (общаги) Синий фольц транспортёр ездит дворами,1
Слободка катается полицай по форме на Подвесах ШКОДА ВН0228СА,1
Окружная/Форд копы с леденцами в ОБЕ стороны тормозят,1
"7 км эпицентр со всех сторон очень осторожно. По базовой, паковка эпицентр",1
"Теплодар поворот на пром зону тцк и мусора БП, берегите себя! На сейчас, уже снялись",1
Пересыпьский мост в сторону поселка ДТП напротив заправки ОККО,1
"Жк Апельсин вдоль дороги трогали мужчину без полиции, а только ТЦКашники. Будьте аккуратны",1
По базовой в сторону эпицентра 3 буса,1
"Данченко, напротив ПУМБ, возле маг. Сусиды- стрёмный пиксель, цинкует по сторонам, что то пишет в телефоне. Уже минут 20-ть.",1
"Генерала петрова 49/2 и дворы за Сильпо, серый бус, за рулем оливка.",1
"Насчёт поста про мужа, которого забрали на Козачества. Вероятно, что повезли в суворовский военкомат",1
"Слободка, возле базарчкика напротив церкви стоит патрулька",1
темно серосиний Фольксваген т6 заехал во дворы генерала петрова 55тцк,1
Тцк 3й хлеб завод. Слободка внимание,1
Киевская из города радар напротив брсм на 16 40,1
Опасно рынок Початок поехали менты....стали у беседки!!! Акт.17.10,1
Район Эпицентр,1
"Окружная АЗС ОККО, стоит патрульная и белый бус. Без Б/поста. Актуально на7:05",1
Генерала Петрова 27/5 белый спринтер тцк!!!,1
Генерала Петрова от 5й поликлиники полетел вито с шакалами,1
7-Фонтана. АТБ парковка. Полиция. 9:00,1
"Черемушки! Генерала Петрова 27/5 дворы, серый Вито черные номера н5",1
Епіцентр тцк,1
Эпицентр остановка возле 7 км опасно 4 буса чуть дальше остановки как ехать в город окуратно!!!!,1
Эпицентр 7 км стояка три буса проверяют доки окуратно,1
Рынок восход подъехали красный хайс и белый,1
Радужный Мусоргской дастер к атб поехал,1
Тоже есть инфа. Генерала петрова 27/5 тоже живет тцк,1
"Маршал сити возле «кормушки» стоит зеленый докладывает что-то по телефону, рассматривает по сторонам, благо мужиков рядом нет",1
"Менты с леденцом, перед заездом на эпицентр, по базовой, от седьмого тормозят",1
"Люстдорф дор 88 стали под Таврией, ждут",1
7 км выезд от эпицентра стоят леденцы,1
"Эпицентр, остановка в сторону 7км два буса один белый vito другой серый т4",1
Сорок вторая пятьдесят первая атмосфера курортный переулок серый джип и зелёный mercedes vito выпрыгивает подбегают к мужикам,1
Ленпас переезд к АТБ прям к входу заехала люстра,1
"Ильич-Александровка,напротив Магазина Алмаз,стоят копы на мешалке кого-то щимят.",1
Радужный напротив АТБ серый Хендай светит фарами на прохожих,1
"Б.Хмельницкого,2 буса красный и черный полный ТЦК, выпрыгивают прямо с машин толпой.Берегите себя",1
"Радужный возле АТБ по среди дороги стоит стремный бус Фольксваген,берегите себя",1
"Объездная ОККО куча зеленых и черных пьют кофе, будьте осторожны!",1
От рынка восход в сторону 25ой поехало три машины.один бус и две легковые типа кенго.полные.все белые,1
Объездная котовка перед спуском к хаджибею мусора нюхачи,1
"Два каблука, поехали за Сильпо которое на петрова, так же рядком, номера гражданские. Ориентир только цвет- белый!",1
"Два каблука, поехали за Сильпо дворами которое на петрова, так же рядком, номера гражданские. Ориентир только цвет- белый!",1
Эпицентр 7 км серый бус ТЦК,1
Генерала Петрова 37/43 тремя машина друг за другом,1
"Жолио рынок Восточный, у дороги стоит пятнистый, возможно ждёт своих, пешком там лучше не маячить",1
"Заехал бус в Радужный, время 8:30",1
Окружная. За кладбищем заправка вог. Внутри автобус с пятнистыми и мусора,1
"По Пионерской к Курортному белый Вито, затемнены,кто не знаю",1
генерала Петрова 50 тцк гнались за парнем,1
"Срочно! Генерала Петрова: 64, 68/2, 56, 58, 52, 54, 50. На районе облава, тцк пешие гонялись за парнем!",1
Ленпаселок ваз гаражи в доль линии черти стоят,1
"Черёмушки, 10 квартал",1
"Генерала Петрова -66-68-70, будьте аккуратно,спрятали машину, ходят пеше по дворам,отбили пацана девушка собакой",1
Новая почта,1
"Генерала Петрова 47, дворы Сильпо Зеленый Вито тцк 10:34",1
Он живет както видел его тцк буз привозил домой за копейкой Акуратно они часто там крутятся,1
Оливки на Вито 6680 катаються по дворам Черёмушки,1
"Слободка, район Ливадной, Базарчик... Белый Вито и белый Кадди. Катаются по району. Еле ушёл",1
ПодСкажите пожалуйста если есть отсрочка отец троих несовершеннолетних детей и если вдруг просто по беспределу не спросят документы загребут в бус что делать дальше?,1
Окружная подъёмно-куяльник не доезжая амика два каблука один литовских номерах один ford с тцк тормознули мужика вдоль дороги будьте аккуратней,1
"1 застава степная, менты остановили чувака на бусе",1
Б Хмельницкого Шана Бон серый бус тцк на обеде,1
Возможно с академии,1
Эпицентр 7км через дорогу за остановкой прячутся и бус темный стоит,1
"Базовая эпицентр, сокар и под мостом два буса тцк",1
"Кадоры, Лиманка 2 буса Тцк у сильпо. Высматривают жертву",1
Арнаутская возле эпицентра стоит бусовский мент,1
Успенскаяна углу успенкго переулка люстра стоит акуратнее,1
Что за пробка на выезде с маяк? Никто не знает?,1
Жолио-Кюри 26 во дворе опасно.,1
7км недоезжая поворота на въезд со стороны эпицентра стала люстра выбежали з жезлом,1
Тецекашніки на Новікова белий бус поїхали в сторону 1застави,1
"Базовая, за Эпицентром в сторону 7 км за светофором полиция. 9.05",1
"Бабадженяна таврия, белый бусик на молдавских номерах",1
"Генерала Петрова, возле кофейни, рядом с Копейкой которая. Трое с ментом. На синей легковушек подъехали",1
Во дворах за Сильпо на Югозападным мерседес Вито на 9.32,1
Зелёный Мерс Вито и жёлтый каблук Рено во дворах за Сильпо на Югозападным разъехались видимо поехали ловить с двух сторон! Очень осторожно в этом районе!!! Сидите не вылазьте!,1
Екатерининская-малая арнаутская только что тцк зараковали мужчину!,1
6км возле Брсм ДТП. Пробка от Ивановского. 10:30,1
Черный бус Фольксваген и белая легковая рено во дворах Генерала Петрова 38/40,1
Пробка возле БРСМ в сторону 7 км. Сильная авария,1
"Слободка, людоловы вокруг базара",1
"Два буса, за восходом в сторону, Генерала Петрова по дворам поехали.",1
"Генерала Петрова 78, зашли в подъезд, стучат в двери",1
"Преображенская-Успенская, три буса с ТЦК",1
Філатова 30 дом во дворах,1
Грязный серый Вито на Пионерскую к 4й,1
"Сильпо на Петрова. Со дворов на улицу выехал белый бус с тварями. За ним синий, скорее всего тоже их",1
Бочки окружная это Где???,1
Ленпас котельная возле линии гребут мужика,1
"Ленпас переезд, на остановке белый бус мерс.. внутри ТЦК... Отъезжает",1
Остановка Ваз. Ленпас. Напротив старой новой почты 15. Пакуют 2 буса. На сейчас,1
Сильпо возле входа!,1
"Не доезжая 7й за заправкой БРСМ,патрулька с ТЦКшником кошмарят водилу грузовика ( походу догоняли с )",1
Эти два буса сейчас на остановке Таврия Сундук с мужиком разговаривают,1
Радужный бус тук второй въезд который около атб сразу возле пиццерии,1
На Радужный по бетонке заехал Дастер полицаев с люстрой. Берегите себя.,1
Люстра заехала на радужный через первый въезд,1
Белый бус одну минуту назад завернул на генерала Петрова 50 проехался вдоль двора и свернул в сторону 68-го дома этот район очень аккуратно,1
Генерала Петрова (за Сельпо лазят двое по гражданке во дворах.. аккуратно 19.15.,1
Ленпоселок катается белый хюндай бутик всем ЗЕЛЕНЫЕ будьте внимательны,1
Каманіна / літературна бус на перехресті,1
Королёва-Архитекторская конечная 148 марш бус нац гвардии,1
Слободка вокруг рынка Приус менты и белый бус круги наматывают,1
"с. Кремидовка, скоро вторая электричка, тцк остались на пероне, мужики поаккуратнее",1
Объездная ОККО сборище уродов пьют кофе! Будьте осторожны!,1
"ТЦК возле Эпицентра, выезд с Акварели 1 и Таировских садов",1
Вся Слободка очень опасно,1
В сторону 25 Чапаевой поехал белый бус в сопровождении черным джипом,1
"Объездная, Генри Форд, менты тормозят в две стороны (ещё делают дорогу в этом участке и тянучка в сторону поселка)",1
Окружная/ Форд копы в обе стороны тормозят,1
"Недельна Таврия на против в хода стоит на аварйках синий бусс, возможно ТЦК на 9:07",1
"Генерала Петрова 44,48. Бус ТЦК верный вито.",1
Степная не доезжая суперного переезда метошка и тцк проверяют документы белый бус фольц,1
Степная не доезжая суперного переезда метошка и тцк проверяют документы белый бус фольгу,1
Внимание! Сразу при выходе с подземки жд вокзал-Куликово поле стоит кодло шакалов- людоловов,1
Генерала Петрова паркдва белый буса,1
"Ленпоселок, Полимер, бус с тцк штормят парней на остановке",1
Радужный!!!!!!! Фрийцы много бе формы,1
Свіже мʼясо Філатова білий Нісан Бусік вийшли більші лупити актуально 10:50,1
"Генерала Петрова 48а, прямо сейчас 11:20 стоят долго маринуют пацана, уже окружили, походу будут паковать, подьехало уже 2 буса.",1
Генерала Петрова 50 два белых буса,1
Генерала Петрова 44 два буса,1
"Генерала Петрова, облавы во дворах в районе 54-й школы. Всё те же 2 буса кружляют без остановки по дворам и дороге в этом квадрате.",1
Маршалл Сити АТБ на входе очень опасно,1
"Ленпоселок, Тцк надежда переезд, бус сталкер",1
Сільпо,1
"2 Наличный переулок/латвийский, Слободка, белый форд транзит тонированый, кто непонятно",1
Ленпас ближе к базарчику катаются ТЦК,1
На массиве возле Сильпо стоит вояка смотрит по сторонам так что будьте внимательны,1
Проспект шевченко (маленькая таврия ) два грязных буса по гражданке выпрыгивают к людям,1
"Окружная пробка на паскот,возле хадж.лимана,походу авария",1
Объездная дамба. Хаджибей. Авария,1
"Пересыпь мост в сторону города серый Опель Вектра и белый Спринтер, проверяют человека, на сейчас.",1
Жолио-Кюри 26 возле копейки опасно.,1
Подъем напротив ля Сильпо между 36 и 26 жемчужиной кошмарят вито и желтый Рено,1
генерала петрова менты с мигалками катаются,1
на поле за маяк а1 припарковался желтый бус,1
"Генерала Петрова 50,50а ходят пеши Патруль 22:33",1
Заднестровскоского ( Ленпоселок) 6 зелёных в полной амуниции савплматами...,1
Окружная Окко собрание,1
Черёмушки 46 школа опасно. Белый каблук,1
"Генерала Петрова, сзади Сильпо. По дворам желтый каблук и черный вито.",1
"Дворы генерала Петрова 45/47 возле Сильпо темно зелёный Вито и жёлтый кенго, промчались за мужиком, не успели, заскочил в парадную.",1
Ленпоселок зеленые на сером Опель виваро катаются,1
Где конкретно на Лен пасе? Ну что за люди такие бестолковые. Ленпас не маленький,1
Шклярука хендай сантафе 7435,1
Дворец культуры стопают у дороги,1
"Данченко, возле соседей",1
10:43 мост пересыпь конечная троллейбуса,1
"Поскот, сірий Тойота Хайс, з Бахмутської дворами поїхав на Заболотну, повний пікселів",1
"Бурлачья-Балка мусора стоят, дорога на Рыбный порт",1
"Альтаир-1, возле 5 секция полиция. На территории.",1
"Теплодар поворот на Беляевку, БП, стоят душегубы, ловят, аккуратно, берегите себя!!!!",1
Тцк катаются по ленпасу.,1
Бп окружная дамба хаджибеевский лиман,1
Окружная блок пост 2 стороны! Полиция и тцк много!!,1
"Окружная вдоль лимана много зелёных, + полиция,блок пост",1
"На парковке Мегадома полиция, проверяет телефон мужчины",1
"За БРСМ в сторону пересыпи, пресуют людей, может будет БП, человек 10-12",1
Еще одна люстра парковка вверху ланжерона,1
15:18 пересыпь возле азс вог чёрный T4 volks,1
"серый т5 и каблук белый, поехали в сторону сильпо 16:30",1
"Экспострой, в сторону Таирова на остановке, стоял грязный белый транзит и что-то типо кенго тоже белый",1
"Ленпоселок,Профилакторий возле остановки Черный Вито (кажется)пытался принять парня,люди помогли +у парня был баллончик,смог убежать.",1
"По поводу этого, не только в общественные места. Пару дней назад стояли возле ворот на одной из улиц ленпаса с частными домами. И появился какой-то мужчина, прошёл чуток дальше, стал и начал по картам что-то там смотреть и увеличивать. Потомто отправим кому-то (это со стороны сразу заметно) и пошёл дальше. Через 2 минуты приехал бус с тцк)",1
"Александрийская, банк Пивденный",1
Таврия мужской монастырь Опель черный легковая машина 9:07,1
Радужный выезд.,1
Остановка Эпицентр 7 км ТЦК,1
"Радужный, на выезде тормозят после Варуса",1
Новікова тецекашніки серий бус поїхали на перон,1
Петровский рынок,1
Ленинградская (кутузакия) напрртив староконного рынка зеленый минбус проверяют доки у человека,1
Преображенская-успенской opel zafira чёрный или тёмно-синий крепили парня демоны уже ездят без полицейских,1
Левітана опасно бус с тцк.,1
"Теплодар, 14 дом, 3 мусора щимят паренька, рядом мусорская машина стоит возле арки с мусором!!! 10:59",1
Генерала Петрова напротив парка возле Копейки красный бус тцк,1
"В сторону Авангарда, новая почта полиция, будьте осторожны.",1
Белый хендай поехал в сторону 25-чап. Полный тцк,1
Радужный ТЦК будьте внимательны!,1
"От Пересыпского моста на Балковскую, напротив БРСМ, стоят тцк вдоль дороги, тормозят машины",1
Ленпаселок Юхима Фесенка гаражи возле магазина стоит подозрительный бус фольксваген,1
Два буса на рынок Черёмушки заехали с стороны барахолки,1
"Хлебодарском на заправке нова почта, в кассе минимаркета вояки",1
Рачковая1 на против мойки тцк на крамном вито,1
Эпицентр серый бус,1
"7-я пересыпская,*Уксус"",возле мойки ТЦК",1
За мостом пересыпь две машины полиции останавливают,1
Жолио-Кюри 26 серый бус грязный опасно.,1
7км ёлки вьезд в рынок мусора на дастере тормозят,1
"Брсм, в сторону Одессы, как ехать от паромки к Таирово, стоит экипаж, стопают выборочно",1
"Маршал Сити за АТБ стоит полиция, останавливает по направлению в город",1
Александровка возле Ильичёвска,1
"Радужный, замечено три Сталкера! Один как обычно на парковке у ведра стоит, двое других друг за другом проехали по центральной радужного в сторону Варуса. Оба не тонированные, по 2 тела в каждом по граждане",1
Пересыпский мост белый бус в сторону города трусят пацана,1
"3 хлебзавод Слободка, стоит возле входа белое Рено. Осторожно",1
Маршал сити в город полиция стопает,1
"Березовка, это треш вторая неделя подряд рейды копов с не местными тцк продолжаются, мужики не попадайтесь если не хотите поехать умирать за потужного зелю",1
На заправкі окко окружная.ілі де.,1
Ментовка 1-й заливной в сторону поселка пьют кофе толпой. Возможен б/п,1
"Мол. Гвардия кемпинг парковка АТБ со стороны почтомата новая почта, белый пикап с турелью, внимание!!!",1
"Теплодар, возле укрпочты стоит огромный бус ментовский + машина шкода черная с военным, тцк ли это хз, но лучше обходить",1
"Радужный 24 высадились возле копейки,затарились в магазине,вроде никого не трогают,но будьте осторожны...",1
По Ришельевмкой поехала серая тойота хайс,1
"Напротив Эпицентра патруль заправка ВОГ, пока сидели в машине",1
Генерала Петрова 33 поехали два грязных буса по дворам,1
Таврия маршал на чёрном вито опасно,1
Объездная хаджибея перед подьемом латовка розлаживают пост,1
Окружная дамба БлокПост в обе стороны ближе к латовке,1
"Окружная, спуск к Хаджибею с Межлиманья (Котовки ), БП с 2х сторон.",1
"На Авдеева-Черноморского частный сектор ездит два Буса, оба в болоте. ВН 7889",1
"Окружная, спуск к Хаджибею с Межлиманья (Котовки), обе стороны тормозят вояки",1
Ленпаселок по пасадке белый нисан пикап номера незапомнил тцк,1
До моста пересыпь пробка от вога,1
"Генерала Петрова 48, 50, заехал во дворы белый тонированный бусик. Не знаю тцк это или нет, но будьте предельно внимательны.",1
"Будьте внимательны, предатели народа полюбили частенько заезжать на парковку ЛеСильпо этого КадоррМолл",1
ТЦК сортіровочная,1
"Окружная подьем на авторынок, черный джип гоняется за велосипедистом",1
"Окружная, Шевченко АЗС ОККО много падонков. Без Б/поста. Актуально на 7:09",1
Жолио-Кюри 26 два белых каблука на чёрных номерах.,1
Генерала Петрова заправка Амик 2 машины пьют кофе,1
"Черёмушки 46 школа два дыбила по гражданке с сумочками через плечо. Хотели тормознуть парня, но его питбуль дал понять что пойдут в след за фарион",1
Стоит люстра возле аптеки анц,1
Ленпоселок новая почта,1
Ленпоселок новая почта 15 отделение,1
"Перед брсм полиция без люстры, пока никого не тормозят!",1
"Ленпоселок,Бородинская,красный бусик, остановили парня.",1
7км между бп и светофором на въезд на рынок стали с радаром в сторону города,1
Черёмушки осторожно!,1
Генерала Петрова возле исполнительной службы два буса. Будьте осторожны,1
Ленпаселок умова поддоны черный джип с ТЦК,1
Театральный/Ланжероновская-дополнение!!!,1
Перед переездом как ехать с Куяльника Ряженые и мусор пьют кофе,1
Оперный-ТЦК,1
Відʼїхали з Радісної в сторону Філатова.З ними в парі синій бус,1
Новікова тецекашніки бус белий с жолтой полосой стоять на перекрьосткі,1
Жолио-кюри между домами 64-60 возле магазина ТЦК упаковали парня.,1
Что за пробка Куяльнике?,1
Ленпосёлок ваз тцк белый бус мерседес 2,1
Генерала Петрова 27/5 тцк возле 2 парадной,1
Срочно Генерала Петрова 27/5 тцк возле 2 парадной актуально,1
"Доброе утро, бус с полицией ном 1991 заехал в Акварель возле ТЦ маяк",1
Экспострой. Парковка Инфомир. Два буса ТЦк,1
Хюндай бус с разбитым задним стеклом от ивановского к бетонке едит (Орион),1
В сторону маяк очень много полиции останавливают практически всех,1
"Слободка,3ий хлебзавод стоят полицаи",1
"Генерала петрова, 4 буса в сторону заправки амик, кошмарят вдоль тротуара",1
Радужный 17 дом белый хюндай внутри тцк,1
Эпицентр 7км за остановкой стоит черный бус,1
"черемушки вокруг 69й школы была замечена люстра, прям несется",1
Ленпаселок умова поддоны рено кенго серое внутри тцк,1
Вільямса 85 пункт обогрева неподалеку опель випаровування на военных номерах в засаде,1
Привоз-Паркинг!!!Даже в метель не дают покоя!!!,1
Ленпосёлок Юхима Фесенка два буса осторожно,1
Ленпосёлок Юхима Фесенка два буса осторожно пацаны мужики,1
Мы как раз хотели пойти в те края,1
"Ты сказал нам,а мы сказали пацанам которые тоже хотели идти в те края",1
"По Пионерской к 4й,",1
"Доброе утро. Объездная дорога с поселка посыпана, транспорта мало, можно ехать.",1
"Маршал, перекресток, регулировщик",1
Ленпосёлок тцк аккуратно,1
"Маршал поворот на кладбище менты, останавливают",1
Объездная ОККО на заправке много. БП еще нет,1
"Объездная дорога, возле лимана, поворот на Нати",1
Бус Т5 с 25й поехал в сторону Восхода,1
Эфимова копейка.полицыя,1
"Срочно.Запрпвка Амик Генерала Петрова 65,людоловы",1
Верхняя Таврия и артвиль,1
Полиция по‍каманина,1
"Генерала Петрова 44,48 бус тцк",1
"Дом Мебели-угол Радостной-ТЦК, вышли с буса время 13.59",1
Малиновского-Рекордная-Ефимова,1
"Ленпоселок,ул.Профилакторий возле остановки стоит синий Санг Енг,за рулем додик пиксельный,пасет обстановку.Всем благ.",1
Три полицейского идут в сторону клубничного переулка фонтанчика дорога 49/1,1
"Заблокировали Хонда которая кроссовер шла на китайский рынок, честно модель не знаю, что-то на три буквы",1
Жолио-Кюри 26 белый каблук и серый бус.,1
Привокзальная напротив входа в жд. 3 зеленых окружили одного гражданского/черного. Аккуратно....,1
Пеший патруль чёрная таврия,1
Маршал сити на против атб на бордюре стоит полиция с мигалками,1
Окружная Окко куча заднеприводных возможно будет блок пост,1
"ОККО на окружной у Куяльника пьют кофе, много",1
Жолио-Кюри 26 каблук и бус.,1
Черёмушки 46 школа синий пирожок в сторону 32 школы круги нарезают,1
Черёмушки 46 школа Форд белый каблук с проклятыми в сторону 32 школы и дальше дворами.,1
"Ленпас новый АТБ.. на парковку заехала люстра.. может за кофе, а может..",1
Ленпас АТБ люстра уезжает в сторону ваза),1
"Черёмушки. Новый автомобиль. Номера белые но не наши, тонирован!",1
Генерала Петрова 53 район Сильпо синий Сандеро и бус 8:40,1
"Черемушки! Генерала Петрова 27/5, дворы, стадион, серый н1 и белый ситроен, полные зеленых",1
"Генерала Петрова возле детской 5 поликлиники на зеленом мерседес принтер прессуют парня, парень сидит в машине",1
Киевская трасса при въезде в Одессу БРСМ за контейнеровозом стоят два патруля с феном,1
Слободка бывшая Сухонная Фабрика Тцк пакуют!,1
Экспострой ходят менты цинкуют кого-то,1
При въезде в город по киевской трассе стали с феном за брсм,1
"Пересыпьский мост белый Вито упаковали парня,0605",1
Окружная блок пост камыши 12.35,1
"Окружная камыши, стоят без ментов 12.40",1
"Про спринтер который был в кадоррах,это про какие кадорры? У нас их несколько...",1
Линия 13 трамвая. Мини Таврия В. Сзади спрятался серый ВИТО.,1
Радужный Мусорской Новый бус Логан от НАТО в доль поля,1
Между Фонтанной иАлександровка в поле стояк копы!!!,1
Радужный всегда уже опасно,1
"Серый бус с тцка, заехали во дворы возле 53 лицея напротив сильпо",1
Генерала Петрова 38-40 серый Хюндай!!!на 14:09,1
Опель зефира серого цвета поехал 14 номеру 25 Чапаевской номера не наши,1
"Эпицентр 7КМ, напротив него за остановкой в направлении Овидиополя спрятался Т4 темного цвета.",1
Патрульная заехала на радужный,1
Черный.бус поехал по Люстдорфсой в сторону круга,1
"Мимо бастмы, к 9 станции люстдорф",1
"Заехал затонирован белый бус, поехал в сторону Мусорки ближе Арт-Шату. 16:09",1
В Таврию Маршал зашли 3 оливы,1
"Ленинградская, новая почта.",1
Днепропетровская 68 во дворе тцк белый бусик мерс вито пробили колесо меняют прямо во дворе и шуршат двор,1
Блокпост Станция студенческая не доезжая отель Чёрное море Бугаз,1
"Генерала петрова, возле поликлиники детской проверяют мужика т4 тёмный",1
Радужный варус люстра тормознула машину,1
"Инто-Сана напротив Сусіди, темно синий бус, сидят в машине",1
Шклярука 8 во дворе Приус на аварийке,1
Возле ёлочек при въезде на базар 7км милиция проверяет выборочно,1
"Генерала Петрова за сильпо на остановке 2 машины и куча петухов проверяли доки у парня,8.23",1
7 км съезд с моста к эпицентру сразу стоят леденцы,1
"Генерала Петрова 27/5 и дворы, синий транспортер медленно номера вн",1
8.50 окко окружная кофе тайм..очень много зелёных,1
"Эпицентр (7км), Сокар, съезд на треугольнике полиция. Стопают выборочно 9.08",1
Между эпицентром и сокаром на 7км так и стоят мусора стопают,1
Юго-западный масив за сильпо,1
Аэропортная роща и городок выгрузилась15 человек и пошли по даром,1
3746 чёрный вито эпицентр,1
Маленькая Таврия,1
"Белый вито заезжает на боковую парковку эпицентр, внутри вояки",1
Эпицентр таирово на лиманке белий Мерседес Вито и Ситроен легковая ловят,1
Теплодар менты с зелёными по дворам ездят,1
Максимальная опасность кордонная-Ивановский мост!,1
7 кл в сторону города перед Эпицентром 3 патрульные машины прессуют Nissan Leaf. Не понятно но в одного в руках был планшет,1
Нати базар ТЦК,1
"Радужный, белый хайс нн1160 в сторону конечной 145ой",1
Теплодар ходят тцк,1
Скай сити возле мусорных бус тцк,1
ЖК Радужный 2 буса.,1
7 небо-дикие выскакивают на ходу.Именно шакалы.Друг за другом ездят.Помогайте друг другу жители!!!,1
"Курортный -жк атмосфера, перекрили дорогу пидоры, на белом бусе, 2 стоят на дороге",1
"7 небо-возле старой таврии оказывается две машины мусоров,1 машина охраны и видно в этой движухе чёрта по форме зелёной среди ментов",1
Генерала Петрова 23/3 23/1 серый хюндай и черный сзади. Забит тцк.,1
7-я пересыпьская район ветлечебницы бусик тцк.,1
"Черемушки, 32 школа-10 квартал, черный грязный фольц т4",1
Люстра на радужный заехала со стороны варуса,1
"Черёмушки. Новые, именно новые бусы 2024-2025 г/в. Чистые. Ездят в паре. Мерс и фольц.",1
"Добрый вечер ребята)) ленпаспок, улица иагистральная будьте осторожно ТЦК белый мерседес вито катаются",1
По Черёмушки и Таирова много патрулей ездит,1
Менты стоят в дворах Маршал Сити,1
Юго-Западный заехал Хайс красный 4945,1
8.33 Одесса-Поездная 5 крыс пьют кофе возле магазинчика,1
ОККО объездная на заправке очень много,1
"Данченко 3в. У подъезда полиция, рено-дастер. Ждут.",1
Данченко 3в. У подъезда стоял рено-дастер. Снялись.,1
2 буса синий Volkswagen t5 и белый Рено 10:10 в сторону Таврии маршал едят медленно высматривают,1
Объездная перед трубой менты тормозят в две стороны,1
Рынок Початок серебристый вито с взбитыми окном полный зелёных!,1
"Окружная, Генри Форд, 2 экипаж полиции,тормозят выборочно в 2 стороны",1
Ленпаселок крайняя-магистральная белый трафик рыл 10 опасно,1
Объездная менты,1
Балкарская угол ольгиевского спуска на остановке как на пересыпь ехать пристали к мужикам,1
"Добрый день ребята! Ленпоселок катаются людоеды, поехали сторону 1 - заставы",1
Сухий лиман за брсм мінти стопають,1
Жолио-Кюри 26 во дворе тцк.,1
Ленпосёлок Осторожно стоят в поле уже минут 20,1
"Маяцкая трасса в сторону Маяк,блокпост - полицаи. Останавливают.",1
Пеший патруль полиции со стороны ситицентра перезалил дорогу,1
"Ленпоселок,будьте осторожны,помимо этого ещё 2 серых буса катаются по всему Ленпасу",1
"Вильямса-Бар привал возле палатки и через дорогу со стороны атб,пеший потруль лазит будьте осторожны",1
Базовая за эпицентр тцк,1
"Таврия маршал, проехал темный фольц в сторону эпицентра.",1
"Пересыпь мост, с посёлка, белый Вито кошмарят мужика на остановке",1
Рынок Початок серебристый т5 с петухами щимят людей очень будьте аккуратны,1
"За 7 Пересыпь, в сторону города будет БП",1
Ленпосёлок базарчик кладбище серая соната и чёрный т4 забрали парня видимо не шёл с магазина продукты два пакета остались на осфальте разбросаны 16:45,1
"Генерала петрова Сильпо, на парковке куча мусоров трусят людей!",1
Объездная БП Дамба Хаджибея. Только что встали в обе стороны,1
важно нужна инфо по этому сообщению https://t.me/c/2050105527/386072 -они заходили в рынок или за его территорией?,1
"7 км эпицентр на парковке ближе к выездам 2 машины тцк,легковая и бус,много,стоят беседуют",1
Эпицентр на 7-км уйма на парковке,1
генерала петрова улица менты с мигалками поехали,1
"Окко на 25й, на заправке серый т5 и за ним Ниссан Урван",1
"Ситицентр таирово,дтп со скорой в сторону радужного",1
Базовая новая почта,1
"Каролино-Бугаз гостиница ""чёрное море"" стоит люстра",1
"07.06. Парковка Сити-центра Таирова. Прямо возле светофоров на перекрёстке. Два чучела, предатели украинского народа (мент и пятнистый), оба в защитных жилетках, пьют кофе. Возле двух гражданских машин (одна из них ДЭУ). По-ходу ждут других яйцеголовых и будут выезжать на охоту.",1
"Поселок эпицентр, серый вито и желтый каблук поехали в строну холодильников!",1
Малодолинская набережная белый ford transit поехал,1
Ясная м где компот катается серый аутлендер вн3808 внутри бандеровцы,1
Епіцентр возле 7 км патрулька стоит на люстре,1
Тцк или нет поликлиника 29 0800 н 5 бусик,1
"Лен Пас,ул братський переулок,магістральна,джип хундай туксон чорний,тецека три здорових дятла менут 5 назад хотели запаковать задули газом глаза, будьте осторожни.",1
Гастелло между школой и складом Таврия тук и полиция прессуют парння,1
"Киевский ТЦК постит слова командира батальона ""Братство"" ""Боргезе"":",1
Бурлачья-Балка 2 буса ТЦК лазят(ездят) по улицам,1
Скай сити!Серый Фольц!!!,1
Инглезі 1/1 возле Мерри Берри,1
Паустовского-Днепро ДТП,1
Сірий нісан з чорними номерами на Ленпоселок. До переїзду,1
"магістральна лен Пас ближе до надежди,зельоний бус тцк,акуратно.",1
"Окружная ОККО кладбище в обе стороны блок пост, срочно",1
Киевская радар перед брсм 2 экипажа удмуртов на 16 25,1
Бус ТЦК Леветана-Ильфа Петрова,1
"Киевская / въезд в город, сразу черти стоят с радаром, перед заправкой брсм",1
"Только что проезжал возле староконного рынка, мужика вытащили с машины и упаковали, люди начали заступаться, но отбить не удалось..",1
"м Арнаутская - Александр не понятный движ две машины полиции в переди машина обычная похоже на ДТП, шо то ждут",1
Ленпосёлок мусора катаются,1
"Бус полицейских, за ним обычный бус катаются вокруг сильпо ( в каддорах на архитектурской)",1
От Генерала Петрова белый бус мерс за ним какой-то тёмный Дастер медленно В сторону 25-ой,1
"Объездная ОККО кофе пьют, возможно будет БП",1
Окружная(Хаджибеевская дамба) стоят мусора со стороны 20-ой линии. Останавливают всех.,1
"Эпицентр, 1 ворота, со стороны моста, леденцы.08:34",1
Какой именно эпицентр?,1
"Эпицентр 7 км, 1 ворота, со стороны моста, леденцы.",1
"Объездная, Генри Форд, стали менты, нюхают выборочно",1
Александровка возле Ильичёвска возле поликлиники,1
"Объездная, поворот на Хаджибеевскую дамбу. Менты с обоих сторон останавливают.",1
Дамба окружная всех тормозят проверка документов,1
"ул. Привозная, несколько экипажей легавых",1
Рынок Анжелика лазят,1
Генуэская старая таврия на парковке какой-то движ много в форме в масках в бронниках шианают тачку,1
5 пиксельных запшикали газом парня и увезли. Слободка,1
Объездная дорога Генри форд заправка попрошайки целое стадо,1
Днепропетровская 72 водворе тцк машина стоит возле 6 парадной ходят по парадный зашли в 5,1
Линия 13го трамвая-2 буса поехали в сторону Ситицентра.,1
"На Киевской трассе, после маленького моста не доезжая БРСМ в сторону города,стоит патрулька, останавливает выборочно, может за фары или скорость незнаю",1
Радужный у таврии 3 человека,1
Где в Радужном Таврия? Конкретнее,1
"Таврия Сундук. Эти же 3 на парковке за таврией, 1 из них переоделся в гражданку.",1
Эпицентр 7км на парковке т5 внутри зелёные окуратно ближе к выезду на остновку,1
Объездная напротив 50 линии блокпост( возле кладбища ),1
"Ленпосёлок, Застава 1, 1я Станционная, белый бус сТЦКуны. Каждому сТЦКливому петуху по перу в очко.",1
Объездная дорога кладбище Шевченко блок пост,1
Эпицентр 7км сразу возле ворот от остановки бус серый,1
Блокпост объездная кладбище корсунци,1
Копейка. Серый Вито с убогими. Аккуратно на районе,1
"Объездная поворот на нати, светофор, полиция",1
Генерала Петрова 27/5 3 буса тцк,1
Срочно Генерала Петрова 27/5 3 буса тцк,1
И при выезде с Дальника( в сторону Маяк) тоже партулька,1
Черемушки предельно аккуратно всем. Особенно дворы. Передвигаемся толпами и баллоны под рукой. Голова на все 360 градусов крутится должна,1
Фашисты напротив сильпо (стоянка),1
Те что были напротив сильпо поехали в сторону сундука,1
"Теплодар,менты и зеленые",1
На сейчас теплодар курсируют звери,1
"Пересыпь, машиностроительный завод в сторону Поскота, блок пост",1
"08:45 Альтаир-1 три микроавтобуса, ездят друг за другом, (не один раз замечаны) нарезают круги!",1
"Это две из трех машин ТЦК, которые курсируют вокруг Альтаира-1",1
По Жолио-Кюри поехал,1
Радужный дом 15 припарковались мусора,1
"Радужный, выехал поцик в военной форме на мопеде с зелёными перчатками",1
"В Теплодаре ТЦК и полиция белый бус, по гражданке, возле точки сейчас!",1
На радужный заехала патрулька на мигалках,1
Бочарова-Восточная-Жюлио Кюрри ездит зеленая Дэо на польских номерах,1
Таврия маршал.на парковке два буса проверяли прохожего.10 минут назад.,1
Парковка таировского эпицентра. Около менял черная дэу леганза на бляхах.,1
Ленпосёлок 45 школамусора стоить осторожно,1
По Теплодару катается полиция,1
"Генерала Петрова 48а, заехала сначала патрулька мусоров, а за ней следом белый тонированый бусик. Заехали во дворы в сторону 54 школы. Будьте аккуратнее.",1
"Черемушки! 32 школа, стадион, синий дастер катается",1
Ленпосёлок 45 школа мусора стоить осторожно,1
Жд больница на Шклярука,1
Ребята аккуратно раён Черёмушки.,1
"Черёмушки район 46 школы по парадным ходят ищут (стучат в двери), по гражданке по два рыла минимум. Берегите себя,не открывайте никому",1
"Теплодар, два экипажа и серый бусик.",1
"2-й заезд на Радужный, 2 буса форд длинный и Т5 белые!",1
"Серебристый vita, белый hyundai и чёрный vita, проехали возле ильфа-петрова 31/29 в сторону 55-й школы, запаковали по дороге пацана, выскочили человек 10.",1
"Черёмушки район 32 /школы 46 школы. Менты бегали за женщиной. Приняли, посадили в машину, увезли куда то",1
"7-я пересыпская, в сторону поселка. 2 буса крепят мужика.",1
Дтп КосмонавтовФилатова,1
Терешкова-Гайдара-Малиновского,1
Булача балка БРСМ менты стоят на заправке,1
Новікова тецекашніки на полянке стоят це може бути в сторону пірену 18.55,1
сейчас тцк ломяться во двора на ленпасе переезд улица библиотечная,1
Радужный 16 - поквартирный обход.,1
Жолио-Кюри 26 охотятся,1
"Жолио-Кюри 26 на углу стали и проверяют всех, идущих на электричку",1
"Окружная ОККО много, пока только кофейничают.",1
"Напротив ситицентра таирово мерседес спринтер черный, пристали к парню",1
Экспострой 13 линия трамвая белый hiace гоняет,1
"ТЦКашники, Черёмушки, белый бус, номера разные впереди 1084",1
Заехало три буса Генерала петрова 27,1
Эпицентр таирово 4 буса пресуют людей возле убежища,1
"Ленпаселок ходят по дворам,будете внимательны,закрывай есть.",1
Ленпосёлок ходят по дворам тцк осторожно,1
Рынок Початок опасно,1
"Слободка, онкобольница 2 буса тцк, на 12:32.",1
Академія Королевадтп возлемрэо будетпробка,1
"Окружная, как выезжать с Куяльника в сторону Поскоте много ТЦК",1
Ленпас черный вито мерс котельная и прилегающие улицы тцк,1
Ленпас поехал вдоль линии к посадке,1
"Киевское шоссе, БРСМ, мусора спрятались между бензовозами с радаром! Не нарушайте!",1
"Ленпас Вот этот бусик курсирует уже не один час по району,",1
"Только что, 14:35 со стоянки Сильпо, поехали во двори за Сильпо. Синий и белый бус, + легковушка.",1
"ОККО окружная с посёлка в две стороны БП,без ментов",1
Киевская возле лесенки Брсм радар в сторону города,1
Окко перед Куяльником бп,1
Окко окружная срочно бп,1
Окружная ОККО БП с мусорами,1
"Пересыпь, Т5 синего цвета, шакалы сели в авто",1
"7 пересыпь вдоль железки красный хайс стоит не доезжая метало приёмки, в доль линии. Туда же поехала полицыя",1
Старобазарный парк,1
Магазин THRASH на Малиновского- 2 патрульки на мигалках у обочины,1
Киевская радар на брсм на 1625,1
Юго-Западный вокруг Сильпо ездят черти белый т5 и каблук,1
"Окко окружная, выдвинулись в сторону куяльника белый вито и серый т5",1
Поехал к данченко,1
Ленпаселок чёрный мерседес вито по району будьте осторожны,1
Академическа/курортный менты,1
Дворами в сторону генерала Петрова,1
Эпицентр поселок на парковке менты,1
Аккуратно Белый Хюндай ВЕ номера катается от БРСМ ТОТУС,1
Сильпо и вокруг кружляет два буса. Фольц темно синий и Ниссан урван белый,1
На против входа Таврия Недельна третья Красный бусс Тайота хайс на 9:40.,1
6 км эпицентр за остановкой как из города ехать обычно сидят в засаде на сером т5,1
Ленпаселок умова возле линии,1
Радужный ТЦК пошли по парадным в 12 дом,1
Серый Hyundai номер НН 36 32. Повернул на фонтанскую в сторону 5ой,1
"Таврия Маршал, возле мойки, ближе к Электронмаш 3 буса.",1
Генерала Петрова за сильпо,1
2 машины тцк сильпо генерала петрова,1
"Генерала Петрова,за Сильпо. Можно пж. Уточнить,кто и в какую сторону?",1
Перед сильпо со стороны сильпо а не атб есть поворот во дворы,1
